DATE,CONTRACT,SIDE,SIGNAL_TS,ACTIVATION_TS,ENTRY_TS,ENTRY_BID,ENTRY_ASK,ENTRY_SPREAD,ENTRY,STOP,ATR,Z,EXPLAIN,EXIT_TS,EXIT_BID,EXIT_ASK,EXIT_SPREAD,EXIT_REASON,EXIT,PNL_BASE_PTS,PNL_CONSERVATIVE_PTS,PNL_STRESS_PTS,ENTRY_BASE,ENTRY_CONSERVATIVE,ENTRY_STRESS,EXIT_BASE,EXIT_CONSERVATIVE,EXIT_STRESS
2020-02-04,NQH0,LONG,2020-02-04 14:35:00+00:00,2020-02-04 14:40:00+00:00,2020-02-04 14:40:00+00:00,9229.0,9229.25,0.25,"{'BASE': 9229.25, 'CONSERVATIVE': 9229.5, 'STRESS': 9229.75}",9227.0,113.64285714285714,1.9329562013048838,"O01 LONG entry 9229.25, stop 9227.00, chandelier 9246.11, exit 9340.75 (EOD); paper PnL BASE +110.50 pts",2020-02-04 21:00:00+00:00,9340.75,9340.75,0.0,EOD,"{'BASE': 9340.75, 'CONSERVATIVE': 9340.5, 'STRESS': 9340.25}",110.5,110.0,109.5,9229.25,9229.5,9229.75,9340.75,9340.5,9340.25
2020-02-05,NQH0,LONG,2020-02-05 14:35:00+00:00,2020-02-05 14:40:00+00:00,2020-02-05 14:40:00+00:00,9397.75,9398.0,0.25,"{'BASE': 9398.0, 'CONSERVATIVE': 9398.25, 'STRESS': 9398.5}",9397.5,123.55357142857143,1.4861693192898167,"O01 LONG entry 9398.00, stop 9397.50, chandelier n/a, exit 9397.25 (STOP); paper PnL BASE -1.75 pts",2020-02-05 14:40:01+00:00,9397.25,9397.75,0.5,STOP,"{'BASE': 9397.25, 'CONSERVATIVE': 9397.0, 'STRESS': 9396.75}",-1.75,-2.25,-2.75,9398.0,9398.25,9398.5,9397.25,9397.0,9396.75
2020-02-13,NQH0,SHORT,2020-02-13 14:35:00+00:00,2020-02-13 14:40:00+00:00,2020-02-13 14:40:00+00:00,9567.25,9567.5,0.25,"{'BASE': 9567.25, 'CONSERVATIVE': 9567.0, 'STRESS': 9566.75}",9578.75,144.66071428571428,-1.198390780858311,"O01 SHORT entry 9567.25, stop 9578.75, chandelier 9708.91, exit 9578.75 (STOP); paper PnL BASE -12.50 pts",2020-02-13 14:45:34+00:00,9578.5,9578.75,0.25,STOP,"{'BASE': 9578.75, 'CONSERVATIVE': 9579.0, 'STRESS': 9579.25}",-12.5,-13.0,-13.5,9567.25,9567.0,9566.75,9578.75,9579.0,9579.25
2020-02-24,NQH0,SHORT,2020-02-24 14:35:00+00:00,2020-02-24 14:40:00+00:00,2020-02-24 14:40:00+00:00,9164.0,9164.5,0.5,"{'BASE': 9164.0, 'CONSERVATIVE': 9163.75, 'STRESS': 9163.5}",9174.0,122.60714285714286,-4.531452370613547,"O01 SHORT entry 9164.00, stop 9174.00, chandelier n/a, exit 9174.50 (STOP); paper PnL BASE -11.50 pts",2020-02-24 14:44:53+00:00,9174.25,9174.5,0.25,STOP,"{'BASE': 9174.5, 'CONSERVATIVE': 9174.75, 'STRESS': 9175.0}",-11.5,-12.0,-12.5,9164.0,9163.75,9163.5,9174.5,9174.75,9175.0
2020-03-04,NQH0,LONG,2020-03-04 14:35:00+00:00,2020-03-04 14:40:00+00:00,2020-03-04 14:40:00+00:00,8701.25,8701.75,0.5,"{'BASE': 8701.75, 'CONSERVATIVE': 8702.0, 'STRESS': 8702.25}",8687.0,257.14285714285717,1.5136741432984697,"O01 LONG entry 8701.75, stop 8687.00, chandelier 8471.86, exit 8686.75 (STOP); paper PnL BASE -16.00 pts",2020-03-04 14:53:52+00:00,8686.75,8687.5,0.75,STOP,"{'BASE': 8686.75, 'CONSERVATIVE': 8686.5, 'STRESS': 8686.25}",-16.0,-16.5,-17.0,8701.75,8702.0,8702.25,8686.75,8686.5,8686.25
2020-03-05,NQH0,SHORT,2020-03-05 14:35:00+00:00,2020-03-05 14:40:00+00:00,2020-03-05 14:40:00+00:00,8769.0,8769.5,0.5,"{'BASE': 8769.0, 'CONSERVATIVE': 8768.75, 'STRESS': 8768.5}",8781.75,274.92857142857144,-1.6266727524105495,"O01 SHORT entry 8769.00, stop 8781.75, chandelier 8981.18, exit 8781.75 (STOP); paper PnL BASE -13.75 pts",2020-03-05 15:18:19+00:00,8781.25,8781.75,0.5,STOP,"{'BASE': 8781.75, 'CONSERVATIVE': 8782.0, 'STRESS': 8782.25}",-13.75,-14.25,-14.75,8769.0,8768.75,8768.5,8781.75,8782.0,8782.25
2020-03-10,NQH0,LONG,2020-03-10 13:35:00+00:00,2020-03-10 13:40:00+00:00,2020-03-10 13:40:00+00:00,8169.75,8170.25,0.5,"{'BASE': 8170.25, 'CONSERVATIVE': 8170.5, 'STRESS': 8170.75}",8156.25,361.4107142857143,2.259028376589816,"O01 LONG entry 8170.25, stop 8156.25, chandelier n/a, exit 8154.75 (STOP); paper PnL BASE -16.50 pts",2020-03-10 13:40:20+00:00,8154.75,8155.25,0.5,STOP,"{'BASE': 8154.75, 'CONSERVATIVE': 8154.5, 'STRESS': 8154.25}",-16.5,-17.0,-17.5,8170.25,8170.5,8170.75,8154.75,8154.5,8154.25
2020-03-13,NQH0,LONG,2020-03-13 13:35:00+00:00,2020-03-13 13:40:00+00:00,2020-03-13 13:40:00+00:00,7569.25,7570.5,1.25,"{'BASE': 7570.5, 'CONSERVATIVE': 7570.75, 'STRESS': 7571.0}",7569.0,440.875,2.697917815828706,"O01 LONG entry 7570.50, stop 7569.00, chandelier n/a, exit 7568.50 (STOP); paper PnL BASE -3.00 pts",2020-03-13 13:40:01+00:00,7568.5,7571.0,2.5,STOP,"{'BASE': 7568.5, 'CONSERVATIVE': 7568.25, 'STRESS': 7568.0}",-3.0,-3.5,-4.0,7570.5,7570.75,7571.0,7568.5,7568.25,7568.0
2020-03-18,NQM0,SHORT,2020-03-18 13:35:00+00:00,2020-03-18 13:40:00+00:00,2020-03-18 13:40:00+00:00,7106.5,7108.75,2.25,"{'BASE': 7106.5, 'CONSERVATIVE': 7106.25, 'STRESS': 7106.0}",7183.75,534.8571428571429,-1.5705917313492062,"O01 SHORT entry 7106.50, stop 7183.75, chandelier 7619.36, exit 7188.00 (STOP); paper PnL BASE -82.50 pts",2020-03-18 13:53:30+00:00,7187.0,7188.0,1.0,STOP,"{'BASE': 7188.0, 'CONSERVATIVE': 7188.25, 'STRESS': 7188.5}",-82.5,-83.0,-83.5,7106.5,7106.25,7106.0,7188.0,7188.25,7188.5
2020-03-24,NQM0,LONG,2020-03-24 13:35:00+00:00,2020-03-24 13:40:00+00:00,2020-03-24 13:40:00+00:00,7371.25,7372.0,0.75,"{'BASE': 7372.0, 'CONSERVATIVE': 7372.25, 'STRESS': 7372.5}",7333.75,555.9464285714286,1.7675508177253154,"O01 LONG entry 7372.00, stop 7333.75, chandelier n/a, exit 7333.75 (STOP); paper PnL BASE -39.25 pts",2020-03-24 13:42:53+00:00,7333.75,7335.0,1.25,STOP,"{'BASE': 7333.75, 'CONSERVATIVE': 7333.5, 'STRESS': 7333.25}",-39.25,-39.75,-40.25,7372.0,7372.25,7372.5,7333.75,7333.5,7333.25
2020-04-06,NQM0,LONG,2020-04-06 13:35:00+00:00,2020-04-06 13:40:00+00:00,2020-04-06 13:40:00+00:00,7764.25,7765.25,1.0,"{'BASE': 7765.25, 'CONSERVATIVE': 7765.5, 'STRESS': 7765.75}",7750.0,409.0,1.1313362601265229,"O01 LONG entry 7765.25, stop 7750.00, chandelier 7690.00, exit 8053.25 (EOD); paper PnL BASE +287.00 pts",2020-04-06 20:00:00+00:00,8053.25,8053.25,0.0,EOD,"{'BASE': 8053.25, 'CONSERVATIVE': 8053.0, 'STRESS': 8052.75}",287.0,286.5,286.0,7765.25,7765.5,7765.75,8053.25,8053.0,8052.75
2020-06-11,NQM0,SHORT,2020-06-11 13:35:00+00:00,2020-06-11 13:40:00+00:00,2020-06-11 13:40:00+00:00,9890.25,9890.75,0.5,"{'BASE': 9890.25, 'CONSERVATIVE': 9890.0, 'STRESS': 9889.75}",9954.5,164.44642857142858,-2.5883485065932192,"O01 SHORT entry 9890.25, stop 9954.50, chandelier 10042.70, exit 9955.00 (STOP); paper PnL BASE -65.75 pts",2020-06-11 14:12:27+00:00,9954.75,9955.0,0.25,STOP,"{'BASE': 9955.0, 'CONSERVATIVE': 9955.25, 'STRESS': 9955.5}",-65.75,-66.25,-66.75,9890.25,9890.0,9889.75,9955.0,9955.25,9955.5
2020-06-12,NQM0,LONG,2020-06-12 13:35:00+00:00,2020-06-12 13:40:00+00:00,2020-06-12 13:40:00+00:00,9806.25,9807.0,0.75,"{'BASE': 9807.0, 'CONSERVATIVE': 9807.25, 'STRESS': 9807.5}",9776.0,193.53571428571428,2.7611629674149722,"O01 LONG entry 9807.00, stop 9776.00, chandelier 9655.71, exit 9775.25 (STOP); paper PnL BASE -32.75 pts",2020-06-12 14:14:58+00:00,9775.25,9776.0,0.75,STOP,"{'BASE': 9775.25, 'CONSERVATIVE': 9775.0, 'STRESS': 9774.75}",-32.75,-33.25,-33.75,9807.0,9807.25,9807.5,9775.25,9775.0,9774.75
2020-06-15,NQM0,SHORT,2020-06-15 13:35:00+00:00,2020-06-15 13:40:00+00:00,2020-06-15 13:40:00+00:00,9553.5,9554.5,1.0,"{'BASE': 9553.5, 'CONSERVATIVE': 9553.25, 'STRESS': 9553.0}",9570.5,207.26785714285714,-2.043101746210933,"O01 SHORT entry 9553.50, stop 9570.50, chandelier 9721.27, exit 9572.50 (STOP); paper PnL BASE -20.00 pts",2020-06-15 13:55:42+00:00,9571.0,9572.5,1.5,STOP,"{'BASE': 9572.5, 'CONSERVATIVE': 9572.75, 'STRESS': 9573.0}",-20.0,-20.5,-21.0,9553.5,9553.25,9553.0,9572.5,9572.75,9573.0
2020-07-06,NQU0,LONG,2020-07-06 13:35:00+00:00,2020-07-06 13:40:00+00:00,2020-07-06 13:40:00+00:00,10479.5,10480.0,0.5,"{'BASE': 10480.0, 'CONSERVATIVE': 10480.25, 'STRESS': 10480.5}",10470.0,182.69642857142858,1.2736367354900362,"O01 LONG entry 10480.00, stop 10470.00, chandelier 10431.80, exit 10591.75 (EOD); paper PnL BASE +110.75 pts",2020-07-06 20:00:00+00:00,10591.75,10591.75,0.0,EOD,"{'BASE': 10591.75, 'CONSERVATIVE': 10591.5, 'STRESS': 10591.25}",110.75,110.25,109.75,10480.0,10480.25,10480.5,10591.75,10591.5,10591.25
2020-07-16,NQU0,SHORT,2020-07-16 13:35:00+00:00,2020-07-16 13:40:00+00:00,2020-07-16 13:40:00+00:00,10592.0,10592.5,0.5,"{'BASE': 10592.0, 'CONSERVATIVE': 10591.75, 'STRESS': 10591.5}",10599.0,226.55357142857142,-2.3361309018645358,"O01 SHORT entry 10592.00, stop 10599.00, chandelier n/a, exit 10599.00 (STOP); paper PnL BASE -8.00 pts",2020-07-16 13:40:20+00:00,10598.5,10599.0,0.5,STOP,"{'BASE': 10599.0, 'CONSERVATIVE': 10599.25, 'STRESS': 10599.5}",-8.0,-8.5,-9.0,10592.0,10591.75,10591.5,10599.0,10599.25,10599.5
2020-07-24,NQU0,SHORT,2020-07-24 13:35:00+00:00,2020-07-24 13:40:00+00:00,2020-07-24 13:40:00+00:00,10336.0,10336.5,0.5,"{'BASE': 10336.0, 'CONSERVATIVE': 10335.75, 'STRESS': 10335.5}",10432.25,248.78571428571428,-2.7387998946464296,"O01 SHORT entry 10336.00, stop 10432.25, chandelier 10549.79, exit 10433.75 (STOP); paper PnL BASE -98.75 pts",2020-07-24 14:09:33+00:00,10433.25,10433.75,0.5,STOP,"{'BASE': 10433.75, 'CONSERVATIVE': 10434.0, 'STRESS': 10434.25}",-98.75,-99.25,-99.75,10336.0,10335.75,10335.5,10433.75,10434.0,10434.25
2020-07-30,NQU0,SHORT,2020-07-30 13:35:00+00:00,2020-07-30 13:40:00+00:00,2020-07-30 13:40:00+00:00,10597.75,10598.5,0.75,"{'BASE': 10597.75, 'CONSERVATIVE': 10597.5, 'STRESS': 10597.25}",10617.5,245.55357142857142,-1.3227922575324742,"O01 SHORT entry 10597.75, stop 10617.50, chandelier 10829.55, exit 10620.00 (STOP); paper PnL BASE -23.25 pts",2020-07-30 13:47:04+00:00,10619.5,10620.0,0.5,STOP,"{'BASE': 10620.0, 'CONSERVATIVE': 10620.25, 'STRESS': 10620.5}",-23.25,-23.75,-24.25,10597.75,10597.5,10597.25,10620.0,10620.25,10620.5
2020-08-24,NQU0,LONG,2020-08-24 13:35:00+00:00,2020-08-24 13:40:00+00:00,2020-08-24 13:40:00+00:00,11713.5,11714.0,0.5,"{'BASE': 11714.0, 'CONSERVATIVE': 11714.25, 'STRESS': 11714.5}",11681.75,170.58928571428572,1.628767559721086,"O01 LONG entry 11714.00, stop 11681.75, chandelier 11551.91, exit 11680.00 (STOP); paper PnL BASE -35.00 pts",2020-08-24 13:52:21+00:00,11680.0,11680.75,0.75,STOP,"{'BASE': 11680.0, 'CONSERVATIVE': 11679.75, 'STRESS': 11679.5}",-35.0,-35.5,-36.0,11714.0,11714.25,11714.5,11680.0,11679.75,11679.5
2020-09-02,NQU0,LONG,2020-09-02 13:35:00+00:00,2020-09-02 13:40:00+00:00,2020-09-02 13:40:00+00:00,12371.75,12372.25,0.5,"{'BASE': 12372.25, 'CONSERVATIVE': 12372.5, 'STRESS': 12372.75}",12368.25,164.17857142857142,2.10747314815206,"O01 LONG entry 12372.25, stop 12368.25, chandelier n/a, exit 12368.25 (STOP); paper PnL BASE -5.00 pts",2020-09-02 13:40:36+00:00,12368.25,12368.75,0.5,STOP,"{'BASE': 12368.25, 'CONSERVATIVE': 12368.0, 'STRESS': 12367.75}",-5.0,-5.5,-6.0,12372.25,12372.5,12372.75,12368.25,12368.0,12367.75
2020-09-07,NQU0,SHORT,2020-09-07 13:35:00+00:00,2020-09-07 13:40:00+00:00,2020-09-07 13:40:00+00:00,11474.75,11476.25,1.5,"{'BASE': 11474.75, 'CONSERVATIVE': 11474.5, 'STRESS': 11474.25}",11482.75,259.05357142857144,-2.5493950398055483,"O01 SHORT entry 11474.75, stop 11482.75, chandelier n/a, exit 11482.75 (STOP); paper PnL BASE -9.00 pts",2020-09-07 13:43:32+00:00,11481.75,11482.75,1.0,STOP,"{'BASE': 11482.75, 'CONSERVATIVE': 11483.0, 'STRESS': 11483.25}",-9.0,-9.5,-10.0,11474.75,11474.5,11474.25,11482.75,11483.0,11483.25
2020-09-09,NQU0,LONG,2020-09-09 13:35:00+00:00,2020-09-09 13:40:00+00:00,2020-09-09 13:40:00+00:00,11221.0,11222.0,1.0,"{'BASE': 11222.0, 'CONSERVATIVE': 11222.25, 'STRESS': 11222.5}",11207.5,282.9642857142857,2.0324090312470964,"O01 LONG entry 11222.00, stop 11207.50, chandelier n/a, exit 11207.50 (STOP); paper PnL BASE -15.50 pts",2020-09-09 13:45:00+00:00,11207.5,11207.5,0.0,STOP,"{'BASE': 11207.5, 'CONSERVATIVE': 11207.25, 'STRESS': 11207.0}",-15.5,-16.0,-16.5,11222.0,11222.25,11222.5,11207.5,11207.25,11207.0
2020-09-21,NQZ0,SHORT,2020-09-21 13:35:00+00:00,2020-09-21 13:40:00+00:00,2020-09-21 13:40:00+00:00,10733.0,10734.0,1.0,"{'BASE': 10733.0, 'CONSERVATIVE': 10732.75, 'STRESS': 10732.5}",10812.0,374.25,-1.2075500797847858,"O01 SHORT entry 10733.00, stop 10812.00, chandelier 11078.50, exit 10813.75 (STOP); paper PnL BASE -81.75 pts",2020-09-21 13:46:39+00:00,10812.75,10813.75,1.0,STOP,"{'BASE': 10813.75, 'CONSERVATIVE': 10814.0, 'STRESS': 10814.25}",-81.75,-82.25,-82.75,10733.0,10732.75,10732.5,10813.75,10814.0,10814.25
2020-10-02,NQZ0,SHORT,2020-10-02 13:35:00+00:00,2020-10-02 13:40:00+00:00,2020-10-02 13:40:00+00:00,11414.0,11414.5,0.5,"{'BASE': 11414.0, 'CONSERVATIVE': 11413.75, 'STRESS': 11413.5}",11420.5,271.6607142857143,-1.6506786457935052,"O01 SHORT entry 11414.00, stop 11420.50, chandelier 11657.16, exit 11422.75 (STOP); paper PnL BASE -9.75 pts",2020-10-02 13:47:52+00:00,11422.5,11422.75,0.25,STOP,"{'BASE': 11422.75, 'CONSERVATIVE': 11423.0, 'STRESS': 11423.25}",-9.75,-10.25,-10.75,11414.0,11413.75,11413.5,11422.75,11423.0,11423.25
2020-10-15,NQZ0,SHORT,2020-10-15 13:35:00+00:00,2020-10-15 13:40:00+00:00,2020-10-15 13:40:00+00:00,11819.5,11820.0,0.5,"{'BASE': 11819.5, 'CONSERVATIVE': 11819.25, 'STRESS': 11819.0}",11839.0,241.85714285714286,-1.5509350599427125,"O01 SHORT entry 11819.50, stop 11839.00, chandelier n/a, exit 11842.00 (STOP); paper PnL BASE -23.50 pts",2020-10-15 13:41:39+00:00,11841.5,11842.0,0.5,STOP,"{'BASE': 11842.0, 'CONSERVATIVE': 11842.25, 'STRESS': 11842.5}",-23.5,-24.0,-24.5,11819.5,11819.25,11819.0,11842.0,11842.25,11842.5
2020-10-26,NQZ0,SHORT,2020-10-26 13:35:00+00:00,2020-10-26 13:40:00+00:00,2020-10-26 13:40:00+00:00,11644.5,11645.0,0.5,"{'BASE': 11644.5, 'CONSERVATIVE': 11644.25, 'STRESS': 11644.0}",11649.0,226.89285714285714,-1.27260347583618,"O01 SHORT entry 11644.50, stop 11649.00, chandelier n/a, exit 11649.00 (STOP); paper PnL BASE -5.50 pts",2020-10-26 13:40:01+00:00,11648.5,11649.0,0.5,STOP,"{'BASE': 11649.0, 'CONSERVATIVE': 11649.25, 'STRESS': 11649.5}",-5.5,-6.0,-6.5,11644.5,11644.25,11644.0,11649.0,11649.25,11649.5
2020-11-05,NQZ0,LONG,2020-11-05 14:35:00+00:00,2020-11-05 14:40:00+00:00,2020-11-05 14:40:00+00:00,12044.25,12044.75,0.5,"{'BASE': 12044.75, 'CONSERVATIVE': 12045.0, 'STRESS': 12045.25}",11972.75,288.4107142857143,1.8159035946999544,"O01 LONG entry 12044.75, stop 11972.75, chandelier 11823.84, exit 12066.50 (EOD); paper PnL BASE +20.75 pts",2020-11-05 21:00:00+00:00,12066.5,12066.5,0.0,EOD,"{'BASE': 12066.5, 'CONSERVATIVE': 12066.25, 'STRESS': 12066.0}",20.75,20.25,19.75,12044.75,12045.0,12045.25,12066.5,12066.25,12066.0
2020-12-15,NQZ0,LONG,2020-12-15 14:35:00+00:00,2020-12-15 14:40:00+00:00,2020-12-15 14:40:00+00:00,12558.25,12559.0,0.75,"{'BASE': 12559.0, 'CONSERVATIVE': 12559.25, 'STRESS': 12559.5}",12534.0,162.0,2.008799146572385,"O01 LONG entry 12559.00, stop 12534.00, chandelier 12414.25, exit 12534.00 (STOP); paper PnL BASE -26.00 pts",2020-12-15 15:38:43+00:00,12534.0,12534.5,0.5,STOP,"{'BASE': 12534.0, 'CONSERVATIVE': 12533.75, 'STRESS': 12533.5}",-26.0,-26.5,-27.0,12559.0,12559.25,12559.5,12534.0,12533.75,12533.5
2020-12-28,NQH1,LONG,2020-12-28 14:35:00+00:00,2020-12-28 14:40:00+00:00,2020-12-28 14:40:00+00:00,12807.75,12808.25,0.5,"{'BASE': 12808.25, 'CONSERVATIVE': 12808.5, 'STRESS': 12808.75}",12788.75,160.07142857142858,1.7735443624435747,"O01 LONG entry 12808.25, stop 12788.75, chandelier 12656.93, exit 12787.00 (STOP); paper PnL BASE -22.25 pts",2020-12-28 14:50:11+00:00,12787.0,12787.5,0.5,STOP,"{'BASE': 12787.0, 'CONSERVATIVE': 12786.75, 'STRESS': 12786.5}",-22.25,-22.75,-23.25,12808.25,12808.5,12808.75,12787.0,12786.75,12786.5
2021-01-06,NQH1,SHORT,2021-01-06 14:35:00+00:00,2021-01-06 14:40:00+00:00,2021-01-06 14:40:00+00:00,12615.75,12616.5,0.75,"{'BASE': 12615.75, 'CONSERVATIVE': 12615.5, 'STRESS': 12615.25}",12626.0,151.96428571428572,-3.381161439878081,"O01 SHORT entry 12615.75, stop 12626.00, chandelier 12741.71, exit 12628.75 (STOP); paper PnL BASE -14.00 pts",2021-01-06 14:47:20+00:00,12628.0,12628.75,0.75,STOP,"{'BASE': 12628.75, 'CONSERVATIVE': 12629.0, 'STRESS': 12629.25}",-14.0,-14.5,-15.0,12615.75,12615.5,12615.25,12628.75,12629.0,12629.25
2021-01-25,NQH1,LONG,2021-01-25 14:35:00+00:00,2021-01-25 14:40:00+00:00,2021-01-25 14:40:00+00:00,13544.5,13544.75,0.25,"{'BASE': 13544.75, 'CONSERVATIVE': 13545.0, 'STRESS': 13545.25}",13496.0,183.64285714285714,1.4353808431553894,"O01 LONG entry 13544.75, stop 13496.00, chandelier 13369.86, exit 13496.00 (STOP); paper PnL BASE -49.75 pts",2021-01-25 15:36:21+00:00,13496.0,13496.5,0.5,STOP,"{'BASE': 13496.0, 'CONSERVATIVE': 13495.75, 'STRESS': 13495.5}",-49.75,-50.25,-50.75,13544.75,13545.0,13545.25,13496.0,13495.75,13495.5
2021-02-01,NQH1,LONG,2021-02-01 14:35:00+00:00,2021-02-01 14:40:00+00:00,2021-02-01 14:40:00+00:00,13081.25,13081.75,0.5,"{'BASE': 13081.75, 'CONSERVATIVE': 13082.0, 'STRESS': 13082.25}",13047.25,214.375,1.4451169381465225,"O01 LONG entry 13081.75, stop 13047.25, chandelier 12881.62, exit 13045.25 (STOP); paper PnL BASE -37.50 pts",2021-02-01 14:45:46+00:00,13045.25,13046.0,0.75,STOP,"{'BASE': 13045.25, 'CONSERVATIVE': 13045.0, 'STRESS': 13044.75}",-37.5,-38.0,-38.5,13081.75,13082.0,13082.25,13045.25,13045.0,13044.75
2021-02-02,NQH1,LONG,2021-02-02 14:35:00+00:00,2021-02-02 14:40:00+00:00,2021-02-02 14:40:00+00:00,13389.5,13390.0,0.5,"{'BASE': 13390.0, 'CONSERVATIVE': 13390.25, 'STRESS': 13390.5}",13345.0,227.01785714285714,1.1401542053233304,"O01 LONG entry 13390.00, stop 13345.00, chandelier 13266.48, exit 13448.75 (EOD); paper PnL BASE +57.75 pts",2021-02-02 21:00:00+00:00,13448.75,13448.75,0.0,EOD,"{'BASE': 13448.75, 'CONSERVATIVE': 13448.5, 'STRESS': 13448.25}",57.75,57.25,56.75,13390.0,13390.25,13390.5,13448.75,13448.5,13448.25
2021-02-22,NQH1,SHORT,2021-02-22 14:35:00+00:00,2021-02-22 14:40:00+00:00,2021-02-22 14:40:00+00:00,13404.0,13404.5,0.5,"{'BASE': 13404.0, 'CONSERVATIVE': 13403.75, 'STRESS': 13403.5}",13424.75,160.66071428571428,-2.408099670891241,"O01 SHORT entry 13404.00, stop 13424.75, chandelier 13531.16, exit 13425.00 (STOP); paper PnL BASE -22.00 pts",2021-02-22 14:47:28+00:00,13424.75,13425.0,0.25,STOP,"{'BASE': 13425.0, 'CONSERVATIVE': 13425.25, 'STRESS': 13425.5}",-22.0,-22.5,-23.0,13404.0,13403.75,13403.5,13425.0,13425.25,13425.5
2021-03-01,NQH1,LONG,2021-03-01 14:35:00+00:00,2021-03-01 14:40:00+00:00,2021-03-01 14:40:00+00:00,13051.75,13052.25,0.5,"{'BASE': 13052.25, 'CONSERVATIVE': 13052.5, 'STRESS': 13052.75}",13040.5,253.625,1.981532599606303,"O01 LONG entry 13052.25, stop 13040.50, chandelier 13033.38, exit 13274.50 (EOD); paper PnL BASE +221.25 pts",2021-03-01 21:00:00+00:00,13274.5,13274.5,0.0,EOD,"{'BASE': 13274.5, 'CONSERVATIVE': 13274.25, 'STRESS': 13274.0}",221.25,220.75,220.25,13052.25,13052.5,13052.75,13274.5,13274.25,13274.0
2021-03-09,NQH1,LONG,2021-03-09 14:35:00+00:00,2021-03-09 14:40:00+00:00,2021-03-09 14:40:00+00:00,12632.5,12633.5,1.0,"{'BASE': 12633.5, 'CONSERVATIVE': 12633.75, 'STRESS': 12634.0}",12588.75,367.48214285714283,3.1565503464852243,"O01 LONG entry 12633.50, stop 12588.75, chandelier n/a, exit 12588.75 (STOP); paper PnL BASE -45.75 pts",2021-03-09 14:45:00+00:00,12588.75,12588.75,0.0,STOP,"{'BASE': 12588.75, 'CONSERVATIVE': 12588.5, 'STRESS': 12588.25}",-45.75,-46.25,-46.75,12633.5,12633.75,12634.0,12588.75,12588.5,12588.25
2021-03-11,NQH1,LONG,2021-03-11 14:35:00+00:00,2021-03-11 14:40:00+00:00,2021-03-11 14:40:00+00:00,12982.5,12983.25,0.75,"{'BASE': 12983.25, 'CONSERVATIVE': 12983.5, 'STRESS': 12983.75}",12944.0,394.1607142857143,1.4188338122179223,"O01 LONG entry 12983.25, stop 12944.00, chandelier n/a, exit 12941.50 (STOP); paper PnL BASE -42.75 pts",2021-03-11 14:42:53+00:00,12941.5,12942.25,0.75,STOP,"{'BASE': 12941.5, 'CONSERVATIVE': 12941.25, 'STRESS': 12941.0}",-42.75,-43.25,-43.75,12983.25,12983.5,12983.75,12941.5,12941.25,12941.0
2021-03-12,NQH1,SHORT,2021-03-12 14:35:00+00:00,2021-03-12 14:40:00+00:00,2021-03-12 14:40:00+00:00,12805.25,12806.25,1.0,"{'BASE': 12805.25, 'CONSERVATIVE': 12805.0, 'STRESS': 12804.75}",12873.75,408.5357142857143,-1.2807917906429584,"O01 SHORT entry 12805.25, stop 12873.75, chandelier 13207.29, exit 12876.00 (STOP); paper PnL BASE -71.75 pts",2021-03-12 14:50:35+00:00,12875.0,12876.0,1.0,STOP,"{'BASE': 12876.0, 'CONSERVATIVE': 12876.25, 'STRESS': 12876.5}",-71.75,-72.25,-72.75,12805.25,12805.0,12804.75,12876.0,12876.25,12876.5
2021-03-18,NQM1,SHORT,2021-03-18 13:35:00+00:00,2021-03-18 13:40:00+00:00,2021-03-18 13:40:00+00:00,12997.75,12998.5,0.75,"{'BASE': 12997.75, 'CONSERVATIVE': 12997.5, 'STRESS': 12997.25}",13022.25,358.23214285714283,-1.4271180503254846,"O01 SHORT entry 12997.75, stop 13022.25, chandelier 13120.23, exit 12781.75 (EOD); paper PnL BASE +215.00 pts",2021-03-18 20:00:00+00:00,12781.75,12781.75,0.0,EOD,"{'BASE': 12781.75, 'CONSERVATIVE': 12782.0, 'STRESS': 12782.25}",215.0,214.5,214.0,12997.75,12997.5,12997.25,12781.75,12782.0,12782.25
2021-04-01,NQM1,LONG,2021-04-01 13:35:00+00:00,2021-04-01 13:40:00+00:00,2021-04-01 13:40:00+00:00,13289.25,13289.75,0.5,"{'BASE': 13289.75, 'CONSERVATIVE': 13290.0, 'STRESS': 13290.25}",13241.75,256.94642857142856,1.1148222159857835,"O01 LONG entry 13289.75, stop 13241.75, chandelier 13064.55, exit 13314.50 (EOD); paper PnL BASE +23.75 pts",2021-04-01 20:00:00+00:00,13314.5,13314.5,0.0,EOD,"{'BASE': 13314.5, 'CONSERVATIVE': 13314.25, 'STRESS': 13314.0}",23.75,23.25,22.75,13289.75,13290.0,13290.25,13314.5,13314.25,13314.0
2021-04-29,NQM1,LONG,2021-04-29 13:35:00+00:00,2021-04-29 13:40:00+00:00,2021-04-29 13:40:00+00:00,14017.0,14017.25,0.25,"{'BASE': 14017.25, 'CONSERVATIVE': 14017.5, 'STRESS': 14017.75}",14011.0,175.73214285714286,1.794901895818869,"O01 LONG entry 14017.25, stop 14011.00, chandelier 13854.27, exit 14009.00 (STOP); paper PnL BASE -9.25 pts",2021-04-29 13:45:37+00:00,14009.0,14009.5,0.5,STOP,"{'BASE': 14009.0, 'CONSERVATIVE': 14008.75, 'STRESS': 14008.5}",-9.25,-9.75,-10.25,14017.25,14017.5,14017.75,14009.0,14008.75,14008.5
2021-05-14,NQM1,LONG,2021-05-14 13:35:00+00:00,2021-05-14 13:40:00+00:00,2021-05-14 13:40:00+00:00,13238.75,13239.25,0.5,"{'BASE': 13239.25, 'CONSERVATIVE': 13239.5, 'STRESS': 13239.75}",13214.0,228.375,1.5225284797359888,"O01 LONG entry 13239.25, stop 13214.00, chandelier n/a, exit 13213.00 (STOP); paper PnL BASE -27.25 pts",2021-05-14 13:42:06+00:00,13213.0,13213.5,0.5,STOP,"{'BASE': 13213.0, 'CONSERVATIVE': 13212.75, 'STRESS': 13212.5}",-27.25,-27.75,-28.25,13239.25,13239.5,13239.75,13213.0,13212.75,13212.5
2021-05-19,NQM1,SHORT,2021-05-19 13:35:00+00:00,2021-05-19 13:40:00+00:00,2021-05-19 13:40:00+00:00,13006.25,13006.75,0.5,"{'BASE': 13006.25, 'CONSERVATIVE': 13006.0, 'STRESS': 13005.75}",13048.25,255.0,-2.11476336251824,"O01 SHORT entry 13006.25, stop 13048.25, chandelier n/a, exit 13052.00 (STOP); paper PnL BASE -46.75 pts",2021-05-19 13:43:10+00:00,13051.25,13052.0,0.75,STOP,"{'BASE': 13052.0, 'CONSERVATIVE': 13052.25, 'STRESS': 13052.5}",-46.75,-47.25,-47.75,13006.25,13006.0,13005.75,13052.0,13052.25,13052.5
2021-07-07,NQU1,LONG,2021-07-07 13:35:00+00:00,2021-07-07 13:40:00+00:00,2021-07-07 13:40:00+00:00,14834.5,14835.25,0.75,"{'BASE': 14835.25, 'CONSERVATIVE': 14835.5, 'STRESS': 14835.75}",14817.5,135.5,1.9942289661553143,"O01 LONG entry 14835.25, stop 14817.50, chandelier 14717.50, exit 14814.50 (STOP); paper PnL BASE -21.75 pts",2021-07-07 14:03:11+00:00,14814.5,14814.75,0.25,STOP,"{'BASE': 14814.5, 'CONSERVATIVE': 14814.25, 'STRESS': 14814.0}",-21.75,-22.25,-22.75,14835.25,14835.5,14835.75,14814.5,14814.25,14814.0
2021-09-10,NQU1,LONG,2021-09-10 13:35:00+00:00,2021-09-10 13:40:00+00:00,2021-09-10 13:40:00+00:00,15661.5,15662.0,0.5,"{'BASE': 15662.0, 'CONSERVATIVE': 15662.25, 'STRESS': 15662.5}",15637.25,124.07142857142857,1.5921157109345094,"O01 LONG entry 15662.00, stop 15637.25, chandelier 15539.93, exit 15637.00 (STOP); paper PnL BASE -26.00 pts",2021-09-10 14:02:45+00:00,15637.0,15637.5,0.5,STOP,"{'BASE': 15637.0, 'CONSERVATIVE': 15636.75, 'STRESS': 15636.5}",-26.0,-26.5,-27.0,15662.0,15662.25,15662.5,15637.0,15636.75,15636.5
2021-09-13,NQU1,LONG,2021-09-13 13:35:00+00:00,2021-09-13 13:40:00+00:00,2021-09-13 13:40:00+00:00,15485.5,15486.25,0.75,"{'BASE': 15486.25, 'CONSERVATIVE': 15486.5, 'STRESS': 15486.75}",15485.25,122.67857142857143,2.0056720678000697,"O01 LONG entry 15486.25, stop 15485.25, chandelier n/a, exit 15483.75 (STOP); paper PnL BASE -3.50 pts",2021-09-13 13:40:49+00:00,15483.75,15484.25,0.5,STOP,"{'BASE': 15483.75, 'CONSERVATIVE': 15483.5, 'STRESS': 15483.25}",-3.5,-4.0,-4.5,15486.25,15486.5,15486.75,15483.75,15483.5,15483.25
2021-09-24,NQZ1,SHORT,2021-09-24 13:35:00+00:00,2021-09-24 13:40:00+00:00,2021-09-24 13:40:00+00:00,15222.25,15222.75,0.5,"{'BASE': 15222.25, 'CONSERVATIVE': 15222.0, 'STRESS': 15221.75}",15242.75,195.17857142857142,-1.3917280682711117,"O01 SHORT entry 15222.25, stop 15242.75, chandelier 15392.68, exit 15244.25 (STOP); paper PnL BASE -23.00 pts",2021-09-24 13:59:19+00:00,15244.0,15244.25,0.25,STOP,"{'BASE': 15244.25, 'CONSERVATIVE': 15244.5, 'STRESS': 15244.75}",-23.0,-23.5,-24.0,15222.25,15222.0,15221.75,15244.25,15244.5,15244.75
2021-09-28,NQZ1,SHORT,2021-09-28 13:35:00+00:00,2021-09-28 13:40:00+00:00,2021-09-28 13:40:00+00:00,14969.0,14969.75,0.75,"{'BASE': 14969.0, 'CONSERVATIVE': 14968.75, 'STRESS': 14968.5}",15029.0,211.33928571428572,-2.2976845439084146,"O01 SHORT entry 14969.00, stop 15029.00, chandelier 14952.09, exit 14763.50 (EOD); paper PnL BASE +204.50 pts",2021-09-28 20:00:00+00:00,14763.5,14763.5,0.0,EOD,"{'BASE': 14763.5, 'CONSERVATIVE': 14763.75, 'STRESS': 14764.0}",204.5,204.0,203.5,14969.0,14968.75,14968.5,14763.5,14763.75,14764.0
2021-10-06,NQZ1,SHORT,2021-10-06 13:35:00+00:00,2021-10-06 13:40:00+00:00,2021-10-06 13:40:00+00:00,14609.75,14610.0,0.25,"{'BASE': 14609.75, 'CONSERVATIVE': 14609.5, 'STRESS': 14609.25}",14611.75,262.0357142857143,-1.4014068598602993,"O01 SHORT entry 14609.75, stop 14611.75, chandelier n/a, exit 14616.50 (STOP); paper PnL BASE -7.75 pts",2021-10-06 13:40:02+00:00,14616.0,14616.5,0.5,STOP,"{'BASE': 14616.5, 'CONSERVATIVE': 14616.75, 'STRESS': 14617.0}",-7.75,-8.25,-8.75,14609.75,14609.5,14609.25,14616.5,14616.75,14617.0
2021-10-07,NQZ1,LONG,2021-10-07 13:35:00+00:00,2021-10-07 13:40:00+00:00,2021-10-07 13:40:00+00:00,14916.75,14917.25,0.5,"{'BASE': 14917.25, 'CONSERVATIVE': 14917.5, 'STRESS': 14917.75}",14859.25,269.7142857142857,1.4988848125959175,"O01 LONG entry 14917.25, stop 14859.25, chandelier 14731.54, exit 14886.75 (EOD); paper PnL BASE -31.50 pts",2021-10-07 20:00:00+00:00,14886.75,14886.75,0.0,EOD,"{'BASE': 14886.75, 'CONSERVATIVE': 14886.5, 'STRESS': 14886.25}",-31.5,-32.0,-32.5,14917.25,14917.5,14917.75,14886.75,14886.5,14886.25
2021-10-14,NQZ1,LONG,2021-10-14 13:35:00+00:00,2021-10-14 13:40:00+00:00,2021-10-14 13:40:00+00:00,14911.75,14912.25,0.5,"{'BASE': 14912.25, 'CONSERVATIVE': 14912.5, 'STRESS': 14912.75}",14890.5,237.42857142857142,1.659231641777695,"O01 LONG entry 14912.25, stop 14890.50, chandelier 14811.32, exit 15037.00 (EOD); paper PnL BASE +123.75 pts",2021-10-14 20:00:00+00:00,15037.0,15037.0,0.0,EOD,"{'BASE': 15037.0, 'CONSERVATIVE': 15036.75, 'STRESS': 15036.5}",123.75,123.25,122.75,14912.25,14912.5,14912.75,15037.0,15036.75,15036.5
2021-11-18,NQZ1,LONG,2021-11-18 14:35:00+00:00,2021-11-18 14:40:00+00:00,2021-11-18 14:40:00+00:00,16382.5,16383.0,0.5,"{'BASE': 16383.0, 'CONSERVATIVE': 16383.25, 'STRESS': 16383.5}",16353.25,182.55357142857142,1.0110494459726371,"O01 LONG entry 16383.00, stop 16353.25, chandelier 16238.45, exit 16352.00 (STOP); paper PnL BASE -32.00 pts",2021-11-18 15:10:24+00:00,16352.0,16352.25,0.25,STOP,"{'BASE': 16352.0, 'CONSERVATIVE': 16351.75, 'STRESS': 16351.5}",-32.0,-32.5,-33.0,16383.0,16383.25,16383.5,16352.0,16351.75,16351.5
2021-11-26,NQZ1,SHORT,2021-11-26 14:35:00+00:00,2021-11-26 14:40:00+00:00,2021-11-26 14:40:00+00:00,16261.25,16261.75,0.5,"{'BASE': 16261.25, 'CONSERVATIVE': 16261.0, 'STRESS': 16260.75}",16307.5,201.78571428571428,-2.3196590129787134,"O01 SHORT: overnight return z=-2.32, premarket-width condition passed.",,,,,,,,,,16261.25,16261.0,16260.75,,,
2021-12-01,NQZ1,LONG,2021-12-01 14:35:00+00:00,2021-12-01 14:40:00+00:00,2021-12-01 14:40:00+00:00,16287.75,16288.5,0.75,"{'BASE': 16288.5, 'CONSERVATIVE': 16288.75, 'STRESS': 16289.0}",16270.5,211.73214285714286,2.5269479163824875,"O01 LONG entry 16288.50, stop 16270.50, chandelier 16215.77, exit 16268.00 (STOP); paper PnL BASE -21.50 pts",2021-12-01 17:55:15+00:00,16268.0,16268.5,0.5,STOP,"{'BASE': 16268.0, 'CONSERVATIVE': 16267.75, 'STRESS': 16267.5}",-21.5,-22.0,-22.5,16288.5,16288.75,16289.0,16268.0,16267.75,16267.5
2021-12-07,NQZ1,LONG,2021-12-07 14:35:00+00:00,2021-12-07 14:40:00+00:00,2021-12-07 14:40:00+00:00,16141.5,16142.0,0.5,"{'BASE': 16142.0, 'CONSERVATIVE': 16142.25, 'STRESS': 16142.5}",16119.0,283.07142857142856,3.251837524739726,"O01 LONG entry 16142.00, stop 16119.00, chandelier 16061.18, exit 16321.25 (EOD); paper PnL BASE +178.25 pts",2021-12-07 21:00:00+00:00,16321.25,16321.25,0.0,EOD,"{'BASE': 16321.25, 'CONSERVATIVE': 16321.0, 'STRESS': 16320.75}",178.25,177.75,177.25,16142.0,16142.25,16142.5,16321.25,16321.0,16320.75
2021-12-20,NQH2,SHORT,2021-12-20 14:35:00+00:00,2021-12-20 14:40:00+00:00,2021-12-20 14:40:00+00:00,15630.0,15630.75,0.75,"{'BASE': 15630.0, 'CONSERVATIVE': 15629.75, 'STRESS': 15629.5}",15635.0,372.35714285714283,-1.783480930876509,"O01 SHORT entry 15630.00, stop 15635.00, chandelier n/a, exit 15636.25 (STOP); paper PnL BASE -7.25 pts",2021-12-20 14:43:41+00:00,15635.75,15636.25,0.5,STOP,"{'BASE': 15636.25, 'CONSERVATIVE': 15636.5, 'STRESS': 15636.75}",-7.25,-7.75,-8.25,15630.0,15629.75,15629.5,15636.25,15636.5,15636.75
2022-01-18,NQH2,SHORT,2022-01-18 14:35:00+00:00,2022-01-18 14:40:00+00:00,2022-01-18 14:40:00+00:00,15294.0,15294.5,0.5,"{'BASE': 15294.0, 'CONSERVATIVE': 15293.75, 'STRESS': 15293.5}",15372.75,288.01785714285717,-2.2852434729909183,"O01 SHORT entry 15294.00, stop 15372.75, chandelier n/a, exit 15372.75 (STOP); paper PnL BASE -79.75 pts",2022-01-18 14:45:00+00:00,15372.75,15372.75,0.0,STOP,"{'BASE': 15372.75, 'CONSERVATIVE': 15373.0, 'STRESS': 15373.25}",-79.75,-80.25,-80.75,15294.0,15293.75,15293.5,15372.75,15373.0,15373.25
2022-01-26,NQH2,LONG,2022-01-26 14:35:00+00:00,2022-01-26 14:40:00+00:00,2022-01-26 14:40:00+00:00,14397.25,14398.5,1.25,"{'BASE': 14398.5, 'CONSERVATIVE': 14398.75, 'STRESS': 14399.0}",14383.0,391.25,3.4313712823678872,"O01 LONG entry 14398.50, stop 14383.00, chandelier n/a, exit 14382.00 (STOP); paper PnL BASE -17.50 pts",2022-01-26 14:40:10+00:00,14382.0,14383.25,1.25,STOP,"{'BASE': 14382.0, 'CONSERVATIVE': 14381.75, 'STRESS': 14381.5}",-17.5,-18.0,-18.5,14398.5,14398.75,14399.0,14382.0,14381.75,14381.5
2022-02-15,NQH2,LONG,2022-02-15 14:35:00+00:00,2022-02-15 14:40:00+00:00,2022-02-15 14:40:00+00:00,14496.25,14497.25,1.0,"{'BASE': 14497.25, 'CONSERVATIVE': 14497.5, 'STRESS': 14497.75}",14446.5,427.73214285714283,1.2601846629443954,"O01 LONG entry 14497.25, stop 14446.50, chandelier 14083.77, exit 14446.00 (STOP); paper PnL BASE -52.25 pts",2022-02-15 14:50:14+00:00,14446.0,14446.75,0.75,STOP,"{'BASE': 14446.0, 'CONSERVATIVE': 14445.75, 'STRESS': 14445.5}",-52.25,-52.75,-53.25,14497.25,14497.5,14497.75,14446.0,14445.75,14445.5
2022-02-24,NQH2,SHORT,2022-02-24 14:35:00+00:00,2022-02-24 14:40:00+00:00,2022-02-24 14:40:00+00:00,13302.75,13303.0,0.25,"{'BASE': 13302.75, 'CONSERVATIVE': 13302.5, 'STRESS': 13302.25}",13305.0,372.39285714285717,-2.938185090475779,"O01 SHORT entry 13302.75, stop 13305.00, chandelier 13576.89, exit 13306.25 (STOP); paper PnL BASE -4.50 pts",2022-02-24 14:49:28+00:00,13305.5,13306.25,0.75,STOP,"{'BASE': 13306.25, 'CONSERVATIVE': 13306.5, 'STRESS': 13306.75}",-4.5,-5.0,-5.5,13302.75,13302.5,13302.25,13306.25,13306.5,13306.75
2022-03-09,NQH2,LONG,2022-03-09 14:35:00+00:00,2022-03-09 14:40:00+00:00,2022-03-09 14:40:00+00:00,13585.5,13586.25,0.75,"{'BASE': 13586.25, 'CONSERVATIVE': 13586.5, 'STRESS': 13586.75}",13524.75,435.4107142857143,2.491456740327585,"O01 LONG entry 13586.25, stop 13524.75, chandelier 13182.84, exit 13522.75 (STOP); paper PnL BASE -64.50 pts",2022-03-09 14:52:07+00:00,13522.75,13523.25,0.5,STOP,"{'BASE': 13522.75, 'CONSERVATIVE': 13522.5, 'STRESS': 13522.25}",-64.5,-65.0,-65.5,13586.25,13586.5,13586.75,13522.75,13522.5,13522.25
2022-03-16,NQM2,LONG,2022-03-16 13:35:00+00:00,2022-03-16 13:40:00+00:00,2022-03-16 13:40:00+00:00,13679.25,13680.25,1.0,"{'BASE': 13680.25, 'CONSERVATIVE': 13680.5, 'STRESS': 13680.75}",13612.25,446.5,1.0792567687223915,"O01 LONG entry 13680.25, stop 13612.25, chandelier 13420.00, exit 13611.75 (STOP); paper PnL BASE -69.50 pts",2022-03-16 18:05:23+00:00,13611.75,13612.5,0.75,STOP,"{'BASE': 13611.75, 'CONSERVATIVE': 13611.5, 'STRESS': 13611.25}",-69.5,-70.0,-70.5,13680.25,13680.5,13680.75,13611.75,13611.5,13611.25
2022-04-21,NQM2,LONG,2022-04-21 13:35:00+00:00,2022-04-21 13:40:00+00:00,2022-04-21 13:40:00+00:00,14259.25,14259.75,0.5,"{'BASE': 14259.75, 'CONSERVATIVE': 14260.0, 'STRESS': 14260.25}",14164.5,322.6607142857143,1.9063387589079084,"O01 LONG entry 14259.75, stop 14164.50, chandelier 13958.84, exit 14160.50 (STOP); paper PnL BASE -100.25 pts",2022-04-21 14:07:59+00:00,14160.5,14161.25,0.75,STOP,"{'BASE': 14160.5, 'CONSERVATIVE': 14160.25, 'STRESS': 14160.0}",-100.25,-100.75,-101.25,14259.75,14260.0,14260.25,14160.5,14160.25,14160.0
2022-05-13,NQM2,LONG,2022-05-13 13:35:00+00:00,2022-05-13 13:40:00+00:00,2022-05-13 13:40:00+00:00,12123.0,12123.75,0.75,"{'BASE': 12123.75, 'CONSERVATIVE': 12124.0, 'STRESS': 12124.25}",12064.75,481.73214285714283,1.6296594933571706,"O01 LONG entry 12123.75, stop 12064.75, chandelier 11950.27, exit 12385.00 (EOD); paper PnL BASE +260.25 pts",2022-05-13 20:00:00+00:00,12385.0,12385.0,0.0,EOD,"{'BASE': 12385.0, 'CONSERVATIVE': 12384.75, 'STRESS': 12384.5}",260.25,259.75,259.25,12123.75,12124.0,12124.25,12385.0,12384.75,12384.5
2022-05-20,NQM2,LONG,2022-05-20 13:35:00+00:00,2022-05-20 13:40:00+00:00,2022-05-20 13:40:00+00:00,11995.5,11996.5,1.0,"{'BASE': 11996.5, 'CONSERVATIVE': 11996.75, 'STRESS': 11997.0}",11945.25,454.07142857142856,1.1781169531077142,"O01 LONG entry 11996.50, stop 11945.25, chandelier 11591.68, exit 11942.75 (STOP); paper PnL BASE -54.75 pts",2022-05-20 14:07:11+00:00,11942.75,11943.25,0.5,STOP,"{'BASE': 11942.75, 'CONSERVATIVE': 11942.5, 'STRESS': 11942.25}",-54.75,-55.25,-55.75,11996.5,11996.75,11997.0,11942.75,11942.5,11942.25
2022-06-06,NQM2,LONG,2022-06-06 13:35:00+00:00,2022-06-06 13:40:00+00:00,2022-06-06 13:40:00+00:00,12717.25,12718.0,0.75,"{'BASE': 12718.0, 'CONSERVATIVE': 12718.25, 'STRESS': 12718.5}",12692.25,389.9107142857143,1.2313344965994162,"O01 LONG entry 12718.00, stop 12692.25, chandelier 12370.34, exit 12688.25 (STOP); paper PnL BASE -30.75 pts",2022-06-06 13:48:32+00:00,12688.25,12688.75,0.5,STOP,"{'BASE': 12688.25, 'CONSERVATIVE': 12688.0, 'STRESS': 12687.75}",-30.75,-31.25,-31.75,12718.0,12718.25,12718.5,12688.25,12688.0,12687.75
2022-06-13,NQM2,SHORT,2022-06-13 13:35:00+00:00,2022-06-13 13:40:00+00:00,2022-06-13 13:40:00+00:00,11497.75,11498.5,0.75,"{'BASE': 11497.75, 'CONSERVATIVE': 11497.5, 'STRESS': 11497.25}",11575.25,357.0892857142857,-2.515778553421224,"O01 SHORT entry 11497.75, stop 11575.25, chandelier 11611.59, exit 11294.50 (EOD); paper PnL BASE +202.25 pts",2022-06-13 20:00:00+00:00,11294.5,11294.5,0.0,EOD,"{'BASE': 11294.5, 'CONSERVATIVE': 11294.75, 'STRESS': 11295.0}",202.25,201.75,201.25,11497.75,11497.5,11497.25,11294.5,11294.75,11295.0
2022-06-16,NQU2,SHORT,2022-06-16 13:35:00+00:00,2022-06-16 13:40:00+00:00,2022-06-16 13:40:00+00:00,11285.5,11286.25,0.75,"{'BASE': 11285.5, 'CONSERVATIVE': 11285.25, 'STRESS': 11285.0}",11349.75,358.25,-1.829516267035176,"O01 SHORT entry 11285.50, stop 11349.75, chandelier 11426.75, exit 11165.75 (EOD); paper PnL BASE +118.75 pts",2022-06-16 20:00:00+00:00,11165.75,11165.75,0.0,EOD,"{'BASE': 11165.75, 'CONSERVATIVE': 11166.0, 'STRESS': 11166.25}",118.75,118.25,117.75,11285.5,11285.25,11285.0,11165.75,11166.0,11166.25
2022-07-27,NQU2,LONG,2022-07-27 13:35:00+00:00,2022-07-27 13:40:00+00:00,2022-07-27 13:40:00+00:00,12344.0,12344.75,0.75,"{'BASE': 12344.75, 'CONSERVATIVE': 12345.0, 'STRESS': 12345.25}",12276.5,289.7142857142857,2.201436790503052,"O01 LONG entry 12344.75, stop 12276.50, chandelier 12400.29, exit 12615.75 (EOD); paper PnL BASE +270.00 pts",2022-07-27 20:00:00+00:00,12615.75,12615.75,0.0,EOD,"{'BASE': 12615.75, 'CONSERVATIVE': 12615.5, 'STRESS': 12615.25}",270.0,269.5,269.0,12344.75,12345.0,12345.25,12615.75,12615.5,12615.25
2022-08-22,NQU2,SHORT,2022-08-22 13:35:00+00:00,2022-08-22 13:40:00+00:00,2022-08-22 13:40:00+00:00,13032.5,13033.0,0.5,"{'BASE': 13032.5, 'CONSERVATIVE': 13032.25, 'STRESS': 13032.0}",13092.25,257.98214285714283,-1.4909748827687377,"O01 SHORT entry 13032.50, stop 13092.25, chandelier 13132.48, exit 12916.00 (EOD); paper PnL BASE +115.50 pts",2022-08-22 20:00:00+00:00,12916.0,12916.0,0.0,EOD,"{'BASE': 12916.0, 'CONSERVATIVE': 12916.25, 'STRESS': 12916.5}",115.5,115.0,114.5,13032.5,13032.25,13032.0,12916.0,12916.25,12916.5
2022-09-09,NQU2,LONG,2022-09-09 13:35:00+00:00,2022-09-09 13:40:00+00:00,2022-09-09 13:40:00+00:00,12463.75,12464.25,0.5,"{'BASE': 12464.25, 'CONSERVATIVE': 12464.5, 'STRESS': 12464.75}",12415.5,270.60714285714283,1.3116193934133364,"O01 LONG entry 12464.25, stop 12415.50, chandelier 12343.14, exit 12590.00 (EOD); paper PnL BASE +124.75 pts",2022-09-09 20:00:00+00:00,12590.0,12590.0,0.0,EOD,"{'BASE': 12590.0, 'CONSERVATIVE': 12589.75, 'STRESS': 12589.5}",124.75,124.25,123.75,12464.25,12464.5,12464.75,12590.0,12589.75,12589.5
2022-09-27,NQZ2,LONG,2022-09-27 13:35:00+00:00,2022-09-27 13:40:00+00:00,2022-09-27 13:40:00+00:00,11550.0,11550.5,0.5,"{'BASE': 11550.5, 'CONSERVATIVE': 11550.75, 'STRESS': 11551.0}",11461.0,292.125,1.6394838062245718,"O01 LONG entry 11550.50, stop 11461.00, chandelier 11276.12, exit 11457.75 (STOP); paper PnL BASE -93.75 pts",2022-09-27 14:00:37+00:00,11457.75,11458.5,0.75,STOP,"{'BASE': 11457.75, 'CONSERVATIVE': 11457.5, 'STRESS': 11457.25}",-93.75,-94.25,-94.75,11550.5,11550.75,11551.0,11457.75,11457.5,11457.25
2022-10-04,NQZ2,LONG,2022-10-04 13:35:00+00:00,2022-10-04 13:40:00+00:00,2022-10-04 13:40:00+00:00,11571.5,11572.0,0.5,"{'BASE': 11572.0, 'CONSERVATIVE': 11572.25, 'STRESS': 11572.5}",11514.25,296.35714285714283,2.34999003626135,"O01 LONG entry 11572.00, stop 11514.25, chandelier 11378.64, exit 11644.25 (EOD); paper PnL BASE +71.25 pts",2022-10-04 20:00:00+00:00,11644.25,11644.25,0.0,EOD,"{'BASE': 11644.25, 'CONSERVATIVE': 11644.0, 'STRESS': 11643.75}",71.25,70.75,70.25,11572.0,11572.25,11572.5,11644.25,11644.0,11643.75
2022-12-15,NQH3,SHORT,2022-12-15 14:35:00+00:00,2022-12-15 14:40:00+00:00,2022-12-15 14:40:00+00:00,11649.0,11649.5,0.5,"{'BASE': 11649.0, 'CONSERVATIVE': 11648.75, 'STRESS': 11648.5}",11715.5,257.5,-1.2808367508404628,"O01 SHORT entry 11649.00, stop 11715.50, chandelier 11661.50, exit 11460.00 (EOD); paper PnL BASE +188.00 pts",2022-12-15 21:00:00+00:00,11460.0,11460.0,0.0,EOD,"{'BASE': 11460.0, 'CONSERVATIVE': 11460.25, 'STRESS': 11460.5}",188.0,187.5,187.0,11649.0,11648.75,11648.5,11460.0,11460.25,11460.5
2023-01-25,NQH3,SHORT,2023-01-25 14:35:00+00:00,2023-01-25 14:40:00+00:00,2023-01-25 14:40:00+00:00,11698.5,11699.0,0.5,"{'BASE': 11698.5, 'CONSERVATIVE': 11698.25, 'STRESS': 11698.0}",11712.75,220.85714285714286,-2.6096499139711216,"O01 SHORT entry 11698.50, stop 11712.75, chandelier n/a, exit 11713.00 (STOP); paper PnL BASE -15.50 pts",2023-01-25 14:40:50+00:00,11712.25,11713.0,0.75,STOP,"{'BASE': 11713.0, 'CONSERVATIVE': 11713.25, 'STRESS': 11713.5}",-15.5,-16.0,-16.5,11698.5,11698.25,11698.0,11713.0,11713.25,11713.5
2023-01-30,NQH3,SHORT,2023-01-30 14:35:00+00:00,2023-01-30 14:40:00+00:00,2023-01-30 14:40:00+00:00,12093.5,12094.0,0.5,"{'BASE': 12093.5, 'CONSERVATIVE': 12093.25, 'STRESS': 12093.0}",12110.75,216.66071428571428,-1.4981336671250582,"O01 SHORT entry 12093.50, stop 12110.75, chandelier 12285.16, exit 12112.50 (STOP); paper PnL BASE -20.00 pts",2023-01-30 14:46:51+00:00,12112.0,12112.5,0.5,STOP,"{'BASE': 12112.5, 'CONSERVATIVE': 12112.75, 'STRESS': 12113.0}",-20.0,-20.5,-21.0,12093.5,12093.25,12093.0,12112.5,12112.75,12113.0
2023-02-09,NQH3,LONG,2023-02-09 14:35:00+00:00,2023-02-09 14:40:00+00:00,2023-02-09 14:40:00+00:00,12684.25,12684.75,0.5,"{'BASE': 12684.75, 'CONSERVATIVE': 12685.0, 'STRESS': 12685.25}",12666.75,291.8392857142857,1.703637186051352,"O01 LONG entry 12684.75, stop 12666.75, chandelier n/a, exit 12665.50 (STOP); paper PnL BASE -20.25 pts",2023-02-09 14:41:05+00:00,12665.5,12666.0,0.5,STOP,"{'BASE': 12665.5, 'CONSERVATIVE': 12665.25, 'STRESS': 12665.0}",-20.25,-20.75,-21.25,12684.75,12685.0,12685.25,12665.5,12665.25,12665.0
2023-03-23,NQM3,LONG,2023-03-23 13:35:00+00:00,2023-03-23 13:40:00+00:00,2023-03-23 13:40:00+00:00,12862.0,12862.5,0.5,"{'BASE': 12862.5, 'CONSERVATIVE': 12862.75, 'STRESS': 12863.0}",12853.5,272.76785714285717,1.6330053208300905,"O01 LONG entry 12862.50, stop 12853.50, chandelier n/a, exit 12853.25 (STOP); paper PnL BASE -10.25 pts",2023-03-23 13:40:42+00:00,12853.25,12853.75,0.5,STOP,"{'BASE': 12853.25, 'CONSERVATIVE': 12853.0, 'STRESS': 12852.75}",-10.25,-10.75,-11.25,12862.5,12862.75,12863.0,12853.25,12853.0,12852.75
2023-03-29,NQM3,LONG,2023-03-29 13:35:00+00:00,2023-03-29 13:40:00+00:00,2023-03-29 13:40:00+00:00,12906.0,12906.5,0.5,"{'BASE': 12906.5, 'CONSERVATIVE': 12906.75, 'STRESS': 12907.0}",12881.0,277.7142857142857,2.120630961459321,"O01 LONG entry 12906.50, stop 12881.00, chandelier 12655.04, exit 12879.75 (STOP); paper PnL BASE -27.75 pts",2023-03-29 14:34:34+00:00,12879.75,12880.25,0.5,STOP,"{'BASE': 12879.75, 'CONSERVATIVE': 12879.5, 'STRESS': 12879.25}",-27.75,-28.25,-28.75,12906.5,12906.75,12907.0,12879.75,12879.5,12879.25
2023-04-20,NQM3,SHORT,2023-04-20 13:35:00+00:00,2023-04-20 13:40:00+00:00,2023-04-20 13:40:00+00:00,13086.75,13087.0,0.25,"{'BASE': 13086.75, 'CONSERVATIVE': 13086.5, 'STRESS': 13086.25}",13096.75,185.32142857142858,-1.6634982089157002,"O01 SHORT entry 13086.75, stop 13096.75, chandelier n/a, exit 13099.50 (STOP); paper PnL BASE -13.75 pts",2023-04-20 13:41:38+00:00,13099.0,13099.5,0.5,STOP,"{'BASE': 13099.5, 'CONSERVATIVE': 13099.75, 'STRESS': 13100.0}",-13.75,-14.25,-14.75,13086.75,13086.5,13086.25,13099.5,13099.75,13100.0
2023-06-14,NQU3,LONG,2023-06-14 13:35:00+00:00,2023-06-14 13:40:00+00:00,2023-06-14 13:40:00+00:00,15068.75,15069.25,0.5,"{'BASE': 15069.25, 'CONSERVATIVE': 15069.5, 'STRESS': 15069.75}",15052.5,221.98214285714286,1.694369826540751,"O01 LONG entry 15069.25, stop 15052.50, chandelier 14994.02, exit 15050.50 (STOP); paper PnL BASE -19.75 pts",2023-06-14 18:01:14+00:00,15050.5,15051.25,0.75,STOP,"{'BASE': 15050.5, 'CONSERVATIVE': 15050.25, 'STRESS': 15050.0}",-19.75,-20.25,-20.75,15069.25,15069.5,15069.75,15050.5,15050.25,15050.0
2023-07-13,NQU3,LONG,2023-07-13 13:35:00+00:00,2023-07-13 13:40:00+00:00,2023-07-13 13:40:00+00:00,15602.25,15602.75,0.5,"{'BASE': 15602.75, 'CONSERVATIVE': 15603.0, 'STRESS': 15603.25}",15552.25,189.125,1.5757237740924,"O01 LONG entry 15602.75, stop 15552.25, chandelier 15552.12, exit 15706.00 (EOD); paper PnL BASE +102.25 pts",2023-07-13 20:00:00+00:00,15706.0,15706.0,0.0,EOD,"{'BASE': 15706.0, 'CONSERVATIVE': 15705.75, 'STRESS': 15705.5}",102.25,101.75,101.25,15602.75,15603.0,15603.25,15706.0,15705.75,15705.5
2023-07-27,NQU3,LONG,2023-07-27 13:35:00+00:00,2023-07-27 13:40:00+00:00,2023-07-27 13:40:00+00:00,15875.0,15875.5,0.5,"{'BASE': 15875.5, 'CONSERVATIVE': 15875.75, 'STRESS': 15876.0}",15823.0,209.73214285714286,2.5029522426893687,"O01 LONG entry 15875.50, stop 15823.00, chandelier 15694.27, exit 15820.75 (STOP); paper PnL BASE -55.75 pts",2023-07-27 14:24:57+00:00,15820.75,15821.0,0.25,STOP,"{'BASE': 15820.75, 'CONSERVATIVE': 15820.5, 'STRESS': 15820.25}",-55.75,-56.25,-56.75,15875.5,15875.75,15876.0,15820.75,15820.5,15820.25
2023-08-22,NQU3,LONG,2023-08-22 13:35:00+00:00,2023-08-22 13:40:00+00:00,2023-08-22 13:40:00+00:00,15036.5,15037.0,0.5,"{'BASE': 15037.0, 'CONSERVATIVE': 15037.25, 'STRESS': 15037.5}",15032.25,236.98214285714286,1.0486263231776263,"O01 LONG entry 15037.00, stop 15032.25, chandelier n/a, exit 15031.00 (STOP); paper PnL BASE -7.00 pts",2023-08-22 13:40:06+00:00,15031.0,15031.5,0.5,STOP,"{'BASE': 15031.0, 'CONSERVATIVE': 15030.75, 'STRESS': 15030.5}",-7.0,-7.5,-8.0,15037.0,15037.25,15037.5,15031.0,15030.75,15030.5
2023-09-26,NQZ3,SHORT,2023-09-26 13:35:00+00:00,2023-09-26 13:40:00+00:00,2023-09-26 13:40:00+00:00,14837.0,14837.5,0.5,"{'BASE': 14837.0, 'CONSERVATIVE': 14836.75, 'STRESS': 14836.5}",14846.25,214.25,-1.191045486277454,"O01 SHORT entry 14837.00, stop 14846.25, chandelier 14880.50, exit 14708.75 (EOD); paper PnL BASE +127.25 pts",2023-09-26 20:00:00+00:00,14708.75,14708.75,0.0,EOD,"{'BASE': 14708.75, 'CONSERVATIVE': 14709.0, 'STRESS': 14709.25}",127.25,126.75,126.25,14837.0,14836.75,14836.5,14708.75,14709.0,14709.25
2023-09-29,NQZ3,LONG,2023-09-29 13:35:00+00:00,2023-09-29 13:40:00+00:00,2023-09-29 13:40:00+00:00,14996.75,14997.0,0.25,"{'BASE': 14997.0, 'CONSERVATIVE': 14997.25, 'STRESS': 14997.5}",14982.5,226.33928571428572,1.6101958216722676,"O01 LONG entry 14997.00, stop 14982.50, chandelier n/a, exit 14981.50 (STOP); paper PnL BASE -16.50 pts",2023-09-29 13:40:16+00:00,14981.5,14982.0,0.5,STOP,"{'BASE': 14981.5, 'CONSERVATIVE': 14981.25, 'STRESS': 14981.0}",-16.5,-17.0,-17.5,14997.0,14997.25,14997.5,14981.5,14981.25,14981.0
2023-10-25,NQZ3,SHORT,2023-10-25 13:35:00+00:00,2023-10-25 13:40:00+00:00,2023-10-25 13:40:00+00:00,14659.75,14660.25,0.5,"{'BASE': 14659.75, 'CONSERVATIVE': 14659.5, 'STRESS': 14659.25}",14749.25,256.7142857142857,-1.203632697314237,"O01 SHORT entry 14659.75, stop 14749.25, chandelier 14707.96, exit 14476.25 (EOD); paper PnL BASE +182.50 pts",2023-10-25 20:00:00+00:00,14476.25,14476.25,0.0,EOD,"{'BASE': 14476.25, 'CONSERVATIVE': 14476.5, 'STRESS': 14476.75}",182.5,182.0,181.5,14659.75,14659.5,14659.25,14476.25,14476.5,14476.75
2023-12-13,NQH4,LONG,2023-12-13 14:35:00+00:00,2023-12-13 14:40:00+00:00,2023-12-13 14:40:00+00:00,16640.5,16640.75,0.25,"{'BASE': 16640.75, 'CONSERVATIVE': 16641.0, 'STRESS': 16641.25}",16606.0,172.46428571428572,3.2898385005587003,"O01 LONG entry 16640.75, stop 16606.00, chandelier 16477.54, exit 16604.50 (STOP); paper PnL BASE -37.25 pts",2023-12-13 14:56:43+00:00,16604.5,16605.0,0.5,STOP,"{'BASE': 16604.5, 'CONSERVATIVE': 16604.25, 'STRESS': 16604.0}",-37.25,-37.75,-38.25,16640.75,16641.0,16641.25,16604.5,16604.25,16604.0
2024-01-19,NQH4,LONG,2024-01-19 14:35:00+00:00,2024-01-19 14:40:00+00:00,2024-01-19 14:40:00+00:00,17189.5,17190.0,0.5,"{'BASE': 17190.0, 'CONSERVATIVE': 17190.25, 'STRESS': 17190.5}",17166.25,214.26785714285714,1.0571129359867122,"O01 LONG entry 17190.00, stop 17166.25, chandelier 17233.73, exit 17442.50 (EOD); paper PnL BASE +251.50 pts",2024-01-19 21:00:00+00:00,17442.5,17442.5,0.0,EOD,"{'BASE': 17442.5, 'CONSERVATIVE': 17442.25, 'STRESS': 17442.0}",251.5,251.0,250.5,17190.0,17190.25,17190.5,17442.5,17442.25,17442.0
2024-01-24,NQH4,LONG,2024-01-24 14:35:00+00:00,2024-01-24 14:40:00+00:00,2024-01-24 14:40:00+00:00,17638.25,17638.75,0.5,"{'BASE': 17638.75, 'CONSERVATIVE': 17639.0, 'STRESS': 17639.25}",17637.5,203.85714285714286,2.0566350390305375,"O01 LONG entry 17638.75, stop 17637.50, chandelier n/a, exit 17637.50 (STOP); paper PnL BASE -2.25 pts",2024-01-24 14:40:06+00:00,17637.5,17638.0,0.5,STOP,"{'BASE': 17637.5, 'CONSERVATIVE': 17637.25, 'STRESS': 17637.0}",-2.25,-2.75,-3.25,17638.75,17639.0,17639.25,17637.5,17637.25,17637.0
2024-02-22,NQH4,LONG,2024-02-22 14:35:00+00:00,2024-02-22 14:40:00+00:00,2024-02-22 14:40:00+00:00,17892.5,17893.0,0.5,"{'BASE': 17893.0, 'CONSERVATIVE': 17893.25, 'STRESS': 17893.5}",17864.0,218.32142857142858,3.4288273519302095,"O01 LONG entry 17893.00, stop 17864.00, chandelier 17868.68, exit 18044.75 (EOD); paper PnL BASE +150.75 pts",2024-02-22 21:00:00+00:00,18044.75,18044.75,0.0,EOD,"{'BASE': 18044.75, 'CONSERVATIVE': 18044.5, 'STRESS': 18044.25}",150.75,150.25,149.75,17893.0,17893.25,17893.5,18044.75,18044.5,18044.25
2024-03-13,NQM4,LONG,2024-03-13 13:35:00+00:00,2024-03-13 13:40:00+00:00,2024-03-13 13:40:00+00:00,18390.0,18390.25,0.25,"{'BASE': 18390.25, 'CONSERVATIVE': 18390.5, 'STRESS': 18390.75}",18377.5,255.51785714285714,1.392769858077714,"O01 LONG entry 18390.25, stop 18377.50, chandelier n/a, exit 18377.25 (STOP); paper PnL BASE -14.00 pts",2024-03-13 13:40:47+00:00,18377.25,18378.25,1.0,STOP,"{'BASE': 18377.25, 'CONSERVATIVE': 18377.0, 'STRESS': 18376.75}",-14.0,-14.5,-15.0,18390.25,18390.5,18390.75,18377.25,18377.0,18376.75
2024-04-15,NQM4,LONG,2024-04-15 13:35:00+00:00,2024-04-15 13:40:00+00:00,2024-04-15 13:40:00+00:00,18290.75,18291.25,0.5,"{'BASE': 18291.25, 'CONSERVATIVE': 18291.5, 'STRESS': 18291.75}",18260.75,249.19642857142858,1.151875474458516,"O01 LONG entry 18291.25, stop 18260.75, chandelier 18077.05, exit 18258.50 (STOP); paper PnL BASE -33.75 pts",2024-04-15 14:08:14+00:00,18258.5,18259.0,0.5,STOP,"{'BASE': 18258.5, 'CONSERVATIVE': 18258.25, 'STRESS': 18258.0}",-33.75,-34.25,-34.75,18291.25,18291.5,18291.75,18258.5,18258.25,18258.0
2024-05-02,NQM4,LONG,2024-05-02 13:35:00+00:00,2024-05-02 13:40:00+00:00,2024-05-02 13:40:00+00:00,17530.5,17531.0,0.5,"{'BASE': 17531.0, 'CONSERVATIVE': 17531.25, 'STRESS': 17531.5}",17518.0,317.2857142857143,1.081506657367709,"O01 LONG entry 17531.00, stop 17518.00, chandelier n/a, exit 17517.25 (STOP); paper PnL BASE -14.75 pts",2024-05-02 13:40:06+00:00,17517.25,17517.75,0.5,STOP,"{'BASE': 17517.25, 'CONSERVATIVE': 17517.0, 'STRESS': 17516.75}",-14.75,-15.25,-15.75,17531.0,17531.25,17531.5,17517.25,17517.0,17516.75
2024-06-19,NQU4,LONG,2024-06-19 13:35:00+00:00,2024-06-19 13:40:00+00:00,2024-06-19 13:40:00+00:00,20241.5,20241.75,0.25,"{'BASE': 20241.75, 'CONSERVATIVE': 20242.0, 'STRESS': 20242.25}",20235.25,237.05357142857142,3.1405329545382092,"O01 LONG entry 20241.75, stop 20235.25, chandelier 20010.70, exit 20235.25 (STOP); paper PnL BASE -7.50 pts",2024-06-19 14:27:08+00:00,20235.25,20235.75,0.5,STOP,"{'BASE': 20235.25, 'CONSERVATIVE': 20235.0, 'STRESS': 20234.75}",-7.5,-8.0,-8.5,20241.75,20242.0,20242.25,20235.25,20235.0,20234.75
2024-07-17,NQU4,SHORT,2024-07-17 13:35:00+00:00,2024-07-17 13:40:00+00:00,2024-07-17 13:40:00+00:00,20236.5,20237.25,0.75,"{'BASE': 20236.5, 'CONSERVATIVE': 20236.25, 'STRESS': 20236.0}",20281.5,246.17857142857142,-4.379152378118888,"O01 SHORT entry 20236.50, stop 20281.50, chandelier 20233.93, exit 19992.00 (EOD); paper PnL BASE +243.50 pts",2024-07-17 20:00:00+00:00,19992.0,19992.0,0.0,EOD,"{'BASE': 19992.0, 'CONSERVATIVE': 19992.25, 'STRESS': 19992.5}",243.5,243.0,242.5,20236.5,20236.25,20236.0,19992.0,19992.25,19992.5
2024-07-26,NQU4,LONG,2024-07-26 13:35:00+00:00,2024-07-26 13:40:00+00:00,2024-07-26 13:40:00+00:00,19129.5,19130.25,0.75,"{'BASE': 19130.25, 'CONSERVATIVE': 19130.5, 'STRESS': 19130.75}",19088.25,353.32142857142856,1.4296217095537198,"O01 LONG entry 19130.25, stop 19088.25, chandelier n/a, exit 19086.00 (STOP); paper PnL BASE -45.25 pts",2024-07-26 13:42:07+00:00,19086.0,19086.75,0.75,STOP,"{'BASE': 19086.0, 'CONSERVATIVE': 19085.75, 'STRESS': 19085.5}",-45.25,-45.75,-46.25,19130.25,19130.5,19130.75,19086.0,19085.75,19085.5
2024-07-31,NQU4,LONG,2024-07-31 13:35:00+00:00,2024-07-31 13:40:00+00:00,2024-07-31 13:40:00+00:00,19361.25,19361.75,0.5,"{'BASE': 19361.75, 'CONSERVATIVE': 19362.0, 'STRESS': 19362.25}",19310.75,395.76785714285717,3.2615222883501906,"O01 LONG entry 19361.75, stop 19310.75, chandelier 19177.48, exit 19497.50 (EOD); paper PnL BASE +134.75 pts",2024-07-31 20:00:00+00:00,19497.5,19497.5,0.0,EOD,"{'BASE': 19497.5, 'CONSERVATIVE': 19497.25, 'STRESS': 19497.0}",134.75,134.25,133.75,19361.75,19362.0,19362.25,19497.5,19497.25,19497.0
2024-09-09,NQU4,LONG,2024-09-09 13:35:00+00:00,2024-09-09 13:40:00+00:00,2024-09-09 13:40:00+00:00,18659.25,18659.75,0.5,"{'BASE': 18659.75, 'CONSERVATIVE': 18660.0, 'STRESS': 18660.25}",18604.75,334.9107142857143,1.458539672035781,"O01 LONG entry 18659.75, stop 18604.75, chandelier 18385.84, exit 18599.50 (STOP); paper PnL BASE -61.25 pts",2024-09-09 14:30:18+00:00,18599.5,18600.25,0.75,STOP,"{'BASE': 18599.5, 'CONSERVATIVE': 18599.25, 'STRESS': 18599.0}",-61.25,-61.75,-62.25,18659.75,18660.0,18660.25,18599.5,18599.25,18599.0
2024-09-17,NQU4,LONG,2024-09-17 13:35:00+00:00,2024-09-17 13:40:00+00:00,2024-09-17 13:40:00+00:00,19544.5,19545.0,0.5,"{'BASE': 19545.0, 'CONSERVATIVE': 19545.25, 'STRESS': 19545.5}",19522.5,354.1607142857143,1.1954605647986516,"O01 LONG entry 19545.00, stop 19522.50, chandelier 19213.09, exit 19520.00 (STOP); paper PnL BASE -26.00 pts",2024-09-17 13:49:55+00:00,19520.0,19521.0,1.0,STOP,"{'BASE': 19520.0, 'CONSERVATIVE': 19519.75, 'STRESS': 19519.5}",-26.0,-26.5,-27.0,19545.0,19545.25,19545.5,19520.0,19519.75,19519.5
2024-09-18,NQZ4,LONG,2024-09-18 13:35:00+00:00,2024-09-18 13:40:00+00:00,2024-09-18 13:40:00+00:00,19679.25,19679.75,0.5,"{'BASE': 19679.75, 'CONSERVATIVE': 19680.0, 'STRESS': 19680.25}",19669.25,346.76785714285717,2.6970579574755846,"O01 LONG entry 19679.75, stop 19669.25, chandelier 19364.48, exit 19668.75 (STOP); paper PnL BASE -12.00 pts",2024-09-18 13:50:28+00:00,19668.75,19669.5,0.75,STOP,"{'BASE': 19668.75, 'CONSERVATIVE': 19668.5, 'STRESS': 19668.25}",-12.0,-12.5,-13.0,19679.75,19680.0,19680.25,19668.75,19668.5,19668.25
2024-09-19,NQZ4,LONG,2024-09-19 13:35:00+00:00,2024-09-19 13:40:00+00:00,2024-09-19 13:40:00+00:00,20050.25,20050.75,0.5,"{'BASE': 20050.75, 'CONSERVATIVE': 20051.0, 'STRESS': 20051.25}",20003.75,353.82142857142856,3.7269762858140587,"O01 LONG entry 20050.75, stop 20003.75, chandelier 19719.18, exit 19992.75 (STOP); paper PnL BASE -59.00 pts",2024-09-19 13:50:09+00:00,19992.75,19993.5,0.75,STOP,"{'BASE': 19992.75, 'CONSERVATIVE': 19992.5, 'STRESS': 19992.25}",-59.0,-59.5,-60.0,20050.75,20051.0,20051.25,19992.75,19992.5,19992.25
2024-09-26,NQZ4,LONG,2024-09-26 13:35:00+00:00,2024-09-26 13:40:00+00:00,2024-09-26 13:40:00+00:00,20445.5,20446.0,0.5,"{'BASE': 20446.0, 'CONSERVATIVE': 20446.25, 'STRESS': 20446.5}",20424.0,331.14285714285717,1.695200640266307,"O01 LONG entry 20446.00, stop 20424.00, chandelier n/a, exit 20424.00 (STOP); paper PnL BASE -23.00 pts",2024-09-26 13:40:37+00:00,20424.0,20424.5,0.5,STOP,"{'BASE': 20424.0, 'CONSERVATIVE': 20423.75, 'STRESS': 20423.5}",-23.0,-23.5,-24.0,20446.0,20446.25,20446.5,20424.0,20423.75,20423.5
2024-10-17,NQZ4,LONG,2024-10-17 13:35:00+00:00,2024-10-17 13:40:00+00:00,2024-10-17 13:40:00+00:00,20433.0,20433.5,0.5,"{'BASE': 20433.5, 'CONSERVATIVE': 20433.75, 'STRESS': 20434.0}",20402.75,263.625,1.2330936951677558,"O01 LONG entry 20433.50, stop 20402.75, chandelier 20241.12, exit 20394.25 (STOP); paper PnL BASE -40.25 pts",2024-10-17 14:01:57+00:00,20394.25,20395.0,0.75,STOP,"{'BASE': 20394.25, 'CONSERVATIVE': 20394.0, 'STRESS': 20393.75}",-40.25,-40.75,-41.25,20433.5,20433.75,20434.0,20394.25,20394.0,20393.75
2024-10-24,NQZ4,LONG,2024-10-24 13:35:00+00:00,2024-10-24 13:40:00+00:00,2024-10-24 13:40:00+00:00,20347.75,20348.25,0.5,"{'BASE': 20348.25, 'CONSERVATIVE': 20348.5, 'STRESS': 20348.75}",20311.75,257.48214285714283,1.085845788312209,"O01 LONG entry 20348.25, stop 20311.75, chandelier 20102.52, exit 20309.75 (STOP); paper PnL BASE -39.50 pts",2024-10-24 13:47:03+00:00,20309.75,20310.25,0.5,STOP,"{'BASE': 20309.75, 'CONSERVATIVE': 20309.5, 'STRESS': 20309.25}",-39.5,-40.0,-40.5,20348.25,20348.5,20348.75,20309.75,20309.5,20309.25
2024-11-06,NQZ4,LONG,2024-11-06 14:35:00+00:00,2024-11-06 14:40:00+00:00,2024-11-06 14:40:00+00:00,20793.0,20793.5,0.5,"{'BASE': 20793.5, 'CONSERVATIVE': 20793.75, 'STRESS': 20794.0}",20670.0,268.5,3.1785603778709204,"O01 LONG entry 20793.50, stop 20670.00, chandelier 20536.75, exit 20663.00 (STOP); paper PnL BASE -131.50 pts",2024-11-06 14:49:42+00:00,20663.0,20663.75,0.75,STOP,"{'BASE': 20663.0, 'CONSERVATIVE': 20662.75, 'STRESS': 20662.5}",-131.5,-132.0,-132.5,20793.5,20793.75,20794.0,20663.0,20662.75,20662.5
2024-11-15,NQZ4,SHORT,2024-11-15 14:35:00+00:00,2024-11-15 14:40:00+00:00,2024-11-15 14:40:00+00:00,20699.5,20700.25,0.75,"{'BASE': 20699.5, 'CONSERVATIVE': 20699.25, 'STRESS': 20699.0}",20773.75,271.625,-2.3542517988640506,"O01 SHORT entry 20699.50, stop 20773.75, chandelier 20676.88, exit 20491.50 (EOD); paper PnL BASE +207.00 pts",2024-11-15 21:00:00+00:00,20491.5,20491.5,0.0,EOD,"{'BASE': 20491.5, 'CONSERVATIVE': 20491.75, 'STRESS': 20492.0}",207.0,206.5,206.0,20699.5,20699.25,20699.0,20491.5,20491.75,20492.0
2024-12-19,NQH5,LONG,2024-12-19 14:35:00+00:00,2024-12-19 14:40:00+00:00,2024-12-19 14:40:00+00:00,21610.75,21611.5,0.75,"{'BASE': 21611.5, 'CONSERVATIVE': 21611.75, 'STRESS': 21612.0}",21568.0,282.125,4.868948842458533,"O01 LONG entry 21611.50, stop 21568.00, chandelier 21391.88, exit 21566.00 (STOP); paper PnL BASE -46.50 pts",2024-12-19 14:54:57+00:00,21566.0,21567.0,1.0,STOP,"{'BASE': 21566.0, 'CONSERVATIVE': 21565.75, 'STRESS': 21565.5}",-46.5,-47.0,-47.5,21611.5,21611.75,21612.0,21566.0,21565.75,21565.5
2025-01-13,NQH5,SHORT,2025-01-13 14:35:00+00:00,2025-01-13 14:40:00+00:00,2025-01-13 14:40:00+00:00,20725.25,20726.0,0.75,"{'BASE': 20725.25, 'CONSERVATIVE': 20725.0, 'STRESS': 20724.75}",20785.5,408.4642857142857,-1.6408433878670141,"O01 SHORT entry 20725.25, stop 20785.50, chandelier 21110.46, exit 20787.75 (STOP); paper PnL BASE -63.50 pts",2025-01-13 14:53:28+00:00,20787.0,20787.75,0.75,STOP,"{'BASE': 20787.75, 'CONSERVATIVE': 20788.0, 'STRESS': 20788.25}",-63.5,-64.0,-64.5,20725.25,20725.0,20724.75,20787.75,20788.0,20788.25
2025-02-03,NQH5,SHORT,2025-02-03 14:35:00+00:00,2025-02-03 14:40:00+00:00,2025-02-03 14:40:00+00:00,21307.0,21307.5,0.5,"{'BASE': 21307.0, 'CONSERVATIVE': 21306.75, 'STRESS': 21306.5}",21314.5,361.32142857142856,-1.6400983564510525,"O01 SHORT entry 21307.00, stop 21314.50, chandelier 21474.57, exit 21324.50 (STOP); paper PnL BASE -18.50 pts",2025-02-03 15:24:36+00:00,21323.5,21324.5,1.0,STOP,"{'BASE': 21324.5, 'CONSERVATIVE': 21324.75, 'STRESS': 21325.0}",-18.5,-19.0,-19.5,21307.0,21306.75,21306.5,21324.5,21324.75,21325.0
2025-02-27,NQH5,LONG,2025-02-27 14:35:00+00:00,2025-02-27 14:40:00+00:00,2025-02-27 14:40:00+00:00,21308.0,21308.75,0.75,"{'BASE': 21308.75, 'CONSERVATIVE': 21309.0, 'STRESS': 21309.25}",21301.25,289.14285714285717,1.2314435581006673,"O01 LONG entry 21308.75, stop 21301.25, chandelier n/a, exit 21299.75 (STOP); paper PnL BASE -10.00 pts",2025-02-27 14:40:03+00:00,21299.75,21300.5,0.75,STOP,"{'BASE': 21299.75, 'CONSERVATIVE': 21299.5, 'STRESS': 21299.25}",-10.0,-10.5,-11.0,21308.75,21309.0,21309.25,21299.75,21299.5,21299.25
2025-04-10,NQM5,SHORT,2025-04-10 13:35:00+00:00,2025-04-10 13:40:00+00:00,2025-04-10 13:40:00+00:00,18794.25,18796.5,2.25,"{'BASE': 18794.25, 'CONSERVATIVE': 18794.0, 'STRESS': 18793.75}",18871.5,799.9464285714286,-1.1700587894574441,"O01 SHORT entry 18794.25, stop 18871.50, chandelier 18718.95, exit 18483.00 (EOD); paper PnL BASE +310.25 pts",2025-04-10 20:00:00+00:00,18483.0,18483.0,0.0,EOD,"{'BASE': 18483.0, 'CONSERVATIVE': 18483.25, 'STRESS': 18483.5}",310.25,309.75,309.25,18794.25,18794.0,18793.75,18483.0,18483.25,18483.5
2025-04-22,NQM5,LONG,2025-04-22 13:35:00+00:00,2025-04-22 13:40:00+00:00,2025-04-22 13:40:00+00:00,18152.75,18153.5,0.75,"{'BASE': 18153.5, 'CONSERVATIVE': 18153.75, 'STRESS': 18154.0}",18100.5,891.9107142857143,1.0466825559460635,"O01 LONG entry 18153.50, stop 18100.50, chandelier 17622.09, exit 18380.00 (EOD); paper PnL BASE +225.50 pts",2025-04-22 20:00:00+00:00,18380.0,18380.0,0.0,EOD,"{'BASE': 18380.0, 'CONSERVATIVE': 18379.75, 'STRESS': 18379.5}",225.5,225.0,224.5,18153.5,18153.75,18154.0,18380.0,18379.75,18379.5
2025-05-01,NQM5,LONG,2025-05-01 13:35:00+00:00,2025-05-01 13:40:00+00:00,2025-05-01 13:40:00+00:00,19910.5,19911.5,1.0,"{'BASE': 19911.5, 'CONSERVATIVE': 19911.75, 'STRESS': 19912.0}",19903.0,531.25,1.046700850570889,"O01 LONG entry 19911.50, stop 19903.00, chandelier n/a, exit 19902.75 (STOP); paper PnL BASE -9.75 pts",2025-05-01 13:40:07+00:00,19902.75,19903.5,0.75,STOP,"{'BASE': 19902.75, 'CONSERVATIVE': 19902.5, 'STRESS': 19902.25}",-9.75,-10.25,-10.75,19911.5,19911.75,19912.0,19902.75,19902.5,19902.25
2025-05-12,NQM5,LONG,2025-05-12 13:35:00+00:00,2025-05-12 13:40:00+00:00,2025-05-12 13:40:00+00:00,20786.25,20786.75,0.5,"{'BASE': 20786.75, 'CONSERVATIVE': 20787.0, 'STRESS': 20787.25}",20766.75,414.42857142857144,2.7928905957507477,"O01 LONG entry 20786.75, stop 20766.75, chandelier n/a, exit 20756.00 (STOP); paper PnL BASE -31.75 pts",2025-05-12 13:42:07+00:00,20756.0,20756.75,0.75,STOP,"{'BASE': 20756.0, 'CONSERVATIVE': 20755.75, 'STRESS': 20755.5}",-31.75,-32.25,-32.75,20786.75,20787.0,20787.25,20756.0,20755.75,20755.5
2025-05-19,NQM5,SHORT,2025-05-19 13:35:00+00:00,2025-05-19 13:40:00+00:00,2025-05-19 13:40:00+00:00,21304.5,21305.25,0.75,"{'BASE': 21304.5, 'CONSERVATIVE': 21304.25, 'STRESS': 21304.0}",21312.0,366.67857142857144,-1.27646913617698,"O01 SHORT entry 21304.50, stop 21312.00, chandelier n/a, exit 21313.75 (STOP); paper PnL BASE -10.25 pts",2025-05-19 13:40:07+00:00,21313.0,21313.75,0.75,STOP,"{'BASE': 21313.75, 'CONSERVATIVE': 21314.0, 'STRESS': 21314.25}",-10.25,-10.75,-11.25,21304.5,21304.25,21304.0,21313.75,21314.0,21314.25
2025-05-26,NQM5,LONG,2025-05-26 13:35:00+00:00,2025-05-26 13:40:00+00:00,2025-05-26 13:40:00+00:00,21297.5,21298.25,0.75,"{'BASE': 21298.25, 'CONSERVATIVE': 21298.5, 'STRESS': 21298.75}",21258.75,341.875,1.0386343763773076,"O01 LONG entry 21298.25, stop 21258.75, chandelier 20962.38, exit 21258.75 (STOP); paper PnL BASE -40.50 pts",2025-05-26 14:30:46+00:00,21258.75,21259.5,0.75,STOP,"{'BASE': 21258.75, 'CONSERVATIVE': 21258.5, 'STRESS': 21258.25}",-40.5,-41.0,-41.5,21298.25,21298.5,21298.75,21258.75,21258.5,21258.25
2025-06-13,NQM5,SHORT,2025-06-13 13:35:00+00:00,2025-06-13 13:40:00+00:00,2025-06-13 13:40:00+00:00,21782.0,21783.0,1.0,"{'BASE': 21782.0, 'CONSERVATIVE': 21781.75, 'STRESS': 21781.5}",21788.0,274.80357142857144,-1.556214084440255,"O01 SHORT entry 21782.00, stop 21788.00, chandelier 22011.05, exit 21792.00 (STOP); paper PnL BASE -11.00 pts",2025-06-13 13:51:09+00:00,21791.25,21792.0,0.75,STOP,"{'BASE': 21792.0, 'CONSERVATIVE': 21792.25, 'STRESS': 21792.5}",-11.0,-11.5,-12.0,21782.0,21781.75,21781.5,21792.0,21792.25,21792.5
2025-06-18,NQU5,LONG,2025-06-18 13:35:00+00:00,2025-06-18 13:40:00+00:00,2025-06-18 13:40:00+00:00,21962.0,21962.75,0.75,"{'BASE': 21962.75, 'CONSERVATIVE': 21963.0, 'STRESS': 21963.25}",21926.25,282.19642857142856,1.605805415832356,"O01 LONG entry 21962.75, stop 21926.25, chandelier 21815.55, exit 21919.75 (STOP); paper PnL BASE -44.00 pts",2025-06-18 18:57:09+00:00,21919.75,21920.5,0.75,STOP,"{'BASE': 21919.75, 'CONSERVATIVE': 21919.5, 'STRESS': 21919.25}",-44.0,-44.5,-45.0,21962.75,21963.0,21963.25,21919.75,21919.5,21919.25
2025-06-24,NQU5,LONG,2025-06-24 13:35:00+00:00,2025-06-24 13:40:00+00:00,2025-06-24 13:40:00+00:00,22300.25,22301.0,0.75,"{'BASE': 22301.0, 'CONSERVATIVE': 22301.25, 'STRESS': 22301.5}",22260.0,286.7857142857143,1.0934298631732537,"O01 LONG entry 22301.00, stop 22260.00, chandelier 22161.46, exit 22406.00 (EOD); paper PnL BASE +104.00 pts",2025-06-24 20:00:00+00:00,22406.0,22406.0,0.0,EOD,"{'BASE': 22406.0, 'CONSERVATIVE': 22405.75, 'STRESS': 22405.5}",104.0,103.5,103.0,22301.0,22301.25,22301.5,22406.0,22405.75,22405.5
2025-07-04,NQU5,SHORT,2025-07-04 13:35:00+00:00,2025-07-04 13:40:00+00:00,2025-07-04 13:40:00+00:00,22897.0,22897.75,0.75,"{'BASE': 22897.0, 'CONSERVATIVE': 22896.75, 'STRESS': 22896.5}",22924.0,276.80357142857144,-1.233963220123949,"O01 SHORT entry 22897.00, stop 22924.00, chandelier n/a, exit 22924.25 (STOP); paper PnL BASE -28.25 pts",2025-07-04 13:42:26+00:00,22923.25,22924.25,1.0,STOP,"{'BASE': 22924.25, 'CONSERVATIVE': 22924.5, 'STRESS': 22924.75}",-28.25,-28.75,-29.25,22897.0,22896.75,22896.5,22924.25,22924.5,22924.75
2025-07-29,NQU5,LONG,2025-07-29 13:35:00+00:00,2025-07-29 13:40:00+00:00,2025-07-29 13:40:00+00:00,23645.5,23646.0,0.5,"{'BASE': 23646.0, 'CONSERVATIVE': 23646.25, 'STRESS': 23646.5}",23592.0,185.375,1.2321925480462526,"O01 LONG entry 23646.00, stop 23592.00, chandelier 23464.12, exit 23590.00 (STOP); paper PnL BASE -57.00 pts",2025-07-29 13:49:29+00:00,23590.0,23590.5,0.5,STOP,"{'BASE': 23590.0, 'CONSERVATIVE': 23589.75, 'STRESS': 23589.5}",-57.0,-57.5,-58.0,23646.0,23646.25,23646.5,23590.0,23589.75,23589.5
2025-08-01,NQU5,SHORT,2025-08-01 13:35:00+00:00,2025-08-01 13:40:00+00:00,2025-08-01 13:40:00+00:00,22991.75,22992.5,0.75,"{'BASE': 22991.75, 'CONSERVATIVE': 22991.5, 'STRESS': 22991.25}",23095.75,209.89285714285714,-3.622364241362303,"O01 SHORT entry 22991.75, stop 23095.75, chandelier 23009.89, exit 23026.00 (TRAIL); paper PnL BASE -35.25 pts",2025-08-01 16:05:00+00:00,23026.0,23026.0,0.0,TRAIL,"{'BASE': 23026.0, 'CONSERVATIVE': 23026.25, 'STRESS': 23026.5}",-35.25,-35.75,-36.25,22991.75,22991.5,22991.25,23026.0,23026.25,23026.5
2025-08-04,NQU5,LONG,2025-08-04 13:35:00+00:00,2025-08-04 13:40:00+00:00,2025-08-04 13:40:00+00:00,23159.0,23159.75,0.75,"{'BASE': 23159.75, 'CONSERVATIVE': 23160.0, 'STRESS': 23160.25}",23088.75,235.25,1.8475133923564926,"O01 LONG entry 23159.75, stop 23088.75, chandelier 23072.00, exit 23297.25 (EOD); paper PnL BASE +136.50 pts",2025-08-04 20:00:00+00:00,23297.25,23297.25,0.0,EOD,"{'BASE': 23297.25, 'CONSERVATIVE': 23297.0, 'STRESS': 23296.75}",136.5,136.0,135.5,23159.75,23160.0,23160.25,23297.25,23297.0,23296.75
2025-09-18,NQZ5,LONG,2025-09-18 13:35:00+00:00,2025-09-18 13:40:00+00:00,2025-09-18 13:40:00+00:00,24668.0,24668.5,0.5,"{'BASE': 24668.5, 'CONSERVATIVE': 24668.75, 'STRESS': 24669.0}",24653.75,238.53571428571428,3.402201060175105,"O01 LONG entry 24668.50, stop 24653.75, chandelier n/a, exit 24653.50 (STOP); paper PnL BASE -16.00 pts",2025-09-18 13:40:45+00:00,24653.5,24654.0,0.5,STOP,"{'BASE': 24653.5, 'CONSERVATIVE': 24653.25, 'STRESS': 24653.0}",-16.0,-16.5,-17.0,24668.5,24668.75,24669.0,24653.5,24653.25,24653.0
2025-10-13,NQZ5,LONG,2025-10-13 13:35:00+00:00,2025-10-13 13:40:00+00:00,2025-10-13 13:40:00+00:00,24758.25,24759.0,0.75,"{'BASE': 24759.0, 'CONSERVATIVE': 24759.25, 'STRESS': 24759.5}",24724.5,301.4642857142857,2.9594333604444274,"O01 LONG entry 24759.00, stop 24724.50, chandelier 24663.54, exit 24920.75 (EOD); paper PnL BASE +160.75 pts",2025-10-13 20:00:00+00:00,24920.75,24920.75,0.0,EOD,"{'BASE': 24920.75, 'CONSERVATIVE': 24920.5, 'STRESS': 24920.25}",160.75,160.25,159.75,24759.0,24759.25,24759.5,24920.75,24920.5,24920.25
2025-10-14,NQZ5,SHORT,2025-10-14 13:35:00+00:00,2025-10-14 13:40:00+00:00,2025-10-14 13:40:00+00:00,24509.0,24509.75,0.75,"{'BASE': 24509.0, 'CONSERVATIVE': 24508.75, 'STRESS': 24508.5}",24641.5,324.0892857142857,-2.243083940064606,"O01 SHORT entry 24509.00, stop 24641.50, chandelier 24745.09, exit 24652.00 (STOP); paper PnL BASE -144.00 pts",2025-10-14 14:20:27+00:00,24651.5,24652.0,0.5,STOP,"{'BASE': 24652.0, 'CONSERVATIVE': 24652.25, 'STRESS': 24652.5}",-144.0,-144.5,-145.0,24509.0,24508.75,24508.5,24652.0,24652.25,24652.5
2025-10-15,NQZ5,LONG,2025-10-15 13:35:00+00:00,2025-10-15 13:40:00+00:00,2025-10-15 13:40:00+00:00,24933.5,24934.5,1.0,"{'BASE': 24934.5, 'CONSERVATIVE': 24934.75, 'STRESS': 24935.0}",24926.75,338.7142857142857,1.1290026432616806,"O01 LONG entry 24934.50, stop 24926.75, chandelier n/a, exit 24926.50 (STOP); paper PnL BASE -9.00 pts",2025-10-15 13:44:16+00:00,24926.5,24927.0,0.5,STOP,"{'BASE': 24926.5, 'CONSERVATIVE': 24926.25, 'STRESS': 24926.0}",-9.0,-9.5,-10.0,24934.5,24934.75,24935.0,24926.5,24926.25,24926.0
2025-11-04,NQZ5,SHORT,2025-11-04 14:35:00+00:00,2025-11-04 14:40:00+00:00,2025-11-04 14:40:00+00:00,25688.25,25689.0,0.75,"{'BASE': 25688.25, 'CONSERVATIVE': 25688.0, 'STRESS': 25687.75}",25756.5,357.67857142857144,-2.557126672400425,"O01 SHORT entry 25688.25, stop 25756.50, chandelier n/a, exit 25757.25 (STOP); paper PnL BASE -70.00 pts",2025-11-04 14:41:49+00:00,25756.75,25757.25,0.5,STOP,"{'BASE': 25757.25, 'CONSERVATIVE': 25757.5, 'STRESS': 25757.75}",-70.0,-70.5,-71.0,25688.25,25688.0,25687.75,25757.25,25757.5,25757.75
2025-11-10,NQZ5,LONG,2025-11-10 14:35:00+00:00,2025-11-10 14:40:00+00:00,2025-11-10 14:40:00+00:00,25611.0,25611.75,0.75,"{'BASE': 25611.75, 'CONSERVATIVE': 25612.0, 'STRESS': 25612.25}",25525.25,380.10714285714283,1.567587573413634,"O01 LONG entry 25611.75, stop 25525.25, chandelier 25286.39, exit 25523.00 (STOP); paper PnL BASE -89.75 pts",2025-11-10 15:59:10+00:00,25523.0,25523.5,0.5,STOP,"{'BASE': 25523.0, 'CONSERVATIVE': 25522.75, 'STRESS': 25522.5}",-89.75,-90.25,-90.75,25611.75,25612.0,25612.25,25523.0,25522.75,25522.5
