experiment_id,family_id,mechanism,feature_causality_pass,parameters,N,mean_pips,PF,expectancy_r,stress_pips,remove_best_pips,status,reason
MR_E001,A,impulse_z1.5_cap0.5_h24,PENDING_GATE,"{""tf"": ""H1"", ""rates_sym"": ""ZN"", ""thr"": 1.5, ""cap"": 0.5, ""stop_mult"": 2.5, ""hold_hours"": 24, ""rr"": 1.0}",2197,0.823,1.037,0.0041,-0.078,-0.58,screen_reject,PF<1.15 (1.037); expR<0.04 (0.0041); remove_best<=0
MR_E002,A,impulse_z2.0_cap0.5_h24,PENDING_GATE,"{""tf"": ""H1"", ""rates_sym"": ""ZN"", ""thr"": 2.0, ""cap"": 0.5, ""stop_mult"": 2.5, ""hold_hours"": 24, ""rr"": 1.0}",1212,1.334,1.058,0.0063,0.377,-0.392,screen_reject,PF<1.15 (1.058); expR<0.04 (0.0063); remove_best<=0
MR_E003,B,div_z1.5_h48,PENDING_GATE,"{""tf"": ""H4"", ""thr"": 1.5, ""cap"": 0.0, ""stop_mult"": 2.5, ""hold_hours"": 48, ""rr"": 1.0}",642,3.435,1.114,0.0472,2.415,1.624,screen_reject,PF<1.15 (1.114)
MR_E004,B,div_z2.0_h48,PENDING_GATE,"{""tf"": ""H4"", ""thr"": 2.0, ""cap"": 0.0, ""stop_mult"": 2.5, ""hold_hours"": 48, ""rr"": 1.0}",328,5.426,1.172,0.0688,4.583,3.382,PROMOTE,promoted
MR_E005,C,curve_flat_usdup_thr1_h5d,PENDING_GATE,"{""tf"": ""D1"", ""thr"": 1.0, ""variant"": ""flat_short_usd"", ""stop_mult"": 2.0, ""hold_hours"": 120, ""rr"": 1.0}",233,-4.385,0.925,-0.036,-5.769,-8.599,screen_reject,PF<1.15 (0.925); expR<0.04 (-0.036); remove_best<=0
MR_E006,C,curve_steep_usddn_thr1_h5d,PENDING_GATE,"{""tf"": ""D1"", ""thr"": 1.0, ""variant"": ""steep_short_usd"", ""stop_mult"": 2.0, ""hold_hours"": 120, ""rr"": 1.0}",233,3.164,1.058,0.0303,2.287,-1.008,screen_reject,PF<1.15 (1.058); expR<0.04 (0.0303); remove_best<=0
MR_E007,E,volregime_1.5_h24,PENDING_GATE,"{""tf"": ""H4"", ""ratio_thr"": 1.5, ""stop_mult"": 2.5, ""hold_hours"": 24, ""rr"": 1.0}",632,1.267,1.05,0.0077,0.349,-0.943,screen_reject,PF<1.15 (1.05); expR<0.04 (0.0077); remove_best<=0
MR_E008,H,surprise_z1.0_h24,PENDING_GATE,"{""tf"": ""H1"", ""sz"": 1.0, ""stop_mult"": 2.5, ""hold_hours"": 24, ""rr"": 1.0}",122,-3.381,0.846,-0.0861,-4.053,-4.799,screen_reject,PF<1.15 (0.846); expR<0.04 (-0.0861); remove_best<=0
MR_E009,H,surprise_z1.0_h120,PENDING_GATE,"{""tf"": ""H1"", ""sz"": 1.0, ""stop_mult"": 2.5, ""hold_hours"": 120, ""rr"": 1.0}",122,-3.884,0.863,-0.1011,-4.389,-5.359,screen_reject,PF<1.15 (0.863); expR<0.04 (-0.1011); remove_best<=0
MR_E010,G,evfx_follow_h24,PENDING_GATE,"{""tf"": ""H1"", ""follow"": 1, ""stop_mult"": 2.5, ""hold_hours"": 24, ""rr"": 1.0}",384,-0.057,0.997,-0.0255,-0.843,-1.405,screen_reject,PF<1.15 (0.997); expR<0.04 (-0.0255); remove_best<=0
MR_E011,G,evfx_fade_h24,PENDING_GATE,"{""tf"": ""H1"", ""follow"": -1, ""stop_mult"": 2.5, ""hold_hours"": 24, ""rr"": 1.0}",384,-1.405,0.934,-0.0069,-2.262,-2.389,screen_reject,PF<1.15 (0.934); expR<0.04 (-0.0069); remove_best<=0
MR_E012,D,trendpb_thr1.0_h5d,PENDING_GATE,"{""tf"": ""D1"", ""thr"": 1.0, ""stop_mult"": 2.0, ""hold_hours"": 120, ""rr"": 1.0}",339,4.715,1.09,-0.0001,3.788,0.665,screen_reject,PF<1.15 (1.09); expR<0.04 (-0.0001)
MR_E013,D,trendpb_thr2.0_h5d,PENDING_GATE,"{""tf"": ""D1"", ""thr"": 2.0, ""stop_mult"": 2.0, ""hold_hours"": 120, ""rr"": 1.0}",105,-8.002,0.87,-0.0771,-8.892,-13.947,screen_reject,PF<1.15 (0.87); expR<0.04 (-0.0771); remove_best<=0
MR_E014,I,xmat_z1.5_cap0.5_h24,PENDING_GATE,"{""tf"": ""H1"", ""thr"": 1.5, ""cap"": 0.5, ""stop_mult"": 2.5, ""hold_hours"": 24, ""rr"": 1.0}",1661,-0.202,0.991,-0.018,-0.97,-1.731,screen_reject,PF<1.15 (0.991); expR<0.04 (-0.018); remove_best<=0
MR_E015,I,xmat_z1.5_cap0.5_adx25_h24,PENDING_GATE,"{""tf"": ""H1"", ""thr"": 1.5, ""cap"": 0.5, ""adx_max"": 25, ""stop_mult"": 2.5, ""hold_hours"": 24, ""rr"": 1.0}",808,-0.023,0.999,-0.0157,-0.606,-1.298,screen_reject,PF<1.15 (0.999); expR<0.04 (-0.0157); remove_best<=0
MR_E016,K,regime_don20_z1.0_h48,PENDING_GATE,"{""tf"": ""H4"", ""don"": 30, ""thr"": 1.0, ""stop_mult"": 2.5, ""hold_hours"": 48, ""rr"": 1.0}",371,2.176,1.078,0.0198,1.218,0.404,screen_reject,PF<1.15 (1.078); expR<0.04 (0.0198)
MR_E017,B,div_z2.5_h48,PENDING_GATE,"{""tf"": ""H4"", ""thr"": 2.5, ""cap"": 0.0, ""stop_mult"": 2.5, ""hold_hours"": 48, ""rr"": 1.0}",177,12.866,1.465,0.1388,12.045,10.985,PROMOTE,promoted
MR_E018,B,div_z2.0_h24,PENDING_GATE,"{""tf"": ""H4"", ""thr"": 2.0, ""cap"": 0.0, ""stop_mult"": 2.5, ""hold_hours"": 24, ""rr"": 1.0}",345,9.109,1.416,0.0853,8.201,7.042,PROMOTE,promoted
MR_E019,B,div_z2.0_h120,PENDING_GATE,"{""tf"": ""H4"", ""thr"": 2.0, ""cap"": 0.0, ""stop_mult"": 2.5, ""hold_hours"": 120, ""rr"": 1.0}",291,3.536,1.083,0.0701,3.034,1.731,screen_reject,PF<1.15 (1.083)
MR_E020,B,div_z2.0_cap-0.5_h48,PENDING_GATE,"{""tf"": ""H4"", ""thr"": 2.0, ""cap"": -0.5, ""stop_mult"": 2.5, ""hold_hours"": 48, ""rr"": 1.0}",276,8.875,1.306,0.0893,8.02,7.052,PROMOTE,promoted
MR_E021,B,div_z2.0_ZF_h48,PENDING_GATE,"{""tf"": ""H4"", ""thr"": 2.0, ""cap"": 0.0, ""stop_mult"": 2.5, ""rates_sym"": ""ZF"", ""hold_hours"": 48, ""rr"": 1.0}",328,5.426,1.172,0.0688,4.583,3.382,DUPLICATE_OF_E004,"signal_fn ignored rates_sym; ZN re-run, not a ZF test. Not counted as ZF evidence."
MR_E022,B,div_z2.0_stop3.0_h48,PENDING_GATE,"{""tf"": ""H4"", ""thr"": 2.0, ""cap"": 0.0, ""stop_mult"": 3.0, ""hold_hours"": 48, ""rr"": 1.0}",316,4.1,1.119,0.051,3.176,1.522,screen_reject,PF<1.15 (1.119)
MR_E023,C,curve_steep_usddn_thr1.5_h5d,PENDING_GATE,"{""tf"": ""D1"", ""thr"": 1.5, ""variant"": ""steep_short_usd"", ""stop_mult"": 2.0, ""hold_hours"": 120, ""rr"": 1.0}",97,23.585,1.546,0.1179,22.709,20.08,PROMOTE,promoted
MR_E024,K,regime_don30_z1.5_h48,PENDING_GATE,"{""tf"": ""H4"", ""don"": 30, ""thr"": 1.5, ""stop_mult"": 2.5, ""hold_hours"": 48, ""rr"": 1.0}",181,1.912,1.067,0.008,0.303,0.033,screen_reject,PF<1.15 (1.067); expR<0.04 (0.008)
MR_E025,B,div_z2.5_h24,PENDING_GATE,"{""tf"": ""H4"", ""thr"": 2.5, ""cap"": 0.0, ""stop_mult"": 2.5, ""hold_hours"": 24, ""rr"": 1.0}",180,14.343,1.704,0.1381,13.49,12.576,PROMOTE,promoted
MR_E026,B,div_z2.5_cap-0.5_h48,PENDING_GATE,"{""tf"": ""H4"", ""thr"": 2.5, ""cap"": -0.5, ""stop_mult"": 2.5, ""hold_hours"": 48, ""rr"": 1.0}",145,14.486,1.551,0.1428,13.631,12.206,PROMOTE,promoted
MR_E027,B,div_z2.5_stop2.0_h48,PENDING_GATE,"{""tf"": ""H4"", ""thr"": 2.5, ""cap"": 0.0, ""stop_mult"": 2.0, ""hold_hours"": 48, ""rr"": 1.0}",184,10.4,1.392,0.1361,9.462,8.954,PROMOTE,promoted
