symbol,instrument_id,raw_symbol,start_date,end_date
ZT,613048,ZTU0,2010-06-04,2010-09-02
ZT,470015,ZTZ0,2010-09-02,2010-12-02
ZT,571800,ZTH1,2010-12-02,2011-03-02
ZT,691779,ZTM1,2011-03-02,2011-06-02
ZT,325912,ZTU1,2011-06-02,2011-09-02
ZT,36443,ZTZ1,2011-09-02,2011-12-02
ZT,435773,ZTH2,2011-12-02,2012-03-02
ZT,26116,ZTM2,2012-03-02,2012-06-03
ZT,630499,ZTU2,2012-06-03,2012-09-03
ZT,17826,ZTZ2,2012-09-03,2012-12-02
ZT,431798,ZTH3,2012-12-02,2013-03-03
ZT,64631,ZTM3,2013-03-03,2013-06-02
ZT,224332,ZTU3,2013-06-02,2013-09-02
ZT,106458,ZTZ3,2013-09-02,2013-12-01
ZT,477430,ZTH4,2013-12-01,2014-03-02
ZT,623116,ZTM4,2014-03-02,2014-06-01
ZT,406606,ZTU4,2014-06-01,2014-08-31
ZT,581137,ZTZ4,2014-09-01,2014-11-30
ZT,721114,ZTH5,2014-12-01,2015-03-02
ZT,179483,ZTM5,2015-03-02,2015-05-31
ZT,604247,ZTU5,2015-06-01,2015-09-02
ZT,474528,ZTZ5,2015-09-02,2015-11-30
ZT,667931,ZTH6,2015-12-01,2016-03-02
ZT,684812,ZTM6,2016-03-02,2016-06-02
ZT,688154,ZTU6,2016-06-02,2016-09-02
ZT,740072,ZTZ6,2016-09-02,2016-12-02
ZT,596182,ZTH7,2016-12-02,2017-03-02
ZT,187401,ZTM7,2017-03-02,2017-05-31
ZT,325068,ZTU7,2017-06-01,2017-08-31
ZT,107232,ZTZ7,2017-09-01,2017-11-30
ZT,531149,ZTH8,2017-12-01,2018-02-28
ZT,434845,ZTM8,2018-03-01,2018-05-31
ZT,587209,ZTU8,2018-06-01,2018-08-31
ZT,149404,ZTZ8,2018-08-31,2018-12-03
ZT,75896,ZTH9,2018-12-03,2018-12-31
ZF,604699,ZFU0,2010-06-04,2010-09-02
ZF,460018,ZFZ0,2010-09-02,2010-12-02
ZF,894679,ZFH1,2010-12-02,2011-03-02
ZF,822298,ZFM1,2011-03-02,2011-06-02
ZF,9789,ZFU1,2011-06-02,2011-09-02
ZF,812215,ZFZ1,2011-09-02,2011-12-02
ZF,51040,ZFH2,2011-12-02,2012-03-02
ZF,465961,ZFM2,2012-03-02,2012-06-03
ZF,568618,ZFU2,2012-06-03,2012-09-03
ZF,197568,ZFZ2,2012-09-03,2012-12-03
ZF,855988,ZFH3,2012-12-03,2013-03-03
ZF,386123,ZFM3,2013-03-03,2013-06-03
ZF,657418,ZFU3,2013-06-03,2013-09-02
ZF,484352,ZFZ3,2013-09-02,2013-12-02
ZF,661700,ZFH4,2013-12-02,2014-03-03
ZF,292403,ZFM4,2014-03-03,2014-06-02
ZF,861321,ZFU4,2014-06-02,2014-08-31
ZF,116721,ZFZ4,2014-09-01,2014-11-30
ZF,762979,ZFH5,2014-12-01,2015-03-02
ZF,752981,ZFM5,2015-03-02,2015-05-31
ZF,206018,ZFU5,2015-06-01,2015-09-02
ZF,454264,ZFZ5,2015-09-02,2015-11-30
ZF,764660,ZFH6,2015-12-01,2016-02-29
ZF,582141,ZFM6,2016-03-01,2016-06-02
ZF,427389,ZFU6,2016-06-02,2016-08-31
ZF,547699,ZFZ6,2016-09-01,2016-12-02
ZF,679655,ZFH7,2016-12-02,2017-03-02
ZF,620517,ZFM7,2017-03-02,2017-06-02
ZF,134745,ZFU7,2017-06-02,2017-08-31
ZF,306580,ZFZ7,2017-09-01,2017-11-30
ZF,599339,ZFH8,2017-12-01,2018-02-28
ZF,103676,ZFM8,2018-03-01,2018-05-31
ZF,164760,ZFU8,2018-06-01,2018-09-02
ZF,99995,ZFZ8,2018-09-02,2018-12-02
ZF,541152,ZFH9,2018-12-02,2018-12-07
ZF,99995,ZFZ8,2018-12-07,2018-12-09
ZF,541152,ZFH9,2018-12-09,2018-12-31
ZN,816003,ZNU0,2010-06-04,2010-09-02
ZN,44395,ZNZ0,2010-09-02,2010-12-02
ZN,83568,ZNH1,2010-12-02,2011-03-02
ZN,116177,ZNM1,2011-03-02,2011-06-02
ZN,133520,ZNU1,2011-06-02,2011-09-02
ZN,578198,ZNZ1,2011-09-02,2011-12-02
ZN,745944,ZNH2,2011-12-02,2012-03-02
ZN,328264,ZNM2,2012-03-02,2012-06-03
ZN,585392,ZNU2,2012-06-03,2012-09-03
ZN,720496,ZNZ2,2012-09-03,2012-12-03
ZN,896125,ZNH3,2012-12-03,2013-03-03
ZN,619999,ZNM3,2013-03-03,2013-06-03
ZN,400198,ZNU3,2013-06-03,2013-09-02
ZN,780401,ZNZ3,2013-09-02,2013-12-02
ZN,381207,ZNH4,2013-12-02,2014-03-03
ZN,617542,ZNM4,2014-03-03,2014-06-02
ZN,241710,ZNU4,2014-06-02,2014-08-31
ZN,354456,ZNZ4,2014-09-01,2014-11-30
ZN,42281,ZNH5,2014-12-01,2015-03-02
ZN,752340,ZNM5,2015-03-02,2015-05-31
ZN,326771,ZNU5,2015-06-01,2015-09-02
ZN,184597,ZNZ5,2015-09-02,2015-11-30
ZN,72174,ZNH6,2015-12-01,2016-03-02
ZN,771901,ZNM6,2016-03-02,2016-06-02
ZN,732065,ZNU6,2016-06-02,2016-09-02
ZN,120107,ZNZ6,2016-09-02,2016-12-02
ZN,208387,ZNH7,2016-12-02,2017-03-02
ZN,353160,ZNM7,2017-03-02,2017-06-02
ZN,357060,ZNU7,2017-06-02,2017-08-31
ZN,793429,ZNZ7,2017-09-01,2017-12-03
ZN,525443,ZNH8,2017-12-03,2018-03-02
ZN,615592,ZNM8,2018-03-02,2018-06-03
ZN,799743,ZNU8,2018-06-03,2018-09-04
ZN,480218,ZNZ8,2018-09-04,2018-12-02
ZN,98159,ZNH9,2018-12-02,2018-12-31
