TRADE_ID,DATE,SIDE,R0,L1_BASE_NET,L1_BASE_GROSS,ENTRY_BID,ENTRY_ASK,ENTRY_SPREAD,EXIT_SPREAD,BBO_ENTRY_EXEC,BBO_EXIT_EXEC,FLAG,AMBIGUITY,ENTRY_DELTA,EXIT_DELTA,L1_CONSERVATIVE_NET,L1_CONSERVATIVE_GROSS,L1_STRESS_NET,L1_STRESS_GROSS
P000-0000,2020-01-03,LONG,17.75,19.375,20.375,8825.25,8825.5,0.25,0.25,8825.5,8851.0,OK,,0.25,0.0,19.0,20.0,17.125,19.625
P000-0001,2020-01-14,SHORT,15.5,-3.75,-2.75,9045.5,9046.0,0.5,0.25,9045.5,9055.75,OK,,0.0,0.0,-4.125,-3.125,-6.0,-3.5
P000-0002,2020-01-16,LONG,4.25,-2.125,-1.125,9108.5,9108.75,0.25,0.5,9108.75,9105.5,OK,,0.25,0.25,-2.5,-1.5,-4.375,-1.875
P000-0003,2020-01-21,LONG,10.5,13.0,14.0,9165.0,9165.5,0.5,0.25,9165.5,9179.5,OK,,0.0,0.25,12.5,13.5,10.5,13.0
P000-0004,2020-01-29,SHORT,3.75,7.625,8.625,9116.0,9116.25,0.25,0.25,9116.0,9098.5,OK,,1.75,0.25,7.25,8.25,5.375,7.875
P000-0005,2020-01-30,LONG,7.75,-13.0,-12.0,9082.5,9083.0,0.5,0.25,9083.0,9071.0,OK,,0.0,0.0,-13.5,-12.5,-15.5,-13.0
P000-0006,2020-02-18,LONG,19.25,-4.0,-3.0,9614.0,9614.5,0.5,0.25,9614.5,9610.0,OK,,1.5,0.25,-4.375,-3.375,-6.25,-3.75
P000-0007,2020-02-20,SHORT,5.0,57.125,58.125,9683.75,9684.0,0.25,0.5,9683.75,9565.25,OK,,2.25,0.5,56.75,57.75,54.875,57.375
P000-0008,2020-02-24,SHORT,18.0,-35.75,-34.75,9078.75,9079.25,0.5,0.25,9078.75,9113.5,OK,,0.0,0.25,-36.25,-35.25,-38.25,-35.75
P000-0009,2020-02-25,SHORT,31.5,-6.625,-5.625,9037.75,9038.25,0.5,0.5,9037.75,9048.0,OK,,1.0,0.25,-7.0,-6.0,-8.875,-6.375
P000-0010,2020-02-26,LONG,22.25,53.625,54.625,8952.5,8952.75,0.25,0.25,8952.75,8999.25,OK,,0.5,0.25,53.25,54.25,51.375,53.875
P000-0011,2020-03-04,SHORT,21.5,6.125,7.125,8698.5,8699.0,0.5,0.5,8698.5,8700.5,OK,,1.0,0.25,5.75,6.75,3.875,6.375
P000-0012,2020-03-10,SHORT,23.75,-51.5,-50.5,8125.0,8126.0,1.0,1.25,8125.0,8175.5,OK,,3.5,0.0,-52.0,-51.0,-54.0,-51.5
P000-0013,2020-03-26,LONG,63.0,30.375,31.375,7606.75,7607.75,1.0,0.75,7607.75,7640.0,OK,,2.25,0.25,30.0,31.0,28.125,30.625
P000-0014,2020-03-31,LONG,16.75,2.875,3.875,7973.75,7974.25,0.5,0.5,7974.25,7982.5,OK,,0.5,0.25,2.5,3.5,0.625,3.125
P000-0015,2020-04-01,LONG,24.0,-37.25,-36.25,7645.25,7645.5,0.25,0.5,7645.5,7609.25,OK,,0.5,0.5,-37.75,-36.75,-39.75,-37.25
P000-0016,2020-04-07,SHORT,51.5,-53.5,-52.5,8139.0,8139.5,0.5,0.75,8139.0,8191.5,OK,,0.75,0.0,-54.0,-53.0,-56.0,-53.5
P000-0017,2020-04-08,LONG,11.75,6.625,7.625,8150.5,8151.0,0.5,0.5,8151.0,8163.0,OK,,0.25,0.5,6.25,7.25,4.375,6.875
P000-0018,2020-04-14,LONG,16.25,29.25,30.25,8520.5,8520.75,0.25,0.5,8520.75,8583.0,OK,,1.75,0.25,28.875,29.875,27.0,29.5
P000-0019,2020-04-20,LONG,26.25,9.875,10.875,8808.25,8808.5,0.25,0.5,8808.5,8809.0,OK,,0.0,0.25,9.5,10.5,7.625,10.125
P000-0020,2020-04-29,LONG,16.75,-2.125,-1.125,8924.0,8924.25,0.25,0.5,8924.25,8922.5,OK,,0.5,0.5,-2.5,-1.5,-4.375,-1.875
P000-0021,2020-05-08,SHORT,22.0,-25.75,-24.75,9134.0,9134.5,0.5,0.25,9134.0,9158.75,OK,,0.5,0.25,-26.25,-25.25,-28.25,-25.75
P000-0022,2020-05-18,LONG,18.0,0.75,1.75,9313.0,9313.5,0.5,0.5,9313.5,9317.5,OK,,0.5,0.5,0.375,1.375,-1.5,1.0
P000-0023,2020-05-27,SHORT,29.5,14.375,15.375,9327.5,9328.0,0.5,0.5,9327.5,9295.25,OK,,1.5,0.0,14.0,15.0,12.125,14.625
P000-0024,2020-06-09,LONG,32.0,0.125,1.125,9900.0,9900.25,0.25,0.5,9900.25,9895.5,OK,,0.0,0.0,-0.25,0.75,-2.125,0.375
P000-0025,2020-06-12,LONG,17.75,-3.125,-2.125,9817.25,9817.75,0.5,0.25,9817.75,9814.0,OK,,0.5,0.25,-3.5,-2.5,-5.375,-2.875
P000-0026,2020-06-19,SHORT,16.0,28.25,29.25,10025.25,10025.5,0.25,0.25,10025.25,9988.75,OK,,0.0,0.75,27.875,28.875,26.0,28.5
P000-0027,2020-06-30,LONG,18.75,40.625,41.625,10011.5,10011.75,0.25,0.5,10011.75,10078.5,OK,,0.0,0.0,40.25,41.25,38.375,40.875
P000-0028,2020-07-02,LONG,29.75,-5.25,-4.25,10411.0,10411.5,0.5,0.5,10411.5,10403.75,OK,,0.75,0.5,-5.625,-4.625,-7.5,-5.0
P000-0029,2020-07-03,SHORT,27.5,-4.625,-3.625,10313.75,10314.25,0.5,0.5,10313.75,10321.0,OK,,0.0,0.25,-5.0,-4.0,-6.875,-4.375
P000-0030,2020-07-13,LONG,23.75,34.375,35.375,10975.5,10975.75,0.25,0.5,10975.75,11025.25,OK,,0.25,0.25,34.0,35.0,32.125,34.625
P000-0031,2020-07-20,LONG,16.75,53.75,54.75,10695.25,10695.5,0.25,0.5,10695.5,10805.5,OK,,0.5,0.25,53.375,54.375,51.5,54.0
P000-0032,2020-07-21,SHORT,64.75,-7.625,-6.625,10921.5,10921.75,0.25,0.5,10921.5,10934.25,OK,,0.5,0.25,-8.0,-7.0,-9.875,-7.375
P000-0033,2020-08-03,LONG,17.75,-1.375,-0.375,11022.5,11023.0,0.5,0.5,11023.0,11021.25,OK,,0.5,0.0,-1.75,-0.75,-3.625,-1.125
P000-0034,2020-08-05,SHORT,14.25,-27.25,-26.25,11067.0,11067.5,0.5,0.5,11067.0,11093.25,OK,,0.0,0.0,-27.75,-26.75,-29.75,-27.25
P000-0035,2020-08-19,SHORT,29.5,-6.625,-5.625,11343.25,11343.75,0.5,0.5,11343.25,11353.25,OK,,1.25,0.25,-7.0,-6.0,-8.875,-6.375
P000-0036,2020-08-20,LONG,18.5,-3.375,-2.375,11356.5,11357.0,0.5,0.25,11357.0,11354.0,OK,,1.75,0.25,-3.75,-2.75,-5.625,-3.125
P000-0037,2020-09-08,SHORT,63.0,-17.5,-16.5,11085.0,11086.25,1.25,1.0,11085.0,11122.0,OK,,0.5,0.75,-17.875,-16.875,-19.75,-17.25
P000-0038,2020-09-14,LONG,19.0,-25.25,-24.25,11295.75,11296.5,0.75,0.75,11296.5,11272.25,OK,,0.0,0.5,-25.75,-24.75,-27.75,-25.25
P000-0039,2020-09-15,LONG,26.5,-9.375,-8.375,11462.5,11463.25,0.75,0.75,11463.25,11446.5,OK,,0.0,0.0,-9.75,-8.75,-11.625,-9.125
P000-0040,2020-09-22,SHORT,24.75,-39.75,-38.75,10925.5,10926.0,0.5,0.5,10925.5,10964.25,OK,,2.25,0.25,-40.25,-39.25,-42.25,-39.75
P000-0041,2020-09-24,LONG,27.25,9.25,10.25,10851.75,10852.25,0.5,0.5,10852.25,10852.0,OK,,0.0,0.25,8.875,9.875,7.0,9.5
P000-0042,2020-09-25,LONG,31.75,-8.75,-7.75,10968.5,10969.75,1.25,0.75,10969.75,10958.5,OK,,4.25,0.5,-9.125,-8.125,-11.0,-8.5
P000-0043,2020-09-29,SHORT,11.25,-14.25,-13.25,11321.75,11322.25,0.5,0.5,11321.75,11335.0,OK,,0.75,0.25,-14.75,-13.75,-16.75,-14.25
P000-0044,2020-10-05,LONG,7.0,17.5,18.5,11372.75,11373.25,0.5,0.5,11373.25,11411.5,OK,,4.5,0.5,17.125,18.125,15.25,17.75
P000-0045,2020-10-09,LONG,16.5,-2.25,-1.25,11633.75,11634.0,0.25,0.5,11634.0,11632.25,OK,,0.75,0.5,-2.625,-1.625,-4.5,-2.0
P000-0046,2020-10-21,LONG,27.25,21.125,22.125,11720.25,11720.75,0.5,0.25,11720.75,11743.75,OK,,1.0,0.25,20.75,21.75,18.875,21.375
P000-0047,2020-10-23,SHORT,23.5,29.875,30.875,11606.75,11607.25,0.5,0.5,11606.75,11584.0,OK,,3.0,0.25,29.5,30.5,27.625,30.125
P000-0048,2020-10-30,SHORT,38.5,12.75,13.75,11049.5,11050.25,0.75,0.5,11049.5,11032.0,OK,,2.0,0.0,12.375,13.375,10.5,13.0
P000-0049,2020-11-06,LONG,11.0,-2.125,-1.125,12084.0,12084.5,0.5,0.5,12084.5,12082.5,OK,,0.25,0.25,-2.5,-1.5,-4.375,-1.875
P000-0050,2020-11-11,LONG,26.5,4.25,5.25,11811.75,11812.25,0.5,0.5,11812.25,11806.75,OK,,0.75,0.25,3.875,4.875,2.0,4.5
P000-0051,2020-11-13,SHORT,24.25,3.75,4.75,11860.25,11860.75,0.5,0.5,11860.25,11869.75,OK,,0.25,0.25,3.375,4.375,1.5,4.0
P000-0052,2020-11-16,LONG,5.0,-20.5,-19.5,12023.0,12023.75,0.75,0.5,12023.75,12004.25,OK,,0.0,0.25,-21.0,-20.0,-23.0,-20.5
P000-0053,2020-11-19,LONG,12.5,-1.875,-0.875,11900.75,11901.25,0.5,0.5,11901.25,11897.75,OK,,1.75,0.25,-2.25,-1.25,-4.125,-1.625
P000-0054,2020-11-23,LONG,9.0,-17.375,-16.375,11992.75,11993.75,1.0,0.25,11993.75,11973.0,OK,,16.75,0.25,-17.75,-16.75,-19.625,-17.125
P000-0055,2020-11-26,SHORT,18.5,-5.25,-4.25,12152.25,12152.5,0.25,0.5,12152.25,12159.0,OK,,1.75,0.0,-5.625,-4.625,-7.5,-5.0
P000-0056,2020-11-27,LONG,14.75,14.5,15.5,12258.75,12259.25,0.5,0.5,12259.25,12290.25,OK,,0.0,0.25,14.125,15.125,12.25,14.75
P000-0057,2020-12-02,SHORT,25.75,-6.5,-5.5,12344.25,12344.75,0.5,0.5,12344.25,12354.5,OK,,0.75,0.5,-6.875,-5.875,-8.75,-6.25
P000-0058,2020-12-14,LONG,32.5,-33.25,-32.25,,,,0.5,12485.0,12452.75,AMBIGUOUS:ENTRY_NEVER_MARKETABLE,ENTRY_NEVER_MARKETABLE,0.0,0.25,-33.75,-32.75,-35.75,-33.25
P000-0059,2020-12-23,SHORT,30.0,-9.5,-8.5,12674.75,12675.0,0.25,0.75,12674.75,12690.0,OK,,1.75,0.5,-9.875,-8.875,-11.75,-9.25
P000-0060,2020-12-28,SHORT,7.75,-9.0,-8.0,12757.25,12757.5,0.25,0.5,12757.25,12774.5,OK,,0.0,0.25,-9.375,-8.375,-11.25,-8.75
P000-0061,2020-12-29,LONG,23.5,-9.5,-8.5,12917.0,12917.5,0.5,0.5,12917.5,12901.25,OK,,0.75,0.25,-9.875,-8.875,-11.75,-9.25
P000-0062,2020-12-30,SHORT,13.0,-2.125,-1.125,12859.25,12859.5,0.25,0.5,12859.25,12860.5,OK,,1.0,0.25,-2.5,-1.5,-4.375,-1.875
P000-0063,2021-01-11,SHORT,49.0,-58.0,-57.0,12902.0,12903.25,1.25,0.5,12902.0,12959.0,OK,,1.5,0.25,-58.5,-57.5,-60.5,-58.0
P000-0064,2021-01-21,SHORT,13.0,-19.0,-18.0,13291.5,13292.0,0.5,0.5,13291.5,13327.0,OK,,0.5,0.5,-19.375,-18.375,-21.25,-18.75
P000-0065,2021-01-22,LONG,7.0,4.75,5.75,13359.75,13360.75,1.0,0.5,13360.75,13370.5,OK,,4.0,0.25,4.375,5.375,2.5,5.0
P000-0066,2021-02-02,LONG,38.75,-15.75,-14.75,13417.75,13418.25,0.5,0.5,13418.25,13383.75,OK,,1.0,0.0,-16.125,-15.125,-18.0,-15.5
P000-0067,2021-02-03,SHORT,50.25,-28.5,-27.5,,,,0.5,13463.0,13490.5,AMBIGUOUS:ENTRY_NEVER_MARKETABLE;TRIM_QUEUE_UNCERTAIN,ENTRY_NEVER_MARKETABLE;TRIM_QUEUE_UNCERTAIN,0.0,0.25,-29.0,-28.0,-31.0,-28.5
P000-0068,2021-02-15,LONG,4.25,1.75,2.75,13857.0,13857.5,0.5,0.5,13857.5,13858.0,OK,,0.0,0.25,1.375,2.375,-0.5,2.0
P000-0069,2021-02-18,SHORT,26.25,5.5,6.5,13498.25,13498.75,0.5,0.5,13498.25,13483.5,OK,,1.75,0.0,5.125,6.125,3.25,5.75
P000-0070,2021-03-03,SHORT,39.5,14.5,15.5,12921.5,12922.25,0.75,0.75,12921.5,12887.25,OK,,3.25,0.75,14.125,15.125,12.25,14.75
P000-0071,2021-03-05,SHORT,16.75,2.375,3.375,12352.25,12353.0,0.75,0.75,12352.25,12352.5,OK,,0.25,0.25,2.0,3.0,0.125,2.625
P000-0072,2021-03-15,LONG,23.0,34.0,35.0,13020.0,13020.75,0.75,0.75,13020.75,13077.0,OK,,0.5,0.25,33.625,34.625,31.75,34.25
P000-0073,2021-03-24,SHORT,29.25,17.125,18.125,13007.5,13008.0,0.5,0.5,13007.5,12971.0,OK,,0.25,0.25,16.75,17.75,14.875,17.375
P000-0074,2021-04-01,LONG,14.0,38.25,39.25,13274.5,13275.0,0.5,0.25,13275.0,13314.25,OK,,0.0,0.0,37.75,38.75,35.75,38.25
P000-0075,2021-04-05,LONG,11.5,14.625,15.625,13444.5,13445.0,0.5,0.5,13445.0,13476.5,OK,,0.25,0.5,14.25,15.25,12.375,14.875
P000-0076,2021-04-09,LONG,8.25,49.375,50.375,13763.5,13764.0,0.5,0.25,13764.0,13829.25,OK,,1.0,0.0,49.0,50.0,47.125,49.625
P000-0077,2021-04-13,LONG,15.0,-18.75,-17.75,13910.75,13911.25,0.5,0.25,13911.25,13893.5,OK,,0.25,0.25,-19.25,-18.25,-21.25,-18.75
P000-0078,2021-04-19,SHORT,23.25,39.5,40.5,13922.5,13923.0,0.5,0.5,13922.5,13903.0,OK,,0.25,0.25,39.125,40.125,37.25,39.75
P000-0079,2021-04-20,SHORT,21.25,-29.0,-28.0,13792.75,13793.25,0.5,0.5,13792.75,13820.75,OK,,0.0,0.25,-29.5,-28.5,-31.5,-29.0
P000-0080,2021-04-22,SHORT,18.5,-11.625,-10.625,13861.75,13862.25,0.5,0.5,13861.75,13882.25,OK,,0.75,0.5,-12.0,-11.0,-13.875,-11.375
P000-0081,2021-04-23,LONG,24.25,57.375,58.375,13813.75,13814.0,0.25,0.5,13814.0,13922.75,OK,,0.75,0.25,57.0,58.0,55.125,57.625
P000-0082,2021-05-03,LONG,14.0,-32.5,-31.5,13929.75,13930.25,0.5,0.5,13930.25,13898.75,OK,,0.0,0.25,-33.0,-32.0,-35.0,-32.5
P000-0083,2021-05-04,SHORT,25.75,92.75,93.75,13619.5,13620.0,0.5,0.5,13619.5,13428.25,OK,,5.0,0.5,92.375,93.375,90.5,93.0
P000-0084,2021-05-25,SHORT,24.75,-5.0,-4.0,13650.75,13651.5,0.75,0.25,13650.75,13658.5,OK,,0.25,0.25,-5.375,-4.375,-7.25,-4.75
P000-0085,2021-05-26,SHORT,15.75,-8.625,-7.625,13660.25,13660.75,0.5,0.5,13660.25,13673.75,OK,,1.75,0.25,-9.0,-8.0,-10.875,-8.375
P000-0086,2021-06-01,SHORT,17.25,28.875,29.875,13691.0,13691.5,0.5,0.25,13691.0,13639.25,OK,,2.25,0.25,28.5,29.5,26.625,29.125
P000-0087,2021-06-16,LONG,9.75,2.625,3.625,14065.5,14065.75,0.25,0.5,14065.75,14069.5,OK,,0.25,0.25,2.25,3.25,0.375,2.875
P000-0088,2021-06-18,SHORT,24.0,-6.625,-5.625,14027.0,14027.5,0.5,0.5,14027.0,14039.25,OK,,0.0,0.5,-7.0,-6.0,-8.875,-6.375
P000-0089,2021-06-25,SHORT,18.5,-7.25,-6.25,14331.0,14331.25,0.25,0.5,14331.0,14350.75,OK,,1.5,0.25,-7.625,-6.625,-9.5,-7.0
P000-0090,2021-06-29,LONG,10.5,-3.875,-2.875,14523.5,14524.0,0.5,0.5,14524.0,14517.5,OK,,0.0,0.25,-4.25,-3.25,-6.125,-3.625
P000-0091,2021-07-01,SHORT,13.25,-5.0,-4.0,14484.5,14484.75,0.25,0.5,14484.5,14492.0,OK,,0.5,0.5,-5.375,-4.375,-7.25,-4.75
P000-0092,2021-07-02,LONG,9.5,-0.125,0.875,14657.75,14658.25,0.5,0.25,14658.25,14657.75,OK,,0.0,0.0,-0.5,0.5,-2.375,0.125
P000-0093,2021-07-06,LONG,16.5,-0.875,0.125,14765.25,14765.75,0.5,0.5,14765.75,14758.0,OK,,0.25,0.25,-1.25,-0.25,-3.125,-0.625
P000-0094,2021-07-27,SHORT,15.0,93.75,94.75,15051.0,15051.5,0.5,0.5,15051.0,14862.25,OK,,0.75,0.25,93.375,94.375,91.5,94.0
P000-0095,2021-08-04,LONG,8.25,-3.5,-2.5,15070.75,15071.25,0.5,0.25,15071.25,15068.75,OK,,0.0,0.25,-4.0,-3.0,-6.0,-3.5
P000-0096,2021-08-05,LONG,8.0,1.375,2.375,15126.0,15126.25,0.25,0.5,15126.25,15128.5,OK,,1.0,0.5,1.0,2.0,-0.875,1.625
P000-0097,2021-08-06,SHORT,24.75,-8.0,-7.0,15057.75,15058.25,0.5,0.5,15057.75,15071.25,OK,,0.5,0.5,-8.375,-7.375,-10.25,-7.75
P000-0098,2021-08-12,SHORT,21.5,-4.25,-3.25,14962.75,14963.25,0.5,0.5,14962.75,14985.5,OK,,0.5,0.25,-4.625,-3.625,-6.5,-4.0
P000-0099,2021-08-13,LONG,13.5,-4.75,-3.75,15110.25,15110.75,0.5,0.25,15110.75,15105.5,OK,,2.25,0.25,-5.125,-4.125,-7.0,-4.5
P000-0100,2021-08-31,SHORT,24.0,-6.25,-5.25,15537.0,15537.25,0.25,0.5,15537.0,15542.25,AMBIGUOUS:TRIM_QUEUE_UNCERTAIN,TRIM_QUEUE_UNCERTAIN,2.0,0.25,-6.75,-5.75,-8.75,-6.25
P000-0101,2021-09-06,LONG,5.0,-9.0,-8.0,15704.75,15705.0,0.25,0.25,15705.0,15697.0,OK,,0.0,0.25,-9.5,-8.5,-11.5,-9.0
P000-0102,2021-09-08,SHORT,8.5,-13.5,-12.5,15603.0,15603.25,0.25,0.5,15603.0,15615.5,OK,,0.0,0.5,-14.0,-13.0,-16.0,-13.5
P000-0103,2021-09-16,SHORT,23.0,-3.5,-2.5,15408.25,15408.75,0.5,0.5,15408.25,15411.5,OK,,1.75,0.0,-3.875,-2.875,-5.75,-3.25
P000-0104,2021-09-20,SHORT,27.25,0.125,1.125,15020.75,15021.25,0.5,0.5,15020.75,15026.0,OK,,0.25,0.25,-0.25,0.75,-2.125,0.375
P000-0105,2021-09-23,LONG,18.0,-2.625,-1.625,15328.5,15328.75,0.25,0.5,15328.75,15326.25,OK,,0.75,0.0,-3.0,-2.0,-4.875,-2.375
P000-0106,2021-09-27,SHORT,50.5,-11.25,-10.25,15104.5,15105.0,0.5,0.5,15104.5,15125.0,OK,,0.0,0.25,-11.625,-10.625,-13.5,-11.0
P000-0107,2021-10-01,SHORT,37.25,-7.25,-6.25,14540.25,14540.5,0.25,0.5,14540.25,14546.5,AMBIGUOUS:TRIM_QUEUE_UNCERTAIN,TRIM_QUEUE_UNCERTAIN,2.0,0.0,-7.75,-6.75,-9.75,-7.25
P000-0108,2021-10-07,LONG,25.0,-6.75,-5.75,14977.0,14977.5,0.5,0.5,14977.5,14967.5,OK,,1.5,0.0,-7.125,-6.125,-9.0,-6.5
P000-0109,2021-10-11,LONG,28.25,31.75,32.75,14796.0,14796.5,0.5,0.5,14796.5,14859.0,OK,,1.75,0.0,31.375,32.375,29.5,32.0
P000-0110,2021-10-18,LONG,25.75,-5.0,-4.0,15147.5,15148.0,0.5,0.5,15148.0,15140.25,OK,,0.25,0.5,-5.375,-4.375,-7.25,-4.75
P000-0111,2021-10-26,LONG,37.5,-10.0,-9.0,15650.5,15651.0,0.5,0.5,15651.0,15634.25,OK,,1.25,0.25,-10.375,-9.375,-12.25,-9.75
P000-0112,2021-11-01,SHORT,8.25,-15.0,-14.0,15842.0,15842.25,0.25,0.5,15842.0,15856.0,OK,,0.25,0.25,-15.5,-14.5,-17.5,-15.0
P000-0113,2021-11-09,SHORT,45.75,4.5,5.5,16288.25,16288.75,0.5,0.5,16288.25,16277.0,OK,,0.25,0.75,4.125,5.125,2.25,4.75
P000-0114,2021-11-15,SHORT,20.25,6.375,7.375,16188.75,16189.25,0.5,0.5,16188.75,16174.5,OK,,0.25,0.0,6.0,7.0,4.125,6.625
P000-0115,2021-11-19,LONG,14.75,-3.75,-2.75,16589.5,16590.5,1.0,0.25,16590.5,16586.5,OK,,1.5,0.0,-4.125,-3.125,-6.0,-3.5
P000-0116,2021-11-24,SHORT,47.5,-6.5,-5.5,16124.0,16124.5,0.5,0.5,16124.0,16133.5,OK,,1.5,0.25,-6.875,-5.875,-8.75,-6.25
P000-0117,2021-11-30,LONG,40.25,-64.5,-63.5,16417.0,16417.5,0.5,0.5,16417.5,16354.0,OK,,0.25,0.0,-65.0,-64.0,-67.0,-64.5
P000-0118,2021-12-02,LONG,8.25,-40.0,-39.0,16006.5,16007.25,0.75,0.75,16007.25,15932.5,OK,,6.0,1.0,-40.375,-39.375,-42.25,-39.75
P000-0119,2021-12-09,LONG,29.75,-19.25,-18.25,16410.75,16411.25,0.5,0.5,16411.25,16376.25,OK,,1.5,0.5,-19.625,-18.625,-21.5,-19.0
P000-0120,2021-12-13,SHORT,56.75,-4.0,-3.0,16269.75,16270.25,0.5,0.75,16269.75,16275.75,OK,,0.0,0.75,-4.375,-3.375,-6.25,-3.75
P000-0121,2021-12-17,LONG,38.25,14.625,15.625,15844.5,15845.0,0.5,0.5,15845.0,15848.25,OK,,0.0,0.25,14.25,15.25,12.375,14.875
P000-0122,2021-12-28,SHORT,13.5,33.0,34.0,16569.5,16570.0,0.5,0.5,16569.5,16550.0,OK,,0.0,0.0,32.625,33.625,30.75,33.25
P000-0123,2022-01-05,SHORT,29.75,-50.0,-49.0,16153.25,16154.0,0.75,0.5,16153.25,16202.25,OK,,0.25,0.0,-50.5,-49.5,-52.5,-50.0
P000-0124,2022-01-07,SHORT,41.75,-0.375,0.625,15582.25,15582.75,0.5,0.75,15582.25,15581.0,OK,,0.0,0.5,-0.75,0.25,-2.625,-0.125
P000-0125,2022-01-17,SHORT,23.5,-29.75,-28.75,15548.25,15549.25,1.0,0.75,15548.25,15577.0,OK,,3.25,0.25,-30.25,-29.25,-32.25,-29.75
P000-0126,2022-01-18,LONG,31.25,-51.0,-50.0,15416.0,15416.5,0.5,0.75,15416.5,15366.5,OK,,0.5,1.0,-51.5,-50.5,-53.5,-51.0
P000-0127,2022-01-24,SHORT,26.25,1.875,2.875,14072.5,14074.0,1.5,1.0,14072.5,14088.0,OK,,7.25,0.0,1.5,2.5,-0.375,2.125
P000-0128,2022-01-25,SHORT,65.25,-15.5,-14.5,14061.5,14062.25,0.75,0.75,14061.5,14088.75,OK,,1.75,0.0,-15.875,-14.875,-17.75,-15.25
P000-0129,2022-01-27,LONG,46.5,-21.375,-20.375,14389.25,14390.25,1.0,2.0,14390.25,14354.25,OK,,4.75,1.5,-21.75,-20.75,-23.625,-21.125
P000-0130,2022-02-01,SHORT,41.0,6.25,7.25,14805.75,14806.75,1.0,1.0,14805.75,14810.5,OK,,0.0,0.75,5.875,6.875,4.0,6.5
P000-0131,2022-03-02,LONG,34.0,-17.625,-16.625,14183.75,14184.25,0.5,1.0,14184.25,14156.25,OK,,5.25,1.5,-18.0,-17.0,-19.875,-17.375
P000-0132,2022-03-03,SHORT,29.0,12.875,13.875,14129.75,14130.5,0.75,0.5,14129.75,14104.75,OK,,1.25,0.25,12.5,13.5,10.625,13.125
P000-0133,2022-03-07,SHORT,16.5,-14.125,-13.125,13550.75,13551.5,0.75,0.75,13550.75,13582.75,OK,,0.25,0.25,-14.5,-13.5,-16.375,-13.875
P000-0134,2022-03-17,LONG,16.0,-32.5,-31.5,13993.5,13994.5,1.0,1.0,13994.5,13963.0,OK,,0.0,0.25,-33.0,-32.0,-35.0,-32.5
P000-0135,2022-03-23,SHORT,48.0,0.75,1.75,14472.0,14472.5,0.5,0.75,14472.0,14470.25,AMBIGUOUS:TRIM_QUEUE_UNCERTAIN,TRIM_QUEUE_UNCERTAIN,0.0,0.5,0.25,1.25,-1.75,0.75
P000-0136,2022-04-01,SHORT,24.0,-11.875,-10.875,14854.75,14855.25,0.5,0.5,14854.75,14875.0,OK,,1.5,0.25,-12.25,-11.25,-14.125,-11.625
P000-0137,2022-04-05,SHORT,17.25,50.25,51.25,15082.25,15082.5,0.25,0.75,15082.25,14982.25,OK,,0.75,0.5,49.875,50.875,48.0,50.5
P000-0138,2022-04-12,SHORT,13.25,-24.25,-23.25,13941.25,13941.75,0.5,0.75,13941.25,13964.5,OK,,1.0,0.25,-24.75,-23.75,-26.75,-24.25
P000-0139,2022-04-27,LONG,56.0,-39.875,-38.875,13245.75,13246.5,0.75,1.25,13246.5,13175.75,OK,,7.0,0.75,-40.25,-39.25,-42.125,-39.625
P000-0140,2022-05-04,SHORT,35.25,4.875,5.875,13056.25,13057.0,0.75,0.75,13056.25,13043.25,OK,,1.25,0.0,4.5,5.5,2.625,5.125
P000-0141,2022-05-18,SHORT,50.25,6.5,7.5,12307.0,12307.75,0.75,0.75,12307.0,12299.5,AMBIGUOUS:TRIM_QUEUE_UNCERTAIN,TRIM_QUEUE_UNCERTAIN,0.5,0.0,6.0,7.0,4.0,6.5
P000-0142,2022-05-24,SHORT,30.75,42.875,43.875,11738.5,11740.0,1.5,0.75,11738.5,11646.0,OK,,4.75,0.5,42.5,43.5,40.625,43.125
P000-0143,2022-05-25,LONG,34.0,10.375,11.375,11862.0,11862.75,0.75,0.75,11862.75,11861.25,OK,,0.0,0.25,10.0,11.0,8.125,10.625
P000-0144,2022-05-26,LONG,38.75,67.625,68.625,12062.25,12063.25,1.0,0.75,12063.25,12204.5,OK,,4.0,0.25,67.25,68.25,65.375,67.875
P000-0145,2022-05-31,SHORT,39.25,-0.5,0.5,12553.5,12554.75,1.25,0.75,12553.5,12550.5,OK,,2.0,0.5,-0.875,0.125,-2.75,-0.25
P000-0146,2022-06-02,LONG,24.25,51.75,52.75,12679.25,12680.0,0.75,0.5,12680.0,12774.5,OK,,0.25,0.25,51.375,52.375,49.5,52.0
P000-0147,2022-06-07,LONG,46.25,95.125,96.125,12612.25,12613.0,0.75,0.5,12613.0,12711.0,OK,,0.0,0.5,94.75,95.75,92.875,95.375
P000-0148,2022-06-13,SHORT,25.25,-35.5,-34.5,11408.0,11409.0,1.0,1.0,11408.0,11442.5,OK,,0.5,0.0,-36.0,-35.0,-38.0,-35.5
P000-0149,2022-06-16,SHORT,15.75,37.375,38.375,11252.25,11253.0,0.75,0.75,11252.25,11175.0,OK,,0.5,0.25,37.0,38.0,35.125,37.625
P000-0150,2022-06-20,SHORT,10.25,-15.5,-14.5,11341.75,11342.25,0.5,1.0,11341.75,11356.25,OK,,0.75,0.75,-16.0,-15.0,-18.0,-15.5
P000-0151,2022-06-22,LONG,30.75,73.375,74.375,11520.0,11520.75,0.75,0.5,11520.75,11664.0,OK,,0.0,0.5,73.0,74.0,71.125,73.625
P000-0152,2022-06-27,SHORT,25.0,83.625,84.625,12122.5,12123.0,0.5,0.5,12122.5,12054.75,OK,,0.5,0.25,83.25,84.25,81.375,83.875
P000-0153,2022-06-30,SHORT,37.75,-17.875,-16.875,11423.25,11423.75,0.5,0.75,11423.25,11456.75,OK,,0.25,0.5,-18.25,-17.25,-20.125,-17.625
P000-0154,2022-07-05,SHORT,37.5,-68.0,-67.0,11393.75,11394.5,0.75,0.5,11393.75,11460.75,OK,,0.75,0.0,-68.5,-67.5,-70.5,-68.0
P000-0155,2022-07-08,LONG,32.5,-22.0,-21.0,12156.75,12157.25,0.5,0.75,12157.25,12136.25,AMBIGUOUS:TRIM_QUEUE_UNCERTAIN,TRIM_QUEUE_UNCERTAIN,0.0,0.25,-22.5,-21.5,-24.5,-22.0
P000-0156,2022-07-14,SHORT,51.0,-27.5,-26.5,11550.0,11550.5,0.5,0.75,11550.0,11603.0,OK,,0.0,0.5,-27.875,-26.875,-29.75,-27.25
P000-0157,2022-07-22,LONG,30.0,-16.25,-15.25,12648.5,12649.0,0.5,0.75,12649.0,12618.5,OK,,0.0,0.75,-16.625,-15.625,-18.5,-16.0
P000-0158,2022-07-26,SHORT,32.25,-8.375,-7.375,12218.25,12219.0,0.75,0.5,12218.25,12234.75,OK,,0.5,0.5,-8.75,-7.75,-10.625,-8.125
P000-0159,2022-08-01,LONG,41.5,-18.375,-17.375,13034.5,13035.0,0.5,0.5,13035.0,13005.75,OK,,5.5,0.25,-18.75,-17.75,-20.625,-18.125
P000-0160,2022-08-02,LONG,37.0,-4.625,-3.625,12925.0,12925.75,0.75,0.75,12925.75,12918.75,OK,,0.25,0.5,-5.0,-4.0,-6.875,-4.375
P000-0161,2022-08-04,SHORT,40.0,-15.375,-14.375,13205.0,13205.5,0.5,0.75,13205.0,13233.75,OK,,0.0,0.25,-15.75,-14.75,-17.625,-15.125
P000-0162,2022-08-08,LONG,34.0,-61.0,-60.0,13382.5,13383.25,0.75,0.5,13383.25,13323.25,OK,,0.25,0.25,-61.5,-60.5,-63.5,-61.0
P000-0163,2022-08-15,LONG,37.5,-6.75,-5.75,13591.75,13592.25,0.5,0.5,13592.25,13566.75,OK,,3.25,0.25,-7.125,-6.125,-9.0,-6.5
P000-0164,2022-08-16,SHORT,19.5,-2.25,-1.25,13608.75,13609.5,0.75,0.5,13608.75,13612.0,OK,,0.5,0.25,-2.625,-1.625,-4.5,-2.0
P000-0165,2022-08-30,SHORT,52.5,-0.125,0.875,12498.5,12499.0,0.5,0.5,12498.5,12495.25,OK,,1.5,0.25,-0.5,0.5,-2.375,0.125
P000-0166,2022-09-05,LONG,9.0,8.875,9.875,12132.75,12133.5,0.75,0.5,12133.5,12142.25,OK,,0.5,0.75,8.5,9.5,6.625,9.125
P000-0167,2022-09-06,SHORT,34.5,5.25,6.25,12081.0,12081.5,0.5,0.75,12081.0,12067.0,OK,,1.5,0.75,4.875,5.875,3.0,5.5
P000-0168,2022-09-07,LONG,41.0,-6.5,-5.5,12121.75,12122.25,0.5,0.5,12122.25,12114.75,OK,,3.5,0.75,-6.875,-5.875,-8.75,-6.25
P000-0169,2022-09-15,SHORT,33.25,19.125,20.125,12091.5,12092.0,0.5,0.5,12091.5,12050.0,OK,,1.25,0.25,18.75,19.75,16.875,19.375
P000-0170,2022-09-16,SHORT,24.0,2.125,3.125,11801.0,11801.5,0.5,0.75,11801.0,11794.5,OK,,0.25,0.25,1.75,2.75,-0.125,2.375
P000-0171,2022-09-19,LONG,15.75,0.625,1.625,11886.75,11887.25,0.5,0.75,11887.25,11886.75,OK,,4.5,0.75,0.25,1.25,-1.625,0.875
P000-0172,2022-09-22,SHORT,47.75,-5.75,-4.75,11583.5,11584.25,0.75,0.75,11583.5,11592.5,OK,,0.5,1.0,-6.125,-5.125,-8.0,-5.5
P000-0173,2022-09-23,SHORT,29.25,-4.375,-3.375,11350.0,11350.5,0.5,0.5,11350.0,11356.5,OK,,0.25,0.5,-4.75,-3.75,-6.625,-4.125
P000-0174,2022-09-26,LONG,46.75,-2.0,-1.0,11455.75,11456.25,0.5,0.75,11456.25,11454.5,OK,,0.25,0.5,-2.375,-1.375,-4.25,-1.75
P000-0175,2022-09-27,LONG,28.75,-34.75,-33.75,11554.0,11554.5,0.5,0.5,11554.5,11488.0,OK,,1.0,0.25,-35.125,-34.125,-37.0,-34.5
P000-0176,2022-10-03,LONG,35.75,18.0,19.0,11171.25,11171.75,0.5,0.5,11171.75,11198.0,OK,,0.5,0.25,17.625,18.625,15.75,18.25
P000-0177,2022-10-04,LONG,20.25,12.5,13.5,11575.5,11576.0,0.5,0.5,11576.0,11589.5,AMBIGUOUS:TRIM_QUEUE_UNCERTAIN,TRIM_QUEUE_UNCERTAIN,2.0,0.25,12.0,13.0,10.0,12.5
P000-0178,2022-10-11,SHORT,37.5,-9.375,-8.375,10819.75,10820.25,0.5,0.25,10819.75,10835.25,OK,,1.25,0.0,-9.75,-8.75,-11.625,-9.125
P000-0179,2022-10-14,SHORT,93.5,-17.25,-16.25,10891.25,10892.0,0.75,0.5,10891.25,10920.25,OK,,3.5,0.0,-17.625,-16.625,-19.5,-17.0
P000-0180,2022-10-19,SHORT,19.25,-32.75,-31.75,11085.5,11086.0,0.5,0.5,11085.5,11117.25,OK,,0.0,0.25,-33.25,-32.25,-35.25,-32.75
P000-0181,2022-10-25,LONG,38.75,22.875,23.875,11566.75,11567.25,0.5,0.5,11567.25,11610.25,OK,,1.25,0.0,22.5,23.5,20.625,23.125
P000-0182,2022-11-01,SHORT,18.25,69.625,70.625,11503.75,11504.75,1.0,0.5,11503.75,11388.0,OK,,0.5,0.25,69.25,70.25,67.375,69.875
P000-0183,2022-11-07,SHORT,23.0,-46.25,-45.25,10875.75,10876.25,0.5,0.5,10875.75,10921.0,OK,,0.5,0.5,-46.75,-45.75,-48.75,-46.25
P000-0184,2022-11-08,LONG,22.25,1.125,2.125,11126.5,11127.0,0.5,0.5,11127.0,11131.5,OK,,0.25,0.25,0.75,1.75,-1.125,1.375
P000-0185,2022-11-10,LONG,59.75,43.125,44.125,11423.0,11423.5,0.5,0.5,11423.5,11466.25,OK,,1.0,0.25,42.75,43.75,40.875,43.375
P000-0186,2022-11-16,SHORT,59.0,-15.375,-14.375,11754.25,11754.5,0.25,0.75,11754.25,11783.0,OK,,0.0,0.5,-15.75,-14.75,-17.625,-15.125
P000-0187,2022-11-18,SHORT,32.25,-10.75,-9.75,11682.25,11682.75,0.5,0.5,11682.25,11711.75,OK,,1.0,0.25,-11.125,-10.125,-13.0,-10.5
P000-0188,2022-12-01,SHORT,36.0,-16.875,-15.875,11956.0,11956.5,0.5,0.5,11956.0,11987.25,OK,,0.5,0.5,-17.25,-16.25,-19.125,-16.625
P000-0189,2022-12-08,SHORT,23.5,-7.5,-6.5,11493.75,11494.25,0.5,0.5,11493.75,11521.75,OK,,0.75,0.5,-7.875,-6.875,-9.75,-7.25
P000-0190,2022-12-14,LONG,21.25,9.0,10.0,12002.75,12003.25,0.5,0.5,12003.25,12017.0,OK,,0.0,0.25,8.625,9.625,6.75,9.25
P000-0191,2023-01-06,LONG,16.25,-4.75,-3.75,10987.25,10987.75,0.5,0.25,10987.75,10982.25,OK,,2.0,0.25,-5.125,-4.125,-7.0,-4.5
P000-0192,2023-01-09,LONG,26.5,67.0,68.0,11233.75,11234.0,0.25,0.25,11234.0,11359.5,OK,,2.25,0.0,66.625,67.625,64.75,67.25
P000-0193,2023-01-11,LONG,24.25,-15.375,-14.375,11359.5,11360.0,0.5,0.75,11360.0,11333.25,OK,,2.0,0.75,-15.75,-14.75,-17.625,-15.125
P000-0194,2023-01-13,LONG,17.5,-3.125,-2.125,11552.75,11553.0,0.25,0.5,11553.0,11549.75,OK,,1.0,0.25,-3.5,-2.5,-5.375,-2.875
P000-0195,2023-01-16,LONG,6.5,-14.0,-13.0,11602.75,11603.5,0.75,0.5,11603.5,11590.5,OK,,0.25,0.0,-14.5,-13.5,-16.5,-14.0
P000-0196,2023-01-17,LONG,23.0,-2.125,-1.125,11634.5,11635.25,0.75,0.5,11635.25,11641.0,OK,,8.0,0.0,-2.5,-1.5,-4.375,-1.875
P000-0197,2023-01-20,LONG,15.75,5.0,6.0,11464.5,11464.75,0.25,0.5,11464.75,11468.5,OK,,0.5,0.0,4.625,5.625,2.75,5.25
P000-0198,2023-01-25,SHORT,27.25,19.25,20.25,11673.0,11673.5,0.5,0.5,11673.0,11647.25,OK,,0.75,0.25,18.875,19.875,17.0,19.5
P000-0199,2023-01-27,LONG,22.0,10.375,11.375,12103.25,12103.75,0.5,0.5,12103.75,12129.5,OK,,3.0,0.25,10.0,11.0,8.125,10.625
P000-0200,2023-02-01,SHORT,22.5,-11.25,-10.25,12081.0,12081.5,0.5,0.5,12081.0,12101.0,OK,,0.5,0.25,-11.625,-10.625,-13.5,-11.0
P000-0201,2023-02-02,LONG,43.75,2.625,3.625,12725.75,12726.5,0.75,0.5,12726.5,12728.25,OK,,0.75,0.0,2.25,3.25,0.375,2.875
P000-0202,2023-02-03,LONG,58.25,1.375,2.375,12821.5,12822.0,0.5,0.5,12822.0,12814.75,OK,,2.75,0.25,1.0,2.0,-0.875,1.625
P000-0203,2023-02-08,SHORT,37.0,-22.5,-21.5,12658.25,12658.75,0.5,0.5,12658.25,12697.0,OK,,4.25,0.25,-22.875,-21.875,-24.75,-22.25
P000-0204,2023-02-10,SHORT,15.75,2.25,3.25,12254.25,12254.75,0.5,0.5,12254.25,12248.25,OK,,0.5,0.25,1.875,2.875,0.0,2.5
P000-0205,2023-02-16,SHORT,27.25,-16.375,-15.375,12486.75,12487.25,0.5,1.0,12486.75,12517.5,OK,,0.0,0.0,-16.75,-15.75,-18.625,-16.125
P000-0206,2023-02-21,SHORT,14.25,16.875,17.875,12207.75,12208.25,0.5,0.5,12207.75,12169.5,OK,,2.5,0.25,16.5,17.5,14.625,17.125
P000-0207,2023-03-09,LONG,15.0,0.625,1.625,12291.75,12292.0,0.25,0.5,12292.0,12296.0,OK,,0.75,0.25,0.25,1.25,-1.625,0.875
P000-0208,2023-03-14,LONG,12.0,-28.5,-27.5,12096.5,12097.25,0.75,0.5,12097.25,12069.75,OK,,1.0,1.0,-29.0,-28.0,-31.0,-28.5
P000-0209,2023-03-23,LONG,16.0,2.625,3.625,12874.25,12874.75,0.5,0.5,12874.75,12868.5,OK,,0.75,0.25,2.25,3.25,0.375,2.875
P000-0210,2023-03-24,SHORT,19.0,-8.25,-7.25,12733.0,12733.5,0.5,0.5,12733.0,12750.75,OK,,1.5,0.25,-8.625,-7.625,-10.5,-8.0
P000-0211,2023-03-27,SHORT,16.75,19.375,20.375,12849.75,12850.0,0.25,0.5,12849.75,12810.0,OK,,0.75,0.25,19.0,20.0,17.125,19.625
P000-0212,2023-04-11,SHORT,13.25,-15.5,-14.5,13112.25,13112.5,0.25,0.25,13112.25,13126.75,OK,,0.0,0.25,-16.0,-15.0,-18.0,-15.5
P000-0213,2023-04-18,SHORT,19.5,6.875,7.875,13172.75,13173.0,0.25,0.5,13172.75,13173.0,OK,,0.25,0.0,6.5,7.5,4.625,7.125
P000-0214,2023-05-01,SHORT,20.75,-4.5,-3.5,13263.75,13264.25,0.5,0.25,13263.75,13271.25,OK,,0.75,0.0,-4.875,-3.875,-6.75,-4.25
P000-0215,2023-05-04,SHORT,21.25,13.5,14.5,13038.5,13038.75,0.25,0.5,13038.5,13021.0,OK,,1.5,0.25,13.125,14.125,11.25,13.75
P000-0216,2023-05-05,LONG,12.5,36.25,37.25,13170.75,13171.25,0.5,0.5,13171.25,13247.0,OK,,1.25,0.25,35.875,36.875,34.0,36.5
P000-0217,2023-05-08,SHORT,23.0,-2.5,-1.5,13264.5,13264.75,0.25,0.5,13264.5,13270.75,OK,,0.25,0.5,-2.875,-1.875,-4.75,-2.25
P000-0218,2023-05-09,SHORT,10.5,-4.875,-3.875,13257.5,13257.75,0.25,0.25,13257.5,13264.25,OK,,1.0,0.5,-5.25,-4.25,-7.125,-4.625
P000-0219,2023-05-24,SHORT,19.5,11.75,12.75,13608.25,13608.5,0.25,0.5,13608.25,13589.5,OK,,0.0,0.25,11.375,12.375,9.5,12.0
P000-0220,2023-06-06,SHORT,31.25,-33.25,-32.25,14529.0,14529.25,0.25,0.5,14529.0,14561.25,OK,,0.0,0.25,-33.75,-32.75,-35.75,-33.25
P000-0221,2023-06-09,LONG,19.25,-34.0,-33.0,14583.5,14584.0,0.5,0.5,14584.0,14551.0,OK,,0.0,0.5,-34.5,-33.5,-36.5,-34.0
P000-0222,2023-06-15,LONG,23.75,2.75,3.75,15216.25,15216.75,0.5,0.5,15216.75,15220.5,AMBIGUOUS:TRIM_QUEUE_UNCERTAIN,TRIM_QUEUE_UNCERTAIN,0.5,0.25,2.25,3.25,0.25,2.75
P000-0223,2023-06-16,SHORT,20.5,-13.375,-12.375,15336.25,15336.75,0.5,3.25,15336.25,15361.25,OK,,3.75,2.25,-13.75,-12.75,-15.625,-13.125
P000-0224,2023-06-26,LONG,22.0,4.75,5.75,15090.25,15090.5,0.25,0.5,15090.5,15088.0,OK,,0.0,0.25,4.375,5.375,2.5,5.0
P000-0225,2023-06-27,LONG,13.5,-4.0,-3.0,14952.75,14953.25,0.5,0.5,14953.25,14930.0,OK,,2.5,0.0,-4.375,-3.375,-6.25,-3.75
P000-0226,2023-06-30,LONG,36.0,13.875,14.875,15301.5,15302.0,0.5,0.5,15302.0,15334.0,OK,,2.25,0.0,13.5,14.5,11.625,14.125
P000-0227,2023-07-03,SHORT,12.5,-2.75,-1.75,15318.25,15318.75,0.5,0.5,15318.25,15325.75,OK,,0.75,0.25,-3.125,-2.125,-5.0,-2.5
P000-0228,2023-07-04,LONG,2.75,-4.0,-3.0,15367.25,15367.75,0.5,0.5,15367.75,15362.0,OK,,0.25,0.0,-4.375,-3.375,-6.25,-3.75
P000-0229,2023-07-11,SHORT,32.75,4.625,5.625,15145.5,15146.0,0.5,0.5,15145.5,15133.25,OK,,1.0,0.5,4.25,5.25,2.375,4.875
P000-0230,2023-07-12,LONG,27.5,-1.125,-0.125,15465.25,15465.75,0.5,0.5,15465.75,15465.75,OK,,0.25,0.5,-1.5,-0.5,-3.375,-0.875
P000-0231,2023-07-13,LONG,20.0,-41.5,-40.5,15601.0,15601.5,0.5,0.25,15601.5,15561.0,OK,,0.25,0.25,-42.0,-41.0,-44.0,-41.5
P000-0232,2023-07-28,LONG,33.75,-5.0,-4.0,15796.0,15796.25,0.25,4.25,15796.25,15788.75,OK,,0.5,0.25,-5.375,-4.375,-7.25,-4.75
P000-0233,2023-08-03,LONG,33.25,-13.375,-12.375,15479.0,15479.5,0.5,0.5,15479.5,15453.0,OK,,0.75,0.25,-13.75,-12.75,-15.625,-13.125
P000-0234,2023-08-21,LONG,18.25,-6.0,-5.0,14878.0,14878.5,0.5,0.5,14878.5,14858.25,OK,,1.75,0.0,-6.375,-5.375,-8.25,-5.75
P000-0235,2023-08-23,LONG,25.0,6.5,7.5,15107.75,15108.0,0.25,0.5,15108.0,15123.0,OK,,0.0,0.5,6.125,7.125,4.25,6.75
P000-0236,2023-08-25,LONG,24.75,0.5,1.5,14942.5,14943.0,0.5,0.25,14943.0,14946.0,OK,,0.0,0.25,0.125,1.125,-1.75,0.75
P000-0237,2023-08-31,LONG,23.75,-4.75,-3.75,15567.5,15568.0,0.5,0.5,15568.0,15560.5,OK,,0.0,0.0,-5.125,-4.125,-7.0,-4.5
P000-0238,2023-09-08,LONG,28.25,8.25,9.25,15357.5,15358.0,0.5,0.5,15358.0,15362.75,OK,,0.0,0.25,7.875,8.875,6.0,8.5
P000-0239,2023-09-12,SHORT,25.25,-7.0,-6.0,15369.0,15369.5,0.5,0.5,15369.0,15379.25,OK,,1.75,0.0,-7.375,-6.375,-9.25,-6.75
P000-0240,2023-09-15,SHORT,29.5,60.375,61.375,15562.75,15563.25,0.5,0.5,15562.75,15440.0,OK,,0.0,0.25,60.0,61.0,58.125,60.625
P000-0241,2023-09-18,LONG,9.5,0.625,1.625,15437.0,15437.25,0.25,0.5,15437.25,15433.75,OK,,0.0,0.25,0.25,1.25,-1.625,0.875
P000-0242,2023-09-21,SHORT,13.0,-26.125,-25.125,14927.5,14928.0,0.5,0.5,14927.5,14976.0,OK,,1.75,0.75,-26.5,-25.5,-28.375,-25.875
P000-0243,2023-09-22,LONG,18.0,-23.5,-22.5,14990.0,14990.5,0.5,0.5,14990.5,14968.0,OK,,0.0,0.5,-24.0,-23.0,-26.0,-23.5
P000-0244,2023-10-03,SHORT,31.25,29.25,30.25,14814.75,14815.25,0.5,0.5,14814.75,14753.0,OK,,1.25,0.0,28.875,29.875,27.0,29.5
P000-0245,2023-10-04,LONG,29.5,-67.5,-66.5,14829.25,14829.5,0.25,0.5,14829.5,14763.0,OK,,0.25,0.5,-68.0,-67.0,-70.0,-67.5
P000-0246,2023-10-05,SHORT,31.75,26.125,27.125,14817.5,14818.0,0.5,0.5,14817.5,14761.75,OK,,1.5,0.25,25.75,26.75,23.875,26.375
P000-0247,2023-10-09,LONG,25.75,-4.625,-3.625,15060.25,15060.75,0.5,0.25,15060.75,15054.0,OK,,0.5,0.5,-5.0,-4.0,-6.875,-4.375
P000-0248,2023-10-10,LONG,26.0,49.75,50.75,15265.5,15266.0,0.5,0.5,15266.0,15362.25,OK,,0.75,0.25,49.375,50.375,47.5,50.0
P000-0249,2023-10-16,LONG,26.0,54.875,55.875,15215.25,15215.75,0.5,0.5,15215.75,15283.25,OK,,2.75,0.25,54.5,55.5,52.625,55.125
P000-0250,2023-10-17,SHORT,25.75,-18.25,-17.25,15109.25,15109.5,0.25,0.5,15109.25,15142.25,OK,,1.5,0.25,-18.625,-17.625,-20.5,-18.0
P000-0251,2023-10-20,SHORT,25.0,4.625,5.625,14778.25,14778.5,0.25,0.5,14778.25,14765.75,OK,,1.25,0.0,4.25,5.25,2.375,4.875
P000-0252,2023-10-30,LONG,35.5,-4.375,-3.375,14427.0,14427.25,0.25,0.25,14427.25,14420.5,OK,,0.0,0.0,-4.75,-3.75,-6.625,-4.125
P000-0253,2023-11-01,LONG,13.75,-3.625,-2.625,14549.75,14550.25,0.5,2.75,14550.25,14547.0,OK,,2.0,0.0,-4.0,-3.0,-5.875,-3.375
P000-0254,2023-11-02,LONG,11.0,-6.0,-5.0,14964.5,14965.0,0.5,0.5,14965.0,14955.0,OK,,0.5,0.25,-6.375,-5.375,-8.25,-5.75
P000-0255,2023-11-03,LONG,28.75,73.25,74.25,15093.75,15094.25,0.5,0.5,15094.25,15173.75,OK,,0.0,0.5,72.875,73.875,71.0,73.5
P000-0256,2023-11-10,LONG,28.0,-32.75,-31.75,15360.75,15361.0,0.25,0.5,15361.0,15329.25,OK,,2.0,0.75,-33.25,-32.25,-35.25,-32.75
P000-0257,2023-11-16,LONG,14.75,-8.875,-7.875,15898.25,15898.5,0.25,0.25,15898.5,15883.25,OK,,0.5,0.0,-9.25,-8.25,-11.125,-8.625
P000-0258,2023-11-24,SHORT,14.25,-18.0,-17.0,16010.25,16010.5,0.25,0.5,16010.25,16027.25,OK,,0.0,0.75,-18.5,-17.5,-20.5,-18.0
P000-0259,2023-11-28,LONG,5.75,29.5,30.5,16016.25,16016.5,0.25,0.5,16016.5,16046.0,OK,,0.0,0.0,29.125,30.125,27.25,29.75
P000-0260,2023-12-05,LONG,27.0,38.75,39.75,15844.25,15844.75,0.5,0.25,15844.75,15919.5,OK,,0.5,0.0,38.375,39.375,36.5,39.0
P000-0261,2023-12-08,LONG,46.5,5.75,6.75,16085.0,16085.25,0.25,0.5,16085.25,16098.75,OK,,0.0,0.0,5.375,6.375,3.5,6.0
P000-0262,2023-12-11,LONG,43.0,-0.375,0.625,16140.0,16140.75,0.75,0.5,16140.75,16144.0,OK,,2.25,0.75,-0.75,0.25,-2.625,-0.125
P000-0263,2023-12-19,LONG,7.5,-0.625,0.375,16996.25,16996.75,0.5,0.5,16996.75,16997.5,OK,,0.0,0.5,-1.0,0.0,-2.875,-0.375
P000-0264,2023-12-22,LONG,19.75,-24.25,-23.25,17034.0,17034.25,0.25,0.5,17034.25,17011.0,OK,,0.5,0.0,-24.75,-23.75,-26.75,-24.25
P000-0265,2023-12-26,LONG,20.5,9.875,10.875,17044.0,17044.5,0.5,0.5,17044.5,17050.25,OK,,0.25,0.25,9.5,10.5,7.625,10.125
P000-0266,2023-12-28,SHORT,14.5,-4.125,-3.125,17118.5,17119.0,0.5,0.25,17118.5,17123.0,OK,,1.75,0.25,-4.5,-3.5,-6.375,-3.875
P000-0267,2024-01-05,LONG,24.0,-4.75,-3.75,16474.75,16475.25,0.5,1.25,16475.25,16471.5,AMBIGUOUS:TRIM_QUEUE_UNCERTAIN,TRIM_QUEUE_UNCERTAIN,0.0,0.0,-5.25,-4.25,-7.25,-4.75
P000-0268,2024-01-09,LONG,8.0,39.75,40.75,16761.75,16762.25,0.5,0.5,16762.25,16818.0,OK,,0.25,0.0,39.375,40.375,37.5,40.0
P000-0269,2024-01-11,SHORT,58.75,-28.875,-27.875,16832.25,16832.75,0.5,0.5,16832.25,16886.75,OK,,1.25,0.25,-29.25,-28.25,-31.125,-28.625
P000-0270,2024-01-17,SHORT,8.5,-31.0,-30.0,16796.75,16797.25,0.5,0.5,16796.75,16826.75,OK,,0.0,0.25,-31.5,-30.5,-33.5,-31.0
P000-0271,2024-02-05,SHORT,24.25,15.875,16.875,17649.0,17649.5,0.5,0.25,17649.0,17614.75,OK,,0.5,0.25,15.5,16.5,13.625,16.125
P000-0272,2024-02-07,LONG,26.5,33.75,34.75,17805.75,17806.25,0.5,0.25,17806.25,17841.0,OK,,0.25,0.25,33.25,34.25,31.25,33.75
P000-0273,2024-02-09,LONG,17.5,29.125,30.125,17989.0,17989.5,0.5,0.25,17989.5,18031.75,OK,,0.0,0.25,28.75,29.75,26.875,29.375
P000-0274,2024-02-15,SHORT,29.5,-4.625,-3.625,17846.5,17846.75,0.25,0.25,17846.5,17853.0,OK,,0.75,0.5,-5.0,-4.0,-6.875,-4.375
P000-0275,2024-02-16,SHORT,25.5,32.875,33.875,17876.25,17876.75,0.5,0.5,17876.25,17807.25,OK,,1.25,0.0,32.5,33.5,30.625,33.125
P000-0276,2024-02-19,LONG,6.25,-15.0,-14.0,17796.5,17797.0,0.5,0.25,17797.0,17783.0,OK,,0.0,0.25,-15.5,-14.5,-17.5,-15.0
P000-0277,2024-02-29,LONG,22.75,-72.5,-71.5,18058.5,18059.0,0.5,0.5,18059.0,17987.5,OK,,1.25,0.25,-73.0,-72.0,-75.0,-72.5
P000-0278,2024-03-01,LONG,37.75,24.75,25.75,18185.5,18185.75,0.25,0.5,18185.75,18226.25,OK,,1.25,0.25,24.375,25.375,22.5,25.0
P000-0279,2024-03-06,SHORT,21.5,-50.0,-49.0,17997.75,17998.25,0.5,0.5,17997.75,18046.75,OK,,0.5,0.5,-50.5,-49.5,-52.5,-50.0
P000-0280,2024-03-15,SHORT,49.25,-16.5,-15.5,18078.75,18079.25,0.5,0.5,18078.75,18107.75,OK,,2.0,0.0,-16.875,-15.875,-18.75,-16.25
P000-0281,2024-04-02,SHORT,23.75,-6.125,-5.125,18245.0,18245.5,0.5,1.0,18245.0,18255.0,OK,,0.25,0.25,-6.5,-5.5,-8.375,-5.875
P000-0282,2024-04-03,LONG,38.0,10.25,11.25,18359.0,18359.5,0.5,0.25,18359.5,18370.75,OK,,0.75,0.25,9.75,10.75,7.75,10.25
P000-0283,2024-04-05,LONG,24.0,17.375,18.375,18214.75,18215.25,0.5,0.5,18215.25,18239.0,OK,,1.0,0.25,17.0,18.0,15.125,17.625
P000-0284,2024-04-09,SHORT,36.25,-41.0,-40.0,18217.0,18217.5,0.5,0.5,18217.0,18257.0,OK,,0.25,0.25,-41.5,-40.5,-43.5,-41.0
P000-0285,2024-04-12,SHORT,18.5,4.125,5.125,18254.25,18254.5,0.25,0.5,18254.25,18242.0,OK,,2.0,0.5,3.75,4.75,1.875,4.375
P000-0286,2024-04-15,SHORT,35.0,28.75,29.75,18223.0,18223.5,0.5,0.5,18223.0,18195.5,OK,,1.0,0.25,28.375,29.375,26.5,29.0
P000-0287,2024-04-17,SHORT,19.25,25.375,26.375,17839.0,17839.5,0.5,0.5,17839.0,17847.25,OK,,4.25,0.25,25.0,26.0,23.125,25.625
P000-0288,2024-04-19,SHORT,19.0,-22.25,-21.25,17369.5,17370.0,0.5,0.5,17369.5,17390.75,OK,,0.5,0.0,-22.75,-21.75,-24.75,-22.25
P000-0289,2024-04-23,LONG,40.75,35.5,36.5,17477.25,17477.75,0.5,0.5,17477.75,17550.75,OK,,0.0,0.25,35.125,36.125,33.25,35.75
P000-0290,2024-04-24,LONG,32.25,-15.0,-14.0,17788.5,17789.0,0.5,0.5,17789.0,17763.0,OK,,2.0,0.0,-15.375,-14.375,-17.25,-14.75
P000-0291,2024-05-01,LONG,47.0,73.75,74.75,17566.25,17566.75,0.5,1.25,17566.75,17717.0,OK,,1.25,0.0,73.375,74.375,71.5,74.0
P000-0292,2024-05-02,SHORT,35.5,-40.5,-39.5,17522.25,17522.75,0.5,0.5,17522.25,17561.75,OK,,0.5,0.0,-41.0,-40.0,-43.0,-40.5
P000-0293,2024-05-03,LONG,38.0,-5.5,-4.5,18006.75,18007.25,0.5,1.25,18007.25,17999.5,OK,,1.25,1.25,-5.875,-4.875,-7.75,-5.25
P000-0294,2024-05-06,LONG,12.5,3.875,4.875,18091.0,18091.25,0.25,0.5,18091.25,18090.75,OK,,0.5,0.25,3.5,4.5,1.625,4.125
P000-0295,2024-05-09,LONG,11.5,-3.0,-2.0,18223.25,18223.75,0.5,0.5,18223.75,18221.5,OK,,1.75,0.5,-3.375,-2.375,-5.25,-2.75
P000-0296,2024-05-10,LONG,13.25,-11.0,-10.0,18320.0,18320.5,0.5,0.5,18320.5,18301.0,OK,,0.5,0.5,-11.375,-10.375,-13.25,-10.75
P000-0297,2024-05-16,LONG,14.75,-9.875,-8.875,18752.5,18752.75,0.25,0.5,18752.75,18738.0,OK,,3.0,0.25,-10.25,-9.25,-12.125,-9.625
P000-0298,2024-05-20,LONG,17.5,16.5,17.5,18708.75,18709.25,0.5,0.25,18709.25,18742.5,OK,,2.25,0.0,16.125,17.125,14.25,16.75
P000-0299,2024-05-23,SHORT,13.5,174.625,175.625,18915.25,18915.75,0.5,0.25,18915.25,18677.25,OK,,0.0,0.0,174.25,175.25,172.375,174.875
P000-0300,2024-05-28,SHORT,20.0,-33.5,-32.5,18879.25,18879.75,0.5,0.5,18879.25,18911.75,OK,,0.0,0.25,-34.0,-33.0,-36.0,-33.5
P000-0301,2024-05-30,SHORT,32.0,1.5,2.5,18665.25,18665.75,0.5,0.5,18665.25,18667.75,OK,,0.75,0.0,1.125,2.125,-0.75,1.75
P000-0302,2024-06-03,LONG,16.0,-2.0,-1.0,18732.0,18732.5,0.5,0.5,18732.5,18730.5,OK,,0.0,0.5,-2.375,-1.375,-4.25,-1.75
P000-0303,2024-06-10,LONG,12.75,55.375,56.375,19052.0,19052.5,0.5,0.5,19052.5,19096.5,OK,,0.25,0.5,55.0,56.0,53.125,55.625
P000-0304,2024-06-12,LONG,72.5,-3.5,-2.5,19531.0,19531.5,0.5,0.5,19531.5,19511.25,OK,,0.25,0.0,-3.875,-2.875,-5.75,-3.25
P000-0305,2024-06-14,LONG,19.0,-21.0,-20.0,19673.25,19673.75,0.5,0.75,19673.75,19653.75,OK,,0.25,0.5,-21.5,-20.5,-23.5,-21.0
P000-0306,2024-06-27,LONG,29.75,-46.0,-45.0,20037.5,20038.0,0.5,0.5,20038.0,19993.0,OK,,0.25,0.75,-46.5,-45.5,-48.5,-46.0
P000-0307,2024-07-04,SHORT,8.5,1.5,2.5,20387.5,20388.0,0.5,0.5,20387.5,20382.5,OK,,0.0,0.5,1.125,2.125,-0.75,1.75
P000-0308,2024-07-08,LONG,21.25,4.0,5.0,20663.25,20663.5,0.25,0.25,20663.5,20667.75,OK,,0.5,0.5,3.625,4.625,1.75,4.25
P000-0309,2024-07-15,LONG,25.5,27.0,28.0,20677.75,20678.0,0.25,0.25,20678.0,20734.0,OK,,0.0,0.25,26.625,27.625,24.75,27.25
P000-0310,2024-07-17,SHORT,27.5,-9.25,-8.25,20223.0,20223.5,0.5,0.5,20223.0,20235.5,OK,,4.0,0.75,-9.625,-8.625,-11.5,-9.0
P000-0311,2024-07-18,SHORT,73.75,75.75,76.75,19942.25,19942.75,0.5,0.5,19942.25,19838.0,OK,,2.5,0.75,75.375,76.375,73.5,76.0
P000-0312,2024-07-29,SHORT,41.25,-3.25,-2.25,19184.5,19185.0,0.5,0.5,19184.5,19187.75,OK,,1.25,0.25,-3.625,-2.625,-5.5,-3.0
P000-0313,2024-07-31,LONG,26.5,20.0,21.0,19407.5,19408.25,0.75,0.75,19408.25,19444.0,OK,,1.0,0.25,19.625,20.625,17.75,20.25
P000-0314,2024-08-02,SHORT,62.75,-98.5,-97.5,18444.25,18445.0,0.75,0.75,18444.25,18541.75,OK,,1.5,1.0,-99.0,-98.0,-101.0,-98.5
P000-0315,2024-08-08,LONG,42.5,19.25,20.25,18294.0,18295.0,1.0,0.75,18295.0,18335.75,OK,,0.25,0.75,18.875,19.875,17.0,19.5
P000-0316,2024-08-12,SHORT,69.25,-10.875,-9.875,18557.0,18557.5,0.5,0.75,18557.0,18576.75,OK,,0.0,0.25,-11.25,-10.25,-13.125,-10.625
P000-0317,2024-08-13,LONG,29.25,7.125,8.125,18876.0,18876.75,0.75,0.5,18876.75,18882.0,OK,,0.5,0.25,6.75,7.75,4.875,7.375
P000-0318,2024-08-15,LONG,24.5,70.5,71.5,19398.25,19399.0,0.75,0.5,19399.0,19545.0,OK,,3.0,0.25,70.125,71.125,68.25,70.75
P000-0319,2024-08-19,LONG,16.25,0.125,1.125,19655.5,19656.0,0.5,0.75,19656.0,19652.25,OK,,1.0,0.5,-0.25,0.75,-2.125,0.375
P000-0320,2024-08-21,LONG,20.5,-10.75,-9.75,19884.25,19885.5,1.25,0.75,19885.5,19867.25,OK,,1.25,0.75,-11.125,-10.125,-13.0,-10.5
P000-0321,2024-08-23,LONG,86.75,-19.625,-18.625,19864.75,19865.5,0.75,0.75,19865.5,19825.25,OK,,0.5,0.5,-20.0,-19.0,-21.875,-19.375
P000-0322,2024-08-26,SHORT,33.75,23.125,24.125,19708.5,19709.0,0.5,0.75,19708.5,19657.5,OK,,2.75,0.5,22.75,23.75,20.875,23.375
P000-0323,2024-08-28,SHORT,11.75,5.0,6.0,19582.25,19582.75,0.5,0.5,19582.25,19568.5,OK,,1.75,0.0,4.625,5.625,2.75,5.25
P000-0324,2024-08-30,LONG,25.75,-9.875,-8.875,19598.25,19600.0,1.75,0.75,19600.0,19579.0,OK,,1.25,0.25,-10.25,-9.25,-12.125,-9.625
P000-0325,2024-09-19,LONG,29.0,-7.25,-6.25,20088.25,20088.75,0.5,0.5,20088.75,20078.75,OK,,2.5,0.5,-7.625,-6.625,-9.5,-7.0
P000-0326,2024-09-20,SHORT,47.25,3.25,4.25,19931.0,19931.5,0.5,0.75,19931.0,19926.75,AMBIGUOUS:TRIM_QUEUE_UNCERTAIN,TRIM_QUEUE_UNCERTAIN,2.75,0.0,2.75,3.75,0.75,3.25
P000-0327,2024-09-25,LONG,31.25,36.5,37.5,20189.0,20189.5,0.5,0.5,20189.5,20227.0,AMBIGUOUS:TRIM_QUEUE_UNCERTAIN,TRIM_QUEUE_UNCERTAIN,0.25,0.25,36.0,37.0,34.0,36.5
P000-0328,2024-09-26,SHORT,26.5,108.125,109.125,20424.0,20424.5,0.5,0.75,20424.0,20275.0,OK,,0.0,0.75,107.75,108.75,105.875,108.375
P000-0329,2024-09-30,LONG,35.5,-13.875,-12.875,20259.5,20260.0,0.5,0.75,20260.0,20234.25,OK,,0.0,0.75,-14.25,-13.25,-16.125,-13.625
P000-0330,2024-10-07,LONG,11.75,-14.75,-13.75,20176.75,20177.5,0.75,0.75,20177.5,20163.75,OK,,0.75,0.0,-15.25,-14.25,-17.25,-14.75
P000-0331,2024-10-09,LONG,21.0,-0.5,0.5,20322.0,20322.5,0.5,0.5,20322.5,20324.25,OK,,0.75,0.5,-0.875,0.125,-2.75,-0.25
P000-0332,2024-10-16,SHORT,12.5,-16.25,-15.25,20322.0,20322.5,0.5,0.75,20322.0,20337.25,OK,,1.5,0.25,-16.75,-15.75,-18.75,-16.25
P000-0333,2024-10-21,LONG,22.5,14.125,15.125,20482.25,20482.75,0.5,0.5,20482.75,20507.5,OK,,0.5,0.25,13.75,14.75,11.875,14.375
P000-0334,2024-10-22,LONG,28.5,-39.5,-38.5,20505.75,20506.25,0.5,0.75,20506.25,20467.75,OK,,2.25,0.25,-40.0,-39.0,-42.0,-39.5
P000-0335,2024-10-24,SHORT,28.0,2.5,3.5,20323.5,20324.0,0.5,0.75,20323.5,20333.75,OK,,1.0,0.25,2.125,3.125,0.25,2.75
P000-0336,2024-10-28,SHORT,31.75,-5.375,-4.375,20548.25,20548.75,0.5,0.75,20548.25,20556.25,OK,,0.75,0.0,-5.75,-4.75,-7.625,-5.125
P000-0337,2024-10-30,SHORT,32.25,-3.5,-2.5,20605.75,20606.25,0.5,0.75,20605.75,20609.0,OK,,1.75,0.0,-3.875,-2.875,-5.75,-3.25
P000-0338,2024-10-31,SHORT,29.5,30.875,31.875,20254.25,20254.75,0.5,0.75,20254.25,20192.0,OK,,3.25,0.25,30.5,31.5,28.625,31.125
P000-0339,2024-11-01,LONG,6.75,10.375,11.375,20153.25,20154.0,0.75,5.75,20154.0,20165.75,OK,,0.75,4.0,10.0,11.0,8.125,10.625
P000-0340,2024-11-07,LONG,50.75,-10.25,-9.25,21072.75,21073.25,0.5,0.5,21073.25,21056.75,OK,,2.0,0.0,-10.625,-9.625,-12.5,-10.0
P000-0341,2024-11-13,SHORT,27.75,-44.25,-43.25,21086.25,21086.75,0.5,0.5,21086.25,21129.5,OK,,0.25,0.25,-44.75,-43.75,-46.75,-44.25
P000-0342,2024-11-14,SHORT,40.75,-13.25,-12.25,21069.25,21070.0,0.75,0.5,21069.25,21099.0,OK,,2.75,0.25,-13.625,-12.625,-15.5,-13.0
P000-0343,2024-11-19,LONG,20.25,3.375,4.375,20671.25,20671.75,0.5,0.25,20671.75,20664.0,OK,,3.25,0.0,3.0,4.0,1.125,3.625
P000-0344,2024-11-20,SHORT,30.0,-37.0,-36.0,20702.5,20703.0,0.5,0.75,20702.5,20738.5,OK,,0.25,0.0,-37.5,-36.5,-39.5,-37.0
P000-0345,2024-11-22,LONG,21.25,-9.25,-8.25,20836.75,20837.5,0.75,0.5,20837.5,20821.5,OK,,0.5,0.25,-9.625,-8.625,-11.5,-9.0
P000-0346,2024-11-28,LONG,11.25,-0.375,0.625,20889.0,20889.5,0.5,0.75,20889.5,20888.25,OK,,0.25,0.25,-0.75,0.25,-2.625,-0.125
P000-0347,2024-11-29,LONG,15.25,13.25,14.25,20924.75,20925.25,0.5,0.5,20925.25,20943.25,OK,,0.0,0.5,12.875,13.875,11.0,13.5
P000-0348,2024-12-06,LONG,24.75,21.875,22.875,21554.25,21554.75,0.5,0.25,21554.75,21600.75,OK,,0.25,0.25,21.5,22.5,19.625,22.125
P000-0349,2024-12-10,LONG,38.75,-26.375,-25.375,21576.25,21576.75,0.5,0.75,21576.75,21526.0,OK,,0.0,0.5,-26.75,-25.75,-28.625,-26.125
P000-0350,2024-12-13,LONG,23.25,-40.0,-39.0,21866.5,21867.0,0.5,0.5,21867.0,21828.0,OK,,0.0,0.0,-40.5,-39.5,-42.5,-40.0
P000-0351,2024-12-16,LONG,21.25,3.125,4.125,21934.25,21935.0,0.75,0.75,21935.0,21942.25,OK,,0.25,0.0,2.75,3.75,0.875,3.375
P000-0352,2025-01-03,LONG,65.5,77.375,78.375,21367.75,21368.5,0.75,0.5,21368.5,21453.0,OK,,0.0,0.0,77.0,78.0,75.125,77.625
P000-0353,2025-01-06,LONG,40.0,12.25,13.25,21800.75,21801.75,1.0,1.25,21801.75,21829.5,OK,,1.25,0.25,11.875,12.875,10.0,12.5
P000-0354,2025-01-14,SHORT,41.25,34.25,35.25,20901.75,20902.25,0.5,0.5,20901.75,20857.25,OK,,1.0,0.25,33.875,34.875,32.0,34.5
P000-0355,2025-01-16,SHORT,50.5,-23.375,-22.375,21357.75,21359.0,1.25,0.75,21357.75,21407.25,OK,,11.75,0.25,-23.75,-22.75,-25.625,-23.125
P000-0356,2025-01-20,LONG,28.25,-10.375,-9.375,21757.0,21757.75,0.75,0.75,21757.75,21741.75,OK,,2.75,1.25,-10.75,-9.75,-12.625,-10.125
P000-0357,2025-01-22,LONG,29.75,31.5,32.5,21964.5,21965.0,0.5,0.5,21965.0,22013.25,OK,,1.0,0.5,31.125,32.125,29.25,31.75
P000-0358,2025-01-23,LONG,18.75,-20.75,-19.75,21938.0,21938.5,0.5,0.25,21938.5,21918.75,OK,,0.25,0.5,-21.25,-20.25,-23.25,-20.75
P000-0359,2025-01-27,LONG,34.0,-72.5,-71.5,21306.5,21307.25,0.75,1.0,21307.25,21235.75,OK,,4.25,0.25,-73.0,-72.0,-75.0,-72.5
P000-0360,2025-01-29,SHORT,33.75,-15.0,-14.0,21517.0,21518.25,1.25,0.5,21517.0,21535.5,OK,,9.5,0.0,-15.375,-14.375,-17.25,-14.75
P000-0361,2025-01-31,LONG,23.0,45.375,46.375,21838.75,21839.5,0.75,0.5,21839.5,21933.25,OK,,3.5,0.25,45.0,46.0,43.125,45.625
P000-0362,2025-02-04,LONG,23.0,55.625,56.625,21521.0,21521.75,0.75,0.5,21521.75,21633.5,OK,,0.25,0.25,55.25,56.25,53.375,55.875
P000-0363,2025-02-05,LONG,23.5,-12.125,-11.125,21580.0,21581.0,1.0,0.5,21581.0,21551.75,OK,,1.0,0.0,-12.5,-11.5,-14.375,-11.875
P000-0364,2025-02-11,LONG,13.75,18.25,19.25,21807.0,21807.75,0.75,0.5,21807.75,21834.25,OK,,2.0,0.5,17.875,18.875,16.0,18.5
P000-0365,2025-02-18,SHORT,26.0,21.75,22.75,22226.0,22226.5,0.5,0.5,22226.0,22183.25,OK,,0.5,0.0,21.375,22.375,19.5,22.0
P000-0366,2025-02-20,SHORT,39.5,24.5,25.5,22131.25,22131.5,0.25,0.5,22131.25,22077.5,OK,,2.75,0.5,24.125,25.125,22.25,24.75
P000-0367,2025-02-21,SHORT,26.5,60.5,61.5,22113.75,22114.25,0.5,0.5,22113.75,22006.75,OK,,0.75,0.0,60.125,61.125,58.25,60.75
P000-0368,2025-02-25,SHORT,49.25,52.875,53.875,21234.75,21236.75,2.0,0.5,21234.75,21151.0,OK,,2.0,0.0,52.5,53.5,50.625,53.125
P000-0369,2025-03-04,SHORT,86.0,-114.5,-113.5,20173.75,20174.5,0.75,0.75,20173.75,20287.25,OK,,2.25,0.5,-115.0,-114.0,-117.0,-114.5
P000-0370,2025-03-13,SHORT,69.25,-51.5,-50.5,19335.75,19336.25,0.5,1.0,19335.75,19433.0,OK,,3.75,0.0,-51.875,-50.875,-53.75,-51.25
P000-0371,2025-03-14,LONG,67.0,1.0,2.0,19601.5,19602.0,0.5,0.75,19602.0,19607.5,OK,,1.5,0.75,0.625,1.625,-1.25,1.25
P000-0372,2025-03-19,LONG,22.5,81.25,82.25,19610.75,19611.5,0.75,0.75,19611.5,19693.25,OK,,1.5,0.0,80.875,81.875,79.0,81.5
P000-0373,2025-04-10,SHORT,118.5,-11.0,-10.0,18583.5,18584.5,1.0,1.25,18583.5,18602.0,OK,,1.5,0.5,-11.375,-10.375,-13.25,-10.75
P000-0374,2025-04-17,SHORT,74.25,-53.125,-52.125,18381.0,18381.75,0.75,0.5,18381.0,18483.75,OK,,1.5,0.25,-53.5,-52.5,-55.375,-52.875
P000-0375,2025-04-23,LONG,140.5,-36.25,-35.25,19115.5,19116.5,1.0,19.75,19116.5,19050.0,OK,,4.0,24.75,-36.625,-35.625,-38.5,-36.0
P000-0376,2025-04-24,LONG,27.75,120.125,121.125,18904.75,18905.5,0.75,0.75,18905.5,19148.5,OK,,0.75,1.0,119.75,120.75,117.875,120.375
P000-0377,2025-05-02,LONG,6.75,6.125,7.125,20150.75,20151.5,0.75,0.75,20151.5,20143.25,OK,,3.5,1.0,5.75,6.75,3.875,6.375
P000-0378,2025-05-08,SHORT,36.75,-4.125,-3.125,20097.75,20098.5,0.75,0.75,20097.75,20104.0,OK,,0.0,0.25,-4.5,-3.5,-6.375,-3.875
P000-0379,2025-05-09,SHORT,22.75,-2.625,-1.625,20117.25,20117.75,0.5,0.75,20117.25,20126.0,OK,,0.0,0.75,-3.0,-2.0,-4.875,-2.375
P000-0380,2025-06-03,LONG,38.25,9.125,10.125,21597.0,21597.5,0.5,0.75,21597.5,21616.0,OK,,1.25,0.0,8.75,9.75,6.875,9.375
P000-0381,2025-06-06,LONG,30.0,-62.5,-61.5,21845.0,21845.5,0.5,0.75,21845.5,21784.0,OK,,3.5,0.75,-63.0,-62.0,-65.0,-62.5
P000-0382,2025-06-09,LONG,28.25,-30.25,-29.25,21851.75,21852.5,0.75,0.75,21852.5,21823.25,OK,,0.0,0.0,-30.75,-29.75,-32.75,-30.25
P000-0383,2025-06-12,LONG,21.0,-17.625,-16.625,21889.0,21889.75,0.75,0.75,21889.75,21856.75,OK,,0.25,0.5,-18.0,-17.0,-19.875,-17.375
P000-0384,2025-06-16,LONG,30.75,42.375,43.375,21873.5,21874.25,0.75,0.5,21874.25,21957.75,OK,,1.75,0.75,42.0,43.0,40.125,42.625
P000-0385,2025-06-19,SHORT,22.75,-10.125,-9.125,21702.0,21706.25,4.25,0.75,21702.0,21709.75,OK,,10.5,0.75,-10.5,-9.5,-12.375,-9.875
P000-0386,2025-06-23,LONG,21.5,-24.5,-23.5,21966.25,21967.0,0.75,0.75,21967.0,21943.5,OK,,1.25,0.5,-25.0,-24.0,-27.0,-24.5
P000-0387,2025-06-30,SHORT,26.0,-35.25,-34.25,22827.75,22828.25,0.5,0.5,22827.75,22862.0,OK,,0.0,0.5,-35.75,-34.75,-37.75,-35.25
P000-0388,2025-07-01,SHORT,39.0,12.125,13.125,22714.0,22714.5,0.5,0.5,22714.0,22685.0,OK,,2.75,0.5,11.75,12.75,9.875,12.375
P000-0389,2025-07-03,LONG,21.0,46.625,47.625,22962.0,22964.75,2.75,0.25,22964.75,23039.0,OK,,3.25,0.0,46.25,47.25,44.375,46.875
P000-0390,2025-07-08,SHORT,14.0,-11.0,-10.0,22889.75,22890.5,0.75,0.5,22889.75,22908.0,OK,,1.75,0.25,-11.375,-10.375,-13.25,-10.75
P000-0391,2025-07-18,SHORT,15.5,4.25,5.25,23235.0,23235.5,0.5,0.5,23235.0,23223.75,OK,,0.75,0.0,3.875,4.875,2.0,4.5
P000-0392,2025-07-23,SHORT,17.5,29.375,30.375,23212.75,23213.25,0.5,0.5,23212.75,23181.75,OK,,0.0,0.0,29.0,30.0,27.125,29.625
P000-0393,2025-08-01,SHORT,56.5,19.375,20.375,22974.75,22975.25,0.5,0.75,22974.75,22933.75,OK,,0.25,0.25,19.0,20.0,17.125,19.625
P000-0394,2025-08-12,LONG,27.25,23.875,24.875,23849.0,23849.5,0.5,0.5,23849.5,23887.5,OK,,0.0,0.5,23.5,24.5,21.625,24.125
P000-0395,2025-08-14,LONG,18.25,5.75,6.75,23984.5,23985.0,0.5,0.5,23985.0,23998.5,OK,,0.0,0.5,5.375,6.375,3.5,6.0
P000-0396,2025-08-15,SHORT,20.75,32.25,33.25,23850.5,23851.0,0.5,0.5,23850.5,23784.5,OK,,0.75,1.0,31.875,32.875,30.0,32.5
P000-0397,2025-08-20,SHORT,14.25,126.375,127.375,23356.25,23357.0,0.75,0.5,23356.25,23123.5,OK,,0.75,0.25,126.0,127.0,124.125,126.625
P000-0398,2025-08-25,LONG,17.5,-22.75,-21.75,23556.0,23556.75,0.75,0.5,23556.75,23535.0,OK,,1.5,0.5,-23.25,-22.25,-25.25,-22.75
P000-0399,2025-08-29,SHORT,24.5,33.625,34.625,23583.25,23584.0,0.75,0.5,23583.25,23509.25,OK,,4.75,0.25,33.25,34.25,31.375,33.875
P000-0400,2025-09-02,SHORT,9.25,-12.0,-11.0,23050.75,23051.25,0.5,0.75,23050.75,23061.75,OK,,0.25,0.5,-12.5,-11.5,-14.5,-12.0
P000-0401,2025-09-04,SHORT,28.0,-20.25,-19.25,23430.0,23430.5,0.5,0.5,23430.0,23477.5,OK,,2.25,0.0,-20.625,-19.625,-22.5,-20.0
P000-0402,2025-09-05,SHORT,72.25,0.875,1.875,23651.75,23652.5,0.75,0.5,23651.75,23646.5,OK,,1.5,0.25,0.5,1.5,-1.375,1.125
P000-0403,2025-09-08,LONG,21.75,-24.5,-23.5,23816.5,23817.0,0.5,0.5,23817.0,23793.5,OK,,0.25,0.0,-25.0,-24.0,-27.0,-24.5
P000-0404,2025-09-17,SHORT,21.0,-4.625,-3.625,24196.5,24197.25,0.75,0.5,24196.5,24203.0,OK,,0.75,0.75,-5.0,-4.0,-6.875,-4.375
P000-0405,2025-09-22,LONG,24.5,35.125,36.125,24848.75,24849.25,0.5,0.5,24849.25,24909.0,OK,,0.25,0.75,34.75,35.75,32.875,35.375
P000-0406,2025-09-23,SHORT,25.5,-7.75,-6.75,24946.5,24947.0,0.5,0.25,24946.5,24953.25,AMBIGUOUS:TRIM_QUEUE_UNCERTAIN,TRIM_QUEUE_UNCERTAIN,1.0,0.0,-8.25,-7.25,-10.25,-7.75
P000-0407,2025-10-08,LONG,37.5,4.375,5.375,25149.25,25149.75,0.5,0.5,25149.75,25161.25,OK,,0.75,0.25,4.0,5.0,2.125,4.625
P000-0408,2025-10-17,LONG,80.5,-13.75,-12.75,24886.0,24886.25,0.25,0.75,24886.25,24857.25,OK,,3.0,0.5,-14.125,-13.125,-16.0,-13.5
P000-0409,2025-11-06,SHORT,48.0,-7.25,-6.25,25617.75,25618.25,0.5,0.5,25617.75,25629.0,OK,,1.25,0.0,-7.625,-6.625,-9.5,-7.0
P000-0410,2025-11-11,SHORT,39.0,-4.0,-3.0,25532.75,25533.25,0.5,0.5,25532.75,25538.75,OK,,0.0,0.25,-4.375,-3.375,-6.25,-3.75
P000-0411,2025-11-13,SHORT,81.25,-2.5,-1.5,25353.75,25354.5,0.75,0.75,25353.75,25356.75,OK,,0.0,0.0,-2.875,-1.875,-4.75,-2.25
P000-0412,2025-11-17,SHORT,41.0,-65.125,-64.125,24945.0,24947.0,2.0,0.5,24945.0,25070.5,OK,,2.75,0.5,-65.5,-64.5,-67.375,-64.875
P000-0413,2025-11-18,SHORT,43.75,34.5,35.5,24615.0,24615.75,0.75,1.0,24615.0,24555.25,OK,,0.75,0.5,34.125,35.125,32.25,34.75
P000-0414,2025-11-19,LONG,46.25,64.75,65.75,24779.25,24780.0,0.75,0.75,24780.0,24912.0,OK,,0.5,0.5,64.375,65.375,62.5,65.0
P000-0415,2025-11-25,SHORT,87.0,-112.0,-111.0,24734.5,24735.25,0.75,0.75,24734.5,24845.5,OK,,0.5,0.0,-112.5,-111.5,-114.5,-112.0
P000-0416,2025-11-28,LONG,18.0,-6.25,-5.25,25417.5,25418.25,0.75,0.75,25418.25,25404.0,OK,,1.25,1.0,-6.625,-5.625,-8.5,-6.0
P000-0417,2025-12-01,LONG,38.0,-22.25,-21.25,25375.25,25384.25,9.0,0.5,25384.25,25363.0,AMBIGUOUS:TRIM_QUEUE_UNCERTAIN,TRIM_QUEUE_UNCERTAIN,4.75,0.5,-22.75,-21.75,-24.75,-22.25
P000-0418,2025-12-02,LONG,86.0,-17.125,-16.125,25611.75,25612.25,0.5,0.5,25612.25,25583.5,OK,,3.5,0.25,-17.5,-16.5,-19.375,-16.875
P000-0419,2025-12-24,LONG,10.75,12.5,13.5,25842.25,25842.5,0.25,0.25,25842.5,25869.5,OK,,0.0,0.25,12.125,13.125,10.25,12.75
