event_id,family,release_timestamp_utc,timestamp_grade,tick_alignment_status,pre_tick_lag_ms,post_tick_lag_ms,pre_tick_ts,post_tick_ts
MACRO-NFP-200912,NFP,2010-01-08T13:30:00Z,EXACT_SCHEDULE_PAGE,ALIGNED,494,1980,2010-01-08T13:29:59.506000+00:00,2010-01-08T13:30:01.981000+00:00
MACRO-CPI-200912,CPI,2010-01-15T13:30:00Z,EXACT_SCHEDULE_PAGE,ALIGNED,1371,1331,2010-01-15T13:29:58.629000+00:00,2010-01-15T13:30:01.331000+00:00
MACRO-FOMC-20100127,FOMC,2010-01-27T17:30:00Z,DATE_ONLY_OFFICIAL_TIME_UNAVAILABLE,ALIGNED,2386,2596,2010-01-27T17:29:57.614000+00:00,2010-01-27T17:30:02.596000+00:00
MACRO-NFP-201001,NFP,2010-02-05T13:30:00Z,EXACT_SCHEDULE_PAGE,ALIGNED,1220,2092,2010-02-05T13:29:58.780000+00:00,2010-02-05T13:30:02.092000+00:00
MACRO-CPI-201001,CPI,2010-02-19T13:30:00Z,EXACT_SCHEDULE_PAGE,ALIGNED,3189,1904,2010-02-19T13:29:56.811000+00:00,2010-02-19T13:30:01.904000+00:00
MACRO-NFP-201002,NFP,2010-03-05T13:30:00Z,EXACT_SCHEDULE_PAGE,NO_TICK_WITHIN_5S,3083,7291,2010-03-05T13:29:56.917000+00:00,2010-03-05T13:30:07.291000+00:00
MACRO-FOMC-20100316,FOMC,2010-03-16T16:30:00Z,DATE_ONLY_OFFICIAL_TIME_UNAVAILABLE,ALIGNED,3264,1133,2010-03-16T16:29:56.736000+00:00,2010-03-16T16:30:01.133000+00:00
MACRO-CPI-201002,CPI,2010-03-18T12:30:00Z,EXACT_SCHEDULE_PAGE,ALIGNED,2630,4898,2010-03-18T12:29:57.370000+00:00,2010-03-18T12:30:04.898000+00:00
MACRO-NFP-201003,NFP,2010-04-02T12:30:00Z,EXACT_SCHEDULE_PAGE,ALIGNED,3926,2858,2010-04-02T12:29:56.074000+00:00,2010-04-02T12:30:02.858000+00:00
MACRO-CPI-201003,CPI,2010-04-14T12:30:00Z,EXACT_SCHEDULE_PAGE,NO_TICK_WITHIN_5S,1592,5958,2010-04-14T12:29:58.408000+00:00,2010-04-14T12:30:05.958000+00:00
MACRO-FOMC-20100428,FOMC,2010-04-28T16:30:00Z,DATE_ONLY_OFFICIAL_TIME_UNAVAILABLE,ALIGNED,2575,894,2010-04-28T16:29:57.425000+00:00,2010-04-28T16:30:00.894000+00:00
MACRO-NFP-201004,NFP,2010-05-07T12:30:00Z,EXACT_SCHEDULE_PAGE,ALIGNED,3287,1950,2010-05-07T12:29:56.713000+00:00,2010-05-07T12:30:01.950000+00:00
MACRO-FOMC-20100509,FOMC,2010-05-10T01:15:00Z,EXACT_STATEMENT_PAGE,ALIGNED,5477,4296,2010-05-10T01:14:54.523000+00:00,2010-05-10T01:15:04.296000+00:00
MACRO-CPI-201004,CPI,2010-05-19T12:30:00Z,EXACT_SCHEDULE_PAGE,ALIGNED,4290,2275,2010-05-19T12:29:55.710000+00:00,2010-05-19T12:30:02.275000+00:00
MACRO-NFP-201005,NFP,2010-06-04T12:30:00Z,EXACT_SCHEDULE_PAGE,ALIGNED,1355,4391,2010-06-04T12:29:58.644000+00:00,2010-06-04T12:30:04.391000+00:00
MACRO-CPI-201005,CPI,2010-06-17T12:30:00Z,EXACT_SCHEDULE_PAGE,ALIGNED,3342,915,2010-06-17T12:29:56.658000+00:00,2010-06-17T12:30:00.915000+00:00
MACRO-FOMC-20100623,FOMC,2010-06-23T16:30:00Z,DATE_ONLY_OFFICIAL_TIME_UNAVAILABLE,ALIGNED,4589,2355,2010-06-23T16:29:55.411000+00:00,2010-06-23T16:30:02.355000+00:00
MACRO-NFP-201006,NFP,2010-07-02T12:30:00Z,EXACT_SCHEDULE_PAGE,ALIGNED,2700,589,2010-07-02T12:29:57.300000+00:00,2010-07-02T12:30:00.589000+00:00
MACRO-CPI-201006,CPI,2010-07-16T12:30:00Z,EXACT_SCHEDULE_PAGE,ALIGNED,1813,3131,2010-07-16T12:29:58.187000+00:00,2010-07-16T12:30:03.131000+00:00
MACRO-NFP-201007,NFP,2010-08-06T12:30:00Z,EXACT_SCHEDULE_PAGE,ALIGNED,1221,873,2010-08-06T12:29:58.779000+00:00,2010-08-06T12:30:00.873000+00:00
MACRO-FOMC-20100810,FOMC,2010-08-10T16:30:00Z,DATE_ONLY_OFFICIAL_TIME_UNAVAILABLE,ALIGNED,3684,3304,2010-08-10T16:29:56.316000+00:00,2010-08-10T16:30:03.304000+00:00
MACRO-CPI-201007,CPI,2010-08-13T12:30:00Z,EXACT_SCHEDULE_PAGE,ALIGNED,2718,1333,2010-08-13T12:29:57.282000+00:00,2010-08-13T12:30:01.333000+00:00
MACRO-NFP-201008,NFP,2010-09-03T12:30:00Z,EXACT_SCHEDULE_PAGE,ALIGNED,1811,315,2010-09-03T12:29:58.189000+00:00,2010-09-03T12:30:00.315000+00:00
MACRO-CPI-201008,CPI,2010-09-17T12:30:00Z,EXACT_SCHEDULE_PAGE,ALIGNED,1074,792,2010-09-17T12:29:58.926000+00:00,2010-09-17T12:30:00.792000+00:00
MACRO-FOMC-20100921,FOMC,2010-09-21T16:30:00Z,DATE_ONLY_OFFICIAL_TIME_UNAVAILABLE,ALIGNED,2043,1294,2010-09-21T16:29:57.957000+00:00,2010-09-21T16:30:01.294000+00:00
MACRO-NFP-201009,NFP,2010-10-08T12:30:00Z,EXACT_SCHEDULE_PAGE,ALIGNED,1449,559,2010-10-08T12:29:58.551000+00:00,2010-10-08T12:30:00.559000+00:00
MACRO-CPI-201009,CPI,2010-10-15T12:30:00Z,EXACT_SCHEDULE_PAGE,ALIGNED,2084,1690,2010-10-15T12:29:57.916000+00:00,2010-10-15T12:30:01.690000+00:00
MACRO-FOMC-20101103,FOMC,2010-11-03T16:30:00Z,DATE_ONLY_OFFICIAL_TIME_UNAVAILABLE,ALIGNED,1420,2507,2010-11-03T16:29:58.580000+00:00,2010-11-03T16:30:02.507000+00:00
MACRO-NFP-201010,NFP,2010-11-05T12:30:00Z,EXACT_SCHEDULE_PAGE,ALIGNED,2223,1022,2010-11-05T12:29:57.777000+00:00,2010-11-05T12:30:01.022000+00:00
MACRO-CPI-201010,CPI,2010-11-17T13:30:00Z,EXACT_SCHEDULE_PAGE,ALIGNED,24,312,2010-11-17T13:29:59.976000+00:00,2010-11-17T13:30:00.312000+00:00
MACRO-NFP-201011,NFP,2010-12-03T13:30:00Z,EXACT_SCHEDULE_PAGE,ALIGNED,778,580,2010-12-03T13:29:59.222000+00:00,2010-12-03T13:30:00.580000+00:00
MACRO-FOMC-20101214,FOMC,2010-12-14T17:30:00Z,DATE_ONLY_OFFICIAL_TIME_UNAVAILABLE,ALIGNED,916,1684,2010-12-14T17:29:59.084000+00:00,2010-12-14T17:30:01.684000+00:00
MACRO-CPI-201011,CPI,2010-12-15T13:30:00Z,EXACT_SCHEDULE_PAGE,ALIGNED,396,387,2010-12-15T13:29:59.604000+00:00,2010-12-15T13:30:00.387000+00:00
MACRO-NFP-201012,NFP,2011-01-07T13:30:00Z,EXACT_SCHEDULE_PAGE,ALIGNED,684,580,2011-01-07T13:29:59.316000+00:00,2011-01-07T13:30:00.580000+00:00
MACRO-CPI-201012,CPI,2011-01-14T13:30:00Z,EXACT_SCHEDULE_PAGE,ALIGNED,1732,114,2011-01-14T13:29:58.268000+00:00,2011-01-14T13:30:00.114000+00:00
MACRO-FOMC-20110126,FOMC,2011-01-26T17:30:00Z,DATE_ONLY_OFFICIAL_TIME_UNAVAILABLE,ALIGNED,552,1490,2011-01-26T17:29:59.448000+00:00,2011-01-26T17:30:01.490000+00:00
MACRO-NFP-201101,NFP,2011-02-04T13:30:00Z,EXACT_SCHEDULE_PAGE,ALIGNED,4975,437,2011-02-04T13:29:55.025000+00:00,2011-02-04T13:30:00.437000+00:00
MACRO-CPI-201101,CPI,2011-02-17T13:30:00Z,EXACT_SCHEDULE_PAGE,ALIGNED,139,255,2011-02-17T13:29:59.861000+00:00,2011-02-17T13:30:00.255000+00:00
MACRO-NFP-201102,NFP,2011-03-04T13:30:00Z,EXACT_SCHEDULE_PAGE,ALIGNED,91,239,2011-03-04T13:29:59.909000+00:00,2011-03-04T13:30:00.239000+00:00
MACRO-FOMC-20110315,FOMC,2011-03-15T16:30:00Z,DATE_ONLY_OFFICIAL_TIME_UNAVAILABLE,ALIGNED,1787,436,2011-03-15T16:29:58.213000+00:00,2011-03-15T16:30:00.436000+00:00
MACRO-CPI-201102,CPI,2011-03-17T12:30:00Z,EXACT_SCHEDULE_PAGE,ALIGNED,480,769,2011-03-17T12:29:59.520000+00:00,2011-03-17T12:30:00.769000+00:00
MACRO-NFP-201103,NFP,2011-04-01T12:30:00Z,EXACT_SCHEDULE_PAGE,ALIGNED,336,249,2011-04-01T12:29:59.664000+00:00,2011-04-01T12:30:00.249000+00:00
MACRO-CPI-201103,CPI,2011-04-15T12:30:00Z,EXACT_SCHEDULE_PAGE,ALIGNED,12,321,2011-04-15T12:29:59.988000+00:00,2011-04-15T12:30:00.321000+00:00
MACRO-FOMC-20110427,FOMC,2011-04-27T16:30:00Z,DATE_ONLY_OFFICIAL_TIME_UNAVAILABLE,ALIGNED,769,1791,2011-04-27T16:29:59.231000+00:00,2011-04-27T16:30:01.791000+00:00
MACRO-NFP-201104,NFP,2011-05-06T12:30:00Z,EXACT_SCHEDULE_PAGE,ALIGNED,644,14,2011-05-06T12:29:59.356000+00:00,2011-05-06T12:30:00.014000+00:00
MACRO-CPI-201104,CPI,2011-05-13T12:30:00Z,EXACT_SCHEDULE_PAGE,ALIGNED,454,98,2011-05-13T12:29:59.546000+00:00,2011-05-13T12:30:00.098000+00:00
MACRO-NFP-201105,NFP,2011-06-03T12:30:00Z,EXACT_SCHEDULE_PAGE,ALIGNED,23,87,2011-06-03T12:29:59.977000+00:00,2011-06-03T12:30:00.087000+00:00
MACRO-CPI-201105,CPI,2011-06-15T12:30:00Z,EXACT_SCHEDULE_PAGE,ALIGNED,438,446,2011-06-15T12:29:59.562000+00:00,2011-06-15T12:30:00.446000+00:00
MACRO-FOMC-20110622,FOMC,2011-06-22T16:30:00Z,DATE_ONLY_OFFICIAL_TIME_UNAVAILABLE,ALIGNED,506,155,2011-06-22T16:29:59.494000+00:00,2011-06-22T16:30:00.155000+00:00
MACRO-NFP-201106,NFP,2011-07-08T12:30:00Z,EXACT_SCHEDULE_PAGE,ALIGNED,468,116,2011-07-08T12:29:59.532000+00:00,2011-07-08T12:30:00.116000+00:00
MACRO-CPI-201106,CPI,2011-07-15T12:30:00Z,EXACT_SCHEDULE_PAGE,ALIGNED,71,271,2011-07-15T12:29:59.929000+00:00,2011-07-15T12:30:00.271000+00:00
MACRO-NFP-201107,NFP,2011-08-05T12:30:00Z,EXACT_SCHEDULE_PAGE,ALIGNED,42,299,2011-08-05T12:29:59.958000+00:00,2011-08-05T12:30:00.299000+00:00
MACRO-FOMC-20110809,FOMC,2011-08-09T16:30:00Z,DATE_ONLY_OFFICIAL_TIME_UNAVAILABLE,ALIGNED,237,933,2011-08-09T16:29:59.763000+00:00,2011-08-09T16:30:00.933000+00:00
MACRO-CPI-201107,CPI,2011-08-18T12:30:00Z,EXACT_SCHEDULE_PAGE,ALIGNED,890,674,2011-08-18T12:29:59.110000+00:00,2011-08-18T12:30:00.674000+00:00
MACRO-NFP-201108,NFP,2011-09-02T12:30:00Z,EXACT_SCHEDULE_PAGE,ALIGNED,188,436,2011-09-02T12:29:59.812000+00:00,2011-09-02T12:30:00.436000+00:00
MACRO-CPI-201108,CPI,2011-09-15T12:30:00Z,EXACT_SCHEDULE_PAGE,ALIGNED,668,684,2011-09-15T12:29:59.332000+00:00,2011-09-15T12:30:00.684000+00:00
MACRO-FOMC-20110921,FOMC,2011-09-21T16:30:00Z,DATE_ONLY_OFFICIAL_TIME_UNAVAILABLE,ALIGNED,115,133,2011-09-21T16:29:59.885000+00:00,2011-09-21T16:30:00.133000+00:00
MACRO-NFP-201109,NFP,2011-10-07T12:30:00Z,EXACT_SCHEDULE_PAGE,ALIGNED,201,42,2011-10-07T12:29:59.799000+00:00,2011-10-07T12:30:00.042000+00:00
MACRO-CPI-201109,CPI,2011-10-19T12:30:00Z,EXACT_SCHEDULE_PAGE,ALIGNED,471,65,2011-10-19T12:29:59.529000+00:00,2011-10-19T12:30:00.065000+00:00
MACRO-FOMC-20111102,FOMC,2011-11-02T16:30:00Z,DATE_ONLY_OFFICIAL_TIME_UNAVAILABLE,ALIGNED,218,397,2011-11-02T16:29:59.782000+00:00,2011-11-02T16:30:00.397000+00:00
MACRO-NFP-201110,NFP,2011-11-04T12:30:00Z,EXACT_SCHEDULE_PAGE,ALIGNED,236,8,2011-11-04T12:29:59.764000+00:00,2011-11-04T12:30:00.008000+00:00
MACRO-CPI-201110,CPI,2011-11-16T13:30:00Z,EXACT_SCHEDULE_PAGE,ALIGNED,576,524,2011-11-16T13:29:59.424000+00:00,2011-11-16T13:30:00.524000+00:00
MACRO-NFP-201111,NFP,2011-12-02T13:30:00Z,EXACT_SCHEDULE_PAGE,ALIGNED,2118,577,2011-12-02T13:29:57.882000+00:00,2011-12-02T13:30:00.577000+00:00
MACRO-FOMC-20111213,FOMC,2011-12-13T17:30:00Z,DATE_ONLY_OFFICIAL_TIME_UNAVAILABLE,ALIGNED,366,405,2011-12-13T17:29:59.634000+00:00,2011-12-13T17:30:00.405000+00:00
MACRO-CPI-201111,CPI,2011-12-16T13:30:00Z,EXACT_SCHEDULE_PAGE,ALIGNED,19,59,2011-12-16T13:29:59.981000+00:00,2011-12-16T13:30:00.059000+00:00
MACRO-NFP-201112,NFP,2012-01-06T13:30:00Z,EXACT_SCHEDULE_PAGE,ALIGNED,244,241,2012-01-06T13:29:59.756000+00:00,2012-01-06T13:30:00.241000+00:00
MACRO-CPI-201112,CPI,2012-01-19T13:30:00Z,EXACT_SCHEDULE_PAGE,ALIGNED,60,22,2012-01-19T13:29:59.940000+00:00,2012-01-19T13:30:00.022000+00:00
MACRO-FOMC-20120125,FOMC,2012-01-25T17:30:00Z,DATE_ONLY_OFFICIAL_TIME_UNAVAILABLE,ALIGNED,982,0,2012-01-25T17:29:59.018000+00:00,2012-01-25T17:30:00+00:00
MACRO-NFP-201201,NFP,2012-02-03T13:30:00Z,EXACT_SCHEDULE_PAGE,ALIGNED,382,326,2012-02-03T13:29:59.618000+00:00,2012-02-03T13:30:00.326000+00:00
MACRO-CPI-201201,CPI,2012-02-17T13:30:00Z,EXACT_SCHEDULE_PAGE,ALIGNED,696,215,2012-02-17T13:29:59.304000+00:00,2012-02-17T13:30:00.215000+00:00
MACRO-NFP-201202,NFP,2012-03-09T13:30:00Z,EXACT_SCHEDULE_PAGE,ALIGNED,274,223,2012-03-09T13:29:59.726000+00:00,2012-03-09T13:30:00.223000+00:00
MACRO-FOMC-20120313,FOMC,2012-03-13T16:30:00Z,DATE_ONLY_OFFICIAL_TIME_UNAVAILABLE,ALIGNED,401,343,2012-03-13T16:29:59.599000+00:00,2012-03-13T16:30:00.343000+00:00
MACRO-CPI-201202,CPI,2012-03-16T12:30:00Z,EXACT_SCHEDULE_PAGE,ALIGNED,294,227,2012-03-16T12:29:59.706000+00:00,2012-03-16T12:30:00.227000+00:00
MACRO-NFP-201203,NFP,2012-04-06T12:30:00Z,EXACT_SCHEDULE_PAGE,ALIGNED,245,266,2012-04-06T12:29:59.755000+00:00,2012-04-06T12:30:00.266000+00:00
MACRO-CPI-201203,CPI,2012-04-13T12:30:00Z,EXACT_SCHEDULE_PAGE,ALIGNED,346,789,2012-04-13T12:29:59.654000+00:00,2012-04-13T12:30:00.789000+00:00
MACRO-FOMC-20120425,FOMC,2012-04-25T16:30:00Z,DATE_ONLY_OFFICIAL_TIME_UNAVAILABLE,ALIGNED,258,166,2012-04-25T16:29:59.742000+00:00,2012-04-25T16:30:00.166000+00:00
MACRO-NFP-201204,NFP,2012-05-04T12:30:00Z,EXACT_SCHEDULE_PAGE,ALIGNED,177,337,2012-05-04T12:29:59.823000+00:00,2012-05-04T12:30:00.337000+00:00
MACRO-CPI-201204,CPI,2012-05-15T12:30:00Z,EXACT_SCHEDULE_PAGE,ALIGNED,111,243,2012-05-15T12:29:59.889000+00:00,2012-05-15T12:30:00.243000+00:00
MACRO-NFP-201205,NFP,2012-06-01T12:30:00Z,EXACT_SCHEDULE_PAGE,ALIGNED,12,609,2012-06-01T12:29:59.988000+00:00,2012-06-01T12:30:00.609000+00:00
MACRO-CPI-201205,CPI,2012-06-14T12:30:00Z,EXACT_SCHEDULE_PAGE,ALIGNED,207,14,2012-06-14T12:29:59.793000+00:00,2012-06-14T12:30:00.014000+00:00
MACRO-FOMC-20120620,FOMC,2012-06-20T16:30:00Z,DATE_ONLY_OFFICIAL_TIME_UNAVAILABLE,ALIGNED,523,71,2012-06-20T16:29:59.477000+00:00,2012-06-20T16:30:00.071000+00:00
MACRO-NFP-201206,NFP,2012-07-06T12:30:00Z,EXACT_SCHEDULE_PAGE,ALIGNED,601,66,2012-07-06T12:29:59.399000+00:00,2012-07-06T12:30:00.066000+00:00
MACRO-CPI-201206,CPI,2012-07-17T12:30:00Z,EXACT_SCHEDULE_PAGE,ALIGNED,236,216,2012-07-17T12:29:59.764000+00:00,2012-07-17T12:30:00.216000+00:00
MACRO-FOMC-20120801,FOMC,2012-08-01T16:30:00Z,DATE_ONLY_OFFICIAL_TIME_UNAVAILABLE,ALIGNED,475,2543,2012-08-01T16:29:59.525000+00:00,2012-08-01T16:30:02.543000+00:00
MACRO-NFP-201207,NFP,2012-08-03T12:30:00Z,EXACT_SCHEDULE_PAGE,ALIGNED,157,289,2012-08-03T12:29:59.843000+00:00,2012-08-03T12:30:00.289000+00:00
MACRO-CPI-201207,CPI,2012-08-15T12:30:00Z,EXACT_SCHEDULE_PAGE,ALIGNED,811,122,2012-08-15T12:29:59.189000+00:00,2012-08-15T12:30:00.122000+00:00
MACRO-NFP-201208,NFP,2012-09-07T12:30:00Z,EXACT_SCHEDULE_PAGE,ALIGNED,419,123,2012-09-07T12:29:59.581000+00:00,2012-09-07T12:30:00.123000+00:00
MACRO-FOMC-20120913,FOMC,2012-09-13T16:30:00Z,DATE_ONLY_OFFICIAL_TIME_UNAVAILABLE,ALIGNED,511,932,2012-09-13T16:29:59.489000+00:00,2012-09-13T16:30:00.932000+00:00
MACRO-CPI-201208,CPI,2012-09-14T12:30:00Z,EXACT_SCHEDULE_PAGE,ALIGNED,68,285,2012-09-14T12:29:59.932000+00:00,2012-09-14T12:30:00.285000+00:00
MACRO-NFP-201209,NFP,2012-10-05T12:30:00Z,EXACT_SCHEDULE_PAGE,ALIGNED,205,35,2012-10-05T12:29:59.795000+00:00,2012-10-05T12:30:00.035000+00:00
MACRO-CPI-201209,CPI,2012-10-16T12:30:00Z,EXACT_SCHEDULE_PAGE,ALIGNED,50,311,2012-10-16T12:29:59.950000+00:00,2012-10-16T12:30:00.311000+00:00
MACRO-FOMC-20121024,FOMC,2012-10-24T16:30:00Z,DATE_ONLY_OFFICIAL_TIME_UNAVAILABLE,NO_TICK_WITHIN_5S,3995,7366,2012-10-24T16:29:56.005000+00:00,2012-10-24T16:30:07.366000+00:00
MACRO-NFP-201210,NFP,2012-11-02T12:30:00Z,EXACT_SCHEDULE_PAGE,ALIGNED,18,302,2012-11-02T12:29:59.982000+00:00,2012-11-02T12:30:00.302000+00:00
MACRO-CPI-201210,CPI,2012-11-15T13:30:00Z,EXACT_SCHEDULE_PAGE,ALIGNED,355,308,2012-11-15T13:29:59.645000+00:00,2012-11-15T13:30:00.308000+00:00
MACRO-NFP-201211,NFP,2012-12-07T13:30:00Z,EXACT_SCHEDULE_PAGE,ALIGNED,111,199,2012-12-07T13:29:59.889000+00:00,2012-12-07T13:30:00.199000+00:00
MACRO-FOMC-20121212,FOMC,2012-12-12T17:30:00Z,DATE_ONLY_OFFICIAL_TIME_UNAVAILABLE,ALIGNED,42,28,2012-12-12T17:29:59.958000+00:00,2012-12-12T17:30:00.028000+00:00
MACRO-CPI-201211,CPI,2012-12-14T13:30:00Z,EXACT_SCHEDULE_PAGE,ALIGNED,272,152,2012-12-14T13:29:59.728000+00:00,2012-12-14T13:30:00.152000+00:00
MACRO-NFP-201212,NFP,2013-01-04T13:30:00Z,EXACT_SCHEDULE_PAGE,ALIGNED,406,381,2013-01-04T13:29:59.594000+00:00,2013-01-04T13:30:00.381000+00:00
MACRO-CPI-201212,CPI,2013-01-16T13:30:00Z,EXACT_SCHEDULE_PAGE,ALIGNED,173,618,2013-01-16T13:29:59.827000+00:00,2013-01-16T13:30:00.618000+00:00
MACRO-FOMC-20130130,FOMC,2013-01-30T19:00:00Z,DATE_ONLY_OFFICIAL_TIME_UNAVAILABLE,ALIGNED,203,336,2013-01-30T18:59:59.797000+00:00,2013-01-30T19:00:00.336000+00:00
MACRO-NFP-201301,NFP,2013-02-01T13:30:00Z,EXACT_SCHEDULE_PAGE,ALIGNED,34,26,2013-02-01T13:29:59.966000+00:00,2013-02-01T13:30:00.026000+00:00
MACRO-CPI-201301,CPI,2013-02-21T13:30:00Z,EXACT_SCHEDULE_PAGE,ALIGNED,41,470,2013-02-21T13:29:59.959000+00:00,2013-02-21T13:30:00.470000+00:00
MACRO-NFP-201302,NFP,2013-03-08T13:30:00Z,EXACT_SCHEDULE_PAGE,ALIGNED,254,677,2013-03-08T13:29:59.746000+00:00,2013-03-08T13:30:00.677000+00:00
MACRO-CPI-201302,CPI,2013-03-15T12:30:00Z,EXACT_SCHEDULE_PAGE,ALIGNED,766,445,2013-03-15T12:29:59.234000+00:00,2013-03-15T12:30:00.445000+00:00
MACRO-FOMC-20130320,FOMC,2013-03-20T18:00:00Z,OFFICIAL_SAME_RELEASE_PACKAGE_PAGE,ALIGNED,44,28,2013-03-20T17:59:59.956000+00:00,2013-03-20T18:00:00.028000+00:00
MACRO-NFP-201303,NFP,2013-04-05T12:30:00Z,EXACT_SCHEDULE_PAGE,ALIGNED,469,270,2013-04-05T12:29:59.531000+00:00,2013-04-05T12:30:00.270000+00:00
MACRO-CPI-201303,CPI,2013-04-16T12:30:00Z,EXACT_SCHEDULE_PAGE,ALIGNED,19,41,2013-04-16T12:29:59.981000+00:00,2013-04-16T12:30:00.041000+00:00
MACRO-FOMC-20130501,FOMC,2013-05-01T18:00:00Z,DATE_ONLY_OFFICIAL_TIME_UNAVAILABLE,ALIGNED,1020,840,2013-05-01T17:59:58.979000+00:00,2013-05-01T18:00:00.840000+00:00
MACRO-NFP-201304,NFP,2013-05-03T12:30:00Z,EXACT_SCHEDULE_PAGE,ALIGNED,231,209,2013-05-03T12:29:59.769000+00:00,2013-05-03T12:30:00.209000+00:00
MACRO-CPI-201304,CPI,2013-05-16T12:30:00Z,EXACT_SCHEDULE_PAGE,ALIGNED,33,28,2013-05-16T12:29:59.967000+00:00,2013-05-16T12:30:00.028000+00:00
MACRO-NFP-201305,NFP,2013-06-07T12:30:00Z,EXACT_SCHEDULE_PAGE,ALIGNED,70,50,2013-06-07T12:29:59.930000+00:00,2013-06-07T12:30:00.050000+00:00
MACRO-CPI-201305,CPI,2013-06-18T12:30:00Z,EXACT_SCHEDULE_PAGE,ALIGNED,138,785,2013-06-18T12:29:59.862000+00:00,2013-06-18T12:30:00.785000+00:00
MACRO-FOMC-20130619,FOMC,2013-06-19T18:00:00Z,OFFICIAL_SAME_RELEASE_PACKAGE_PAGE,ALIGNED,899,110,2013-06-19T17:59:59.101000+00:00,2013-06-19T18:00:00.110000+00:00
MACRO-NFP-201306,NFP,2013-07-05T12:30:00Z,EXACT_SCHEDULE_PAGE,ALIGNED,4,56,2013-07-05T12:29:59.996000+00:00,2013-07-05T12:30:00.056000+00:00
MACRO-CPI-201306,CPI,2013-07-16T12:30:00Z,EXACT_SCHEDULE_PAGE,ALIGNED,477,72,2013-07-16T12:29:59.523000+00:00,2013-07-16T12:30:00.072000+00:00
MACRO-FOMC-20130731,FOMC,2013-07-31T18:00:00Z,DATE_ONLY_OFFICIAL_TIME_UNAVAILABLE,ALIGNED,59,61,2013-07-31T17:59:59.941000+00:00,2013-07-31T18:00:00.061000+00:00
MACRO-NFP-201307,NFP,2013-08-02T12:30:00Z,EXACT_SCHEDULE_PAGE,ALIGNED,11,890,2013-08-02T12:29:59.989000+00:00,2013-08-02T12:30:00.890000+00:00
MACRO-CPI-201307,CPI,2013-08-15T12:30:00Z,EXACT_SCHEDULE_PAGE,ALIGNED,936,543,2013-08-15T12:29:59.064000+00:00,2013-08-15T12:30:00.543000+00:00
MACRO-NFP-201308,NFP,2013-09-06T12:30:00Z,EXACT_SCHEDULE_PAGE,ALIGNED,54,188,2013-09-06T12:29:59.946000+00:00,2013-09-06T12:30:00.188000+00:00
MACRO-CPI-201308,CPI,2013-09-17T12:30:00Z,EXACT_SCHEDULE_PAGE,ALIGNED,148,412,2013-09-17T12:29:59.852000+00:00,2013-09-17T12:30:00.412000+00:00
MACRO-FOMC-20130918,FOMC,2013-09-18T18:00:00Z,OFFICIAL_SAME_RELEASE_PACKAGE_PAGE,ALIGNED,2594,572,2013-09-18T17:59:57.405000+00:00,2013-09-18T18:00:00.572000+00:00
MACRO-NFP-201309,NFP,2013-10-22T12:30:00Z,EXACT_SCHEDULE_PAGE,ALIGNED,200,196,2013-10-22T12:29:59.800000+00:00,2013-10-22T12:30:00.196000+00:00
MACRO-CPI-201309,CPI,2013-10-30T12:30:00Z,EXACT_SCHEDULE_PAGE,ALIGNED,261,37,2013-10-30T12:29:59.739000+00:00,2013-10-30T12:30:00.037000+00:00
MACRO-FOMC-20131030,FOMC,2013-10-30T18:00:00Z,DATE_ONLY_OFFICIAL_TIME_UNAVAILABLE,ALIGNED,357,134,2013-10-30T17:59:59.643000+00:00,2013-10-30T18:00:00.134000+00:00
MACRO-NFP-201310,NFP,2013-11-08T13:30:00Z,EXACT_SCHEDULE_PAGE,ALIGNED,16,164,2013-11-08T13:29:59.984000+00:00,2013-11-08T13:30:00.164000+00:00
MACRO-CPI-201310,CPI,2013-11-20T13:30:00Z,EXACT_SCHEDULE_PAGE,ALIGNED,1122,622,2013-11-20T13:29:58.878000+00:00,2013-11-20T13:30:00.622000+00:00
MACRO-NFP-201311,NFP,2013-12-06T13:30:00Z,EXACT_SCHEDULE_PAGE,ALIGNED,73,28,2013-12-06T13:29:59.927000+00:00,2013-12-06T13:30:00.028000+00:00
MACRO-CPI-201311,CPI,2013-12-17T13:30:00Z,EXACT_SCHEDULE_PAGE,ALIGNED,17,185,2013-12-17T13:29:59.983000+00:00,2013-12-17T13:30:00.185000+00:00
MACRO-FOMC-20131218,FOMC,2013-12-18T19:00:00Z,OFFICIAL_SAME_RELEASE_PACKAGE_PAGE,ALIGNED,280,25,2013-12-18T18:59:59.720000+00:00,2013-12-18T19:00:00.025000+00:00
MACRO-NFP-201312,NFP,2014-01-10T13:30:00Z,EXACT_SCHEDULE_PAGE,ALIGNED,94,412,2014-01-10T13:29:59.906000+00:00,2014-01-10T13:30:00.412000+00:00
MACRO-CPI-201312,CPI,2014-01-16T13:30:00Z,EXACT_SCHEDULE_PAGE,ALIGNED,3189,119,2014-01-16T13:29:56.811000+00:00,2014-01-16T13:30:00.119000+00:00
MACRO-FOMC-20140129,FOMC,2014-01-29T19:00:00Z,DATE_ONLY_OFFICIAL_TIME_UNAVAILABLE,ALIGNED,994,1472,2014-01-29T18:59:59.006000+00:00,2014-01-29T19:00:01.473000+00:00
MACRO-NFP-201401,NFP,2014-02-07T13:30:00Z,EXACT_SCHEDULE_PAGE,ALIGNED,75,230,2014-02-07T13:29:59.925000+00:00,2014-02-07T13:30:00.230000+00:00
MACRO-CPI-201401,CPI,2014-02-20T13:30:00Z,EXACT_SCHEDULE_PAGE,ALIGNED,924,1270,2014-02-20T13:29:59.076000+00:00,2014-02-20T13:30:01.270000+00:00
MACRO-NFP-201402,NFP,2014-03-07T13:30:00Z,EXACT_SCHEDULE_PAGE,ALIGNED,544,307,2014-03-07T13:29:59.456000+00:00,2014-03-07T13:30:00.307000+00:00
MACRO-CPI-201402,CPI,2014-03-18T12:30:00Z,EXACT_SCHEDULE_PAGE,ALIGNED,24,1552,2014-03-18T12:29:59.976000+00:00,2014-03-18T12:30:01.552000+00:00
MACRO-FOMC-20140319,FOMC,2014-03-19T18:00:00Z,OFFICIAL_SAME_RELEASE_PACKAGE_PAGE,ALIGNED,807,408,2014-03-19T17:59:59.193000+00:00,2014-03-19T18:00:00.408000+00:00
MACRO-NFP-201403,NFP,2014-04-04T12:30:00Z,EXACT_SCHEDULE_PAGE,ALIGNED,1347,911,2014-04-04T12:29:58.652000+00:00,2014-04-04T12:30:00.911000+00:00
MACRO-CPI-201403,CPI,2014-04-15T12:30:00Z,EXACT_SCHEDULE_PAGE,ALIGNED,8,144,2014-04-15T12:29:59.992000+00:00,2014-04-15T12:30:00.144000+00:00
MACRO-FOMC-20140430,FOMC,2014-04-30T18:00:00Z,DATE_ONLY_OFFICIAL_TIME_UNAVAILABLE,ALIGNED,201,405,2014-04-30T17:59:59.799000+00:00,2014-04-30T18:00:00.405000+00:00
MACRO-NFP-201404,NFP,2014-05-02T12:30:00Z,EXACT_SCHEDULE_PAGE,ALIGNED,1204,435,2014-05-02T12:29:58.796000+00:00,2014-05-02T12:30:00.435000+00:00
MACRO-CPI-201404,CPI,2014-05-15T12:30:00Z,EXACT_SCHEDULE_PAGE,ALIGNED,1284,150,2014-05-15T12:29:58.716000+00:00,2014-05-15T12:30:00.150000+00:00
MACRO-NFP-201405,NFP,2014-06-06T12:30:00Z,EXACT_SCHEDULE_PAGE,ALIGNED,214,93,2014-06-06T12:29:59.786000+00:00,2014-06-06T12:30:00.093000+00:00
MACRO-CPI-201405,CPI,2014-06-17T12:30:00Z,EXACT_SCHEDULE_PAGE,ALIGNED,243,161,2014-06-17T12:29:59.757000+00:00,2014-06-17T12:30:00.161000+00:00
MACRO-FOMC-20140618,FOMC,2014-06-18T18:00:00Z,OFFICIAL_SAME_RELEASE_PACKAGE_PAGE,ALIGNED,165,189,2014-06-18T17:59:59.835000+00:00,2014-06-18T18:00:00.189000+00:00
MACRO-NFP-201406,NFP,2014-07-03T12:30:00Z,EXACT_SCHEDULE_PAGE,ALIGNED,404,219,2014-07-03T12:29:59.596000+00:00,2014-07-03T12:30:00.219000+00:00
MACRO-CPI-201406,CPI,2014-07-22T12:30:00Z,EXACT_SCHEDULE_PAGE,ALIGNED,1749,331,2014-07-22T12:29:58.251000+00:00,2014-07-22T12:30:00.331000+00:00
MACRO-FOMC-20140730,FOMC,2014-07-30T18:00:00Z,DATE_ONLY_OFFICIAL_TIME_UNAVAILABLE,ALIGNED,563,741,2014-07-30T17:59:59.437000+00:00,2014-07-30T18:00:00.741000+00:00
MACRO-NFP-201407,NFP,2014-08-01T12:30:00Z,EXACT_SCHEDULE_PAGE,ALIGNED,191,12,2014-08-01T12:29:59.809000+00:00,2014-08-01T12:30:00.012000+00:00
MACRO-CPI-201407,CPI,2014-08-19T12:30:00Z,EXACT_SCHEDULE_PAGE,ALIGNED,342,216,2014-08-19T12:29:59.658000+00:00,2014-08-19T12:30:00.216000+00:00
MACRO-NFP-201408,NFP,2014-09-05T12:30:00Z,EXACT_SCHEDULE_PAGE,ALIGNED,12,39,2014-09-05T12:29:59.988000+00:00,2014-09-05T12:30:00.039000+00:00
MACRO-CPI-201408,CPI,2014-09-17T12:30:00Z,EXACT_SCHEDULE_PAGE,ALIGNED,311,286,2014-09-17T12:29:59.689000+00:00,2014-09-17T12:30:00.286000+00:00
MACRO-FOMC-20140917,FOMC,2014-09-17T18:00:00Z,OFFICIAL_SAME_RELEASE_PACKAGE_PAGE,ALIGNED,312,218,2014-09-17T17:59:59.688000+00:00,2014-09-17T18:00:00.218000+00:00
MACRO-NFP-201409,NFP,2014-10-03T12:30:00Z,EXACT_SCHEDULE_PAGE,ALIGNED,102,203,2014-10-03T12:29:59.898000+00:00,2014-10-03T12:30:00.203000+00:00
MACRO-CPI-201409,CPI,2014-10-22T12:30:00Z,EXACT_SCHEDULE_PAGE,ALIGNED,230,817,2014-10-22T12:29:59.770000+00:00,2014-10-22T12:30:00.817000+00:00
MACRO-FOMC-20141029,FOMC,2014-10-29T18:00:00Z,DATE_ONLY_OFFICIAL_TIME_UNAVAILABLE,ALIGNED,129,129,2014-10-29T17:59:59.871000+00:00,2014-10-29T18:00:00.129000+00:00
MACRO-NFP-201410,NFP,2014-11-07T13:30:00Z,EXACT_SCHEDULE_PAGE,ALIGNED,227,78,2014-11-07T13:29:59.773000+00:00,2014-11-07T13:30:00.078000+00:00
MACRO-CPI-201410,CPI,2014-11-20T13:30:00Z,EXACT_SCHEDULE_PAGE,ALIGNED,29,484,2014-11-20T13:29:59.971000+00:00,2014-11-20T13:30:00.484000+00:00
MACRO-NFP-201411,NFP,2014-12-05T13:30:00Z,EXACT_SCHEDULE_PAGE,ALIGNED,31,20,2014-12-05T13:29:59.969000+00:00,2014-12-05T13:30:00.020000+00:00
MACRO-CPI-201411,CPI,2014-12-17T13:30:00Z,EXACT_SCHEDULE_PAGE,ALIGNED,49,2,2014-12-17T13:29:59.951000+00:00,2014-12-17T13:30:00.002000+00:00
MACRO-FOMC-20141217,FOMC,2014-12-17T19:00:00Z,OFFICIAL_SAME_RELEASE_PACKAGE_PAGE,ALIGNED,436,73,2014-12-17T18:59:59.564000+00:00,2014-12-17T19:00:00.073000+00:00
MACRO-NFP-201412,NFP,2015-01-09T13:30:00Z,EXACT_SCHEDULE_PAGE,ALIGNED,184,221,2015-01-09T13:29:59.816000+00:00,2015-01-09T13:30:00.221000+00:00
MACRO-CPI-201412,CPI,2015-01-16T13:30:00Z,EXACT_SCHEDULE_PAGE,ALIGNED,268,191,2015-01-16T13:29:59.732000+00:00,2015-01-16T13:30:00.191000+00:00
MACRO-FOMC-20150128,FOMC,2015-01-28T19:00:00Z,DATE_ONLY_OFFICIAL_TIME_UNAVAILABLE,ALIGNED,281,23,2015-01-28T18:59:59.719000+00:00,2015-01-28T19:00:00.023000+00:00
MACRO-NFP-201501,NFP,2015-02-06T13:30:00Z,EXACT_SCHEDULE_PAGE,ALIGNED,243,262,2015-02-06T13:29:59.757000+00:00,2015-02-06T13:30:00.262000+00:00
MACRO-CPI-201501,CPI,2015-02-26T13:30:00Z,EXACT_SCHEDULE_PAGE,ALIGNED,498,578,2015-02-26T13:29:59.502000+00:00,2015-02-26T13:30:00.578000+00:00
MACRO-NFP-201502,NFP,2015-03-06T13:30:00Z,EXACT_SCHEDULE_PAGE,ALIGNED,205,99,2015-03-06T13:29:59.795000+00:00,2015-03-06T13:30:00.099000+00:00
MACRO-FOMC-20150318,FOMC,2015-03-18T18:00:00Z,OFFICIAL_SAME_RELEASE_PACKAGE_PAGE,ALIGNED,1871,276,2015-03-18T17:59:58.129000+00:00,2015-03-18T18:00:00.276000+00:00
MACRO-CPI-201502,CPI,2015-03-24T12:30:00Z,EXACT_SCHEDULE_PAGE,ALIGNED,375,132,2015-03-24T12:29:59.625000+00:00,2015-03-24T12:30:00.132000+00:00
MACRO-NFP-201503,NFP,2015-04-03T12:30:00Z,EXACT_SCHEDULE_PAGE,ALIGNED,51,0,2015-04-03T12:29:59.949000+00:00,2015-04-03T12:30:00+00:00
MACRO-CPI-201503,CPI,2015-04-17T12:30:00Z,EXACT_SCHEDULE_PAGE,ALIGNED,683,1084,2015-04-17T12:29:59.317000+00:00,2015-04-17T12:30:01.084000+00:00
MACRO-FOMC-20150429,FOMC,2015-04-29T18:00:00Z,DATE_ONLY_OFFICIAL_TIME_UNAVAILABLE,ALIGNED,18,135,2015-04-29T17:59:59.982000+00:00,2015-04-29T18:00:00.135000+00:00
MACRO-NFP-201504,NFP,2015-05-08T12:30:00Z,EXACT_SCHEDULE_PAGE,ALIGNED,62,239,2015-05-08T12:29:59.938000+00:00,2015-05-08T12:30:00.239000+00:00
MACRO-CPI-201504,CPI,2015-05-22T12:30:00Z,EXACT_SCHEDULE_PAGE,ALIGNED,824,464,2015-05-22T12:29:59.176000+00:00,2015-05-22T12:30:00.464000+00:00
MACRO-NFP-201505,NFP,2015-06-05T12:30:00Z,EXACT_SCHEDULE_PAGE,ALIGNED,34,17,2015-06-05T12:29:59.966000+00:00,2015-06-05T12:30:00.017000+00:00
MACRO-FOMC-20150617,FOMC,2015-06-17T18:00:00Z,DATE_ONLY_OFFICIAL_TIME_UNAVAILABLE,ALIGNED,81,249,2015-06-17T17:59:59.919000+00:00,2015-06-17T18:00:00.249000+00:00
MACRO-CPI-201505,CPI,2015-06-18T12:30:00Z,EXACT_SCHEDULE_PAGE,ALIGNED,76,437,2015-06-18T12:29:59.924000+00:00,2015-06-18T12:30:00.437000+00:00
MACRO-NFP-201506,NFP,2015-07-02T12:30:00Z,EXACT_SCHEDULE_PAGE,ALIGNED,281,75,2015-07-02T12:29:59.719000+00:00,2015-07-02T12:30:00.075000+00:00
MACRO-CPI-201506,CPI,2015-07-17T12:30:00Z,EXACT_SCHEDULE_PAGE,ALIGNED,173,30,2015-07-17T12:29:59.827000+00:00,2015-07-17T12:30:00.030000+00:00
MACRO-FOMC-20150729,FOMC,2015-07-29T18:00:00Z,DATE_ONLY_OFFICIAL_TIME_UNAVAILABLE,ALIGNED,656,58,2015-07-29T17:59:59.344000+00:00,2015-07-29T18:00:00.058000+00:00
MACRO-NFP-201507,NFP,2015-08-07T12:30:00Z,EXACT_SCHEDULE_PAGE,ALIGNED,255,359,2015-08-07T12:29:59.745000+00:00,2015-08-07T12:30:00.359000+00:00
MACRO-CPI-201507,CPI,2015-08-19T12:30:00Z,EXACT_SCHEDULE_PAGE,ALIGNED,459,357,2015-08-19T12:29:59.541000+00:00,2015-08-19T12:30:00.357000+00:00
MACRO-NFP-201508,NFP,2015-09-04T12:30:00Z,EXACT_SCHEDULE_PAGE,ALIGNED,1281,544,2015-09-04T12:29:58.719000+00:00,2015-09-04T12:30:00.544000+00:00
MACRO-CPI-201508,CPI,2015-09-16T12:30:00Z,EXACT_SCHEDULE_PAGE,ALIGNED,133,672,2015-09-16T12:29:59.867000+00:00,2015-09-16T12:30:00.672000+00:00
MACRO-FOMC-20150917,FOMC,2015-09-17T18:00:00Z,OFFICIAL_SAME_RELEASE_PACKAGE_PAGE,ALIGNED,648,167,2015-09-17T17:59:59.352000+00:00,2015-09-17T18:00:00.167000+00:00
MACRO-NFP-201509,NFP,2015-10-02T12:30:00Z,EXACT_SCHEDULE_PAGE,ALIGNED,184,423,2015-10-02T12:29:59.816000+00:00,2015-10-02T12:30:00.423000+00:00
MACRO-CPI-201509,CPI,2015-10-15T12:30:00Z,EXACT_SCHEDULE_PAGE,ALIGNED,169,36,2015-10-15T12:29:59.831000+00:00,2015-10-15T12:30:00.036000+00:00
MACRO-FOMC-20151028,FOMC,2015-10-28T18:00:00Z,DATE_ONLY_OFFICIAL_TIME_UNAVAILABLE,ALIGNED,82,225,2015-10-28T17:59:59.918000+00:00,2015-10-28T18:00:00.225000+00:00
MACRO-NFP-201510,NFP,2015-11-06T13:30:00Z,EXACT_SCHEDULE_PAGE,ALIGNED,167,138,2015-11-06T13:29:59.833000+00:00,2015-11-06T13:30:00.138000+00:00
MACRO-CPI-201510,CPI,2015-11-17T13:30:00Z,EXACT_SCHEDULE_PAGE,ALIGNED,979,36,2015-11-17T13:29:59.021000+00:00,2015-11-17T13:30:00.036000+00:00
MACRO-NFP-201511,NFP,2015-12-04T13:30:00Z,EXACT_SCHEDULE_PAGE,ALIGNED,48,4,2015-12-04T13:29:59.952000+00:00,2015-12-04T13:30:00.004000+00:00
MACRO-CPI-201511,CPI,2015-12-15T13:30:00Z,EXACT_SCHEDULE_PAGE,ALIGNED,885,230,2015-12-15T13:29:59.115000+00:00,2015-12-15T13:30:00.230000+00:00
MACRO-FOMC-20151216,FOMC,2015-12-16T19:00:00Z,OFFICIAL_SAME_RELEASE_PACKAGE_PAGE,ALIGNED,29,230,2015-12-16T18:59:59.971000+00:00,2015-12-16T19:00:00.230000+00:00
MACRO-NFP-201512,NFP,2016-01-08T13:30:00Z,EXACT_SCHEDULE_PAGE,ALIGNED,98,4,2016-01-08T13:29:59.902000+00:00,2016-01-08T13:30:00.004000+00:00
MACRO-CPI-201512,CPI,2016-01-20T13:30:00Z,EXACT_SCHEDULE_PAGE,ALIGNED,315,1459,2016-01-20T13:29:59.685000+00:00,2016-01-20T13:30:01.459000+00:00
MACRO-FOMC-20160127,FOMC,2016-01-27T19:00:00Z,EXACT_STATEMENT_PAGE,ALIGNED,2,153,2016-01-27T18:59:59.998000+00:00,2016-01-27T19:00:00.153000+00:00
MACRO-NFP-201601,NFP,2016-02-05T13:30:00Z,EXACT_SCHEDULE_PAGE,ALIGNED,1637,1401,2016-02-05T13:29:58.363000+00:00,2016-02-05T13:30:01.401000+00:00
MACRO-CPI-201601,CPI,2016-02-19T13:30:00Z,EXACT_SCHEDULE_PAGE,ALIGNED,8,44,2016-02-19T13:29:59.992000+00:00,2016-02-19T13:30:00.044000+00:00
MACRO-NFP-201602,NFP,2016-03-04T13:30:00Z,EXACT_SCHEDULE_PAGE,ALIGNED,188,66,2016-03-04T13:29:59.812000+00:00,2016-03-04T13:30:00.066000+00:00
MACRO-CPI-201602,CPI,2016-03-16T12:30:00Z,EXACT_SCHEDULE_PAGE,ALIGNED,39,570,2016-03-16T12:29:59.961000+00:00,2016-03-16T12:30:00.570000+00:00
MACRO-FOMC-20160316,FOMC,2016-03-16T18:00:00Z,EXACT_STATEMENT_PAGE,ALIGNED,807,156,2016-03-16T17:59:59.193000+00:00,2016-03-16T18:00:00.156000+00:00
MACRO-NFP-201603,NFP,2016-04-01T12:30:00Z,EXACT_SCHEDULE_PAGE,ALIGNED,180,325,2016-04-01T12:29:59.820000+00:00,2016-04-01T12:30:00.325000+00:00
MACRO-CPI-201603,CPI,2016-04-14T12:30:00Z,EXACT_SCHEDULE_PAGE,ALIGNED,33,69,2016-04-14T12:29:59.967000+00:00,2016-04-14T12:30:00.069000+00:00
MACRO-FOMC-20160427,FOMC,2016-04-27T18:00:00Z,EXACT_STATEMENT_PAGE,ALIGNED,180,48,2016-04-27T17:59:59.820000+00:00,2016-04-27T18:00:00.048000+00:00
MACRO-NFP-201604,NFP,2016-05-06T12:30:00Z,EXACT_SCHEDULE_PAGE,ALIGNED,3,49,2016-05-06T12:29:59.997000+00:00,2016-05-06T12:30:00.049000+00:00
MACRO-CPI-201604,CPI,2016-05-17T12:30:00Z,EXACT_SCHEDULE_PAGE,ALIGNED,386,8,2016-05-17T12:29:59.614000+00:00,2016-05-17T12:30:00.008000+00:00
MACRO-NFP-201605,NFP,2016-06-03T12:30:00Z,EXACT_SCHEDULE_PAGE,ALIGNED,79,125,2016-06-03T12:29:59.921000+00:00,2016-06-03T12:30:00.125000+00:00
MACRO-FOMC-20160615,FOMC,2016-06-15T18:00:00Z,EXACT_STATEMENT_PAGE,ALIGNED,92,112,2016-06-15T17:59:59.908000+00:00,2016-06-15T18:00:00.112000+00:00
MACRO-CPI-201605,CPI,2016-06-16T12:30:00Z,EXACT_SCHEDULE_PAGE,ALIGNED,280,229,2016-06-16T12:29:59.720000+00:00,2016-06-16T12:30:00.229000+00:00
MACRO-NFP-201606,NFP,2016-07-08T12:30:00Z,EXACT_SCHEDULE_PAGE,ALIGNED,310,147,2016-07-08T12:29:59.690000+00:00,2016-07-08T12:30:00.147000+00:00
MACRO-CPI-201606,CPI,2016-07-15T12:30:00Z,EXACT_SCHEDULE_PAGE,ALIGNED,236,68,2016-07-15T12:29:59.764000+00:00,2016-07-15T12:30:00.068000+00:00
MACRO-FOMC-20160727,FOMC,2016-07-27T18:00:00Z,EXACT_STATEMENT_PAGE,ALIGNED,78,24,2016-07-27T17:59:59.922000+00:00,2016-07-27T18:00:00.024000+00:00
MACRO-NFP-201607,NFP,2016-08-05T12:30:00Z,EXACT_SCHEDULE_PAGE,ALIGNED,49,5,2016-08-05T12:29:59.951000+00:00,2016-08-05T12:30:00.005000+00:00
MACRO-CPI-201607,CPI,2016-08-16T12:30:00Z,EXACT_SCHEDULE_PAGE,ALIGNED,255,19,2016-08-16T12:29:59.745000+00:00,2016-08-16T12:30:00.019000+00:00
MACRO-NFP-201608,NFP,2016-09-02T12:30:00Z,EXACT_SCHEDULE_PAGE,ALIGNED,9,42,2016-09-02T12:29:59.991000+00:00,2016-09-02T12:30:00.042000+00:00
MACRO-CPI-201608,CPI,2016-09-16T12:30:00Z,EXACT_SCHEDULE_PAGE,ALIGNED,81,187,2016-09-16T12:29:59.919000+00:00,2016-09-16T12:30:00.187000+00:00
MACRO-FOMC-20160921,FOMC,2016-09-21T18:00:00Z,EXACT_STATEMENT_PAGE,ALIGNED,121,32,2016-09-21T17:59:59.879000+00:00,2016-09-21T18:00:00.032000+00:00
MACRO-NFP-201609,NFP,2016-10-07T12:30:00Z,EXACT_SCHEDULE_PAGE,ALIGNED,344,60,2016-10-07T12:29:59.656000+00:00,2016-10-07T12:30:00.060000+00:00
MACRO-CPI-201609,CPI,2016-10-18T12:30:00Z,EXACT_SCHEDULE_PAGE,ALIGNED,72,82,2016-10-18T12:29:59.928000+00:00,2016-10-18T12:30:00.082000+00:00
MACRO-FOMC-20161102,FOMC,2016-11-02T18:00:00Z,EXACT_STATEMENT_PAGE,ALIGNED,994,9,2016-11-02T17:59:59.006000+00:00,2016-11-02T18:00:00.009000+00:00
MACRO-NFP-201610,NFP,2016-11-04T12:30:00Z,EXACT_SCHEDULE_PAGE,ALIGNED,431,159,2016-11-04T12:29:59.569000+00:00,2016-11-04T12:30:00.159000+00:00
MACRO-CPI-201610,CPI,2016-11-17T13:30:00Z,EXACT_SCHEDULE_PAGE,ALIGNED,694,69,2016-11-17T13:29:59.306000+00:00,2016-11-17T13:30:00.069000+00:00
MACRO-NFP-201611,NFP,2016-12-02T13:30:00Z,EXACT_SCHEDULE_PAGE,ALIGNED,13,139,2016-12-02T13:29:59.987000+00:00,2016-12-02T13:30:00.139000+00:00
MACRO-FOMC-20161214,FOMC,2016-12-14T19:00:00Z,EXACT_STATEMENT_PAGE,ALIGNED,115,189,2016-12-14T18:59:59.885000+00:00,2016-12-14T19:00:00.189000+00:00
MACRO-CPI-201611,CPI,2016-12-15T13:30:00Z,EXACT_SCHEDULE_PAGE,ALIGNED,261,296,2016-12-15T13:29:59.739000+00:00,2016-12-15T13:30:00.296000+00:00
MACRO-NFP-201612,NFP,2017-01-06T13:30:00Z,EXACT_SCHEDULE_PAGE,ALIGNED,236,68,2017-01-06T13:29:59.764000+00:00,2017-01-06T13:30:00.068000+00:00
MACRO-CPI-201612,CPI,2017-01-18T13:30:00Z,EXACT_SCHEDULE_PAGE,ALIGNED,133,393,2017-01-18T13:29:59.867000+00:00,2017-01-18T13:30:00.393000+00:00
MACRO-FOMC-20170201,FOMC,2017-02-01T19:00:00Z,EXACT_STATEMENT_PAGE,ALIGNED,475,46,2017-02-01T18:59:59.525000+00:00,2017-02-01T19:00:00.046000+00:00
MACRO-NFP-201701,NFP,2017-02-03T13:30:00Z,EXACT_SCHEDULE_PAGE,ALIGNED,1178,480,2017-02-03T13:29:58.822000+00:00,2017-02-03T13:30:00.480000+00:00
MACRO-CPI-201701,CPI,2017-02-15T13:30:00Z,EXACT_SCHEDULE_PAGE,ALIGNED,100,206,2017-02-15T13:29:59.900000+00:00,2017-02-15T13:30:00.206000+00:00
MACRO-NFP-201702,NFP,2017-03-10T13:30:00Z,EXACT_SCHEDULE_PAGE,ALIGNED,100,538,2017-03-10T13:29:59.900000+00:00,2017-03-10T13:30:00.538000+00:00
MACRO-CPI-201702,CPI,2017-03-15T12:30:00Z,EXACT_SCHEDULE_PAGE,ALIGNED,1046,453,2017-03-15T12:29:58.954000+00:00,2017-03-15T12:30:00.453000+00:00
MACRO-FOMC-20170315,FOMC,2017-03-15T18:00:00Z,EXACT_STATEMENT_PAGE,ALIGNED,154,170,2017-03-15T17:59:59.846000+00:00,2017-03-15T18:00:00.170000+00:00
MACRO-NFP-201703,NFP,2017-04-07T12:30:00Z,EXACT_SCHEDULE_PAGE,ALIGNED,31,224,2017-04-07T12:29:59.969000+00:00,2017-04-07T12:30:00.224000+00:00
MACRO-CPI-201703,CPI,2017-04-14T12:30:00Z,EXACT_SCHEDULE_PAGE,ALIGNED,437,788,2017-04-14T12:29:59.563000+00:00,2017-04-14T12:30:00.788000+00:00
MACRO-FOMC-20170503,FOMC,2017-05-03T18:00:00Z,EXACT_STATEMENT_PAGE,ALIGNED,52,152,2017-05-03T17:59:59.948000+00:00,2017-05-03T18:00:00.152000+00:00
MACRO-NFP-201704,NFP,2017-05-05T12:30:00Z,EXACT_SCHEDULE_PAGE,ALIGNED,94,9,2017-05-05T12:29:59.906000+00:00,2017-05-05T12:30:00.009000+00:00
MACRO-CPI-201704,CPI,2017-05-12T12:30:00Z,EXACT_SCHEDULE_PAGE,ALIGNED,129,192,2017-05-12T12:29:59.871000+00:00,2017-05-12T12:30:00.192000+00:00
MACRO-NFP-201705,NFP,2017-06-02T12:30:00Z,EXACT_SCHEDULE_PAGE,ALIGNED,454,73,2017-06-02T12:29:59.546000+00:00,2017-06-02T12:30:00.073000+00:00
MACRO-CPI-201705,CPI,2017-06-14T12:30:00Z,EXACT_SCHEDULE_PAGE,ALIGNED,85,18,2017-06-14T12:29:59.915000+00:00,2017-06-14T12:30:00.018000+00:00
MACRO-FOMC-20170614,FOMC,2017-06-14T18:00:00Z,EXACT_STATEMENT_PAGE,ALIGNED,253,179,2017-06-14T17:59:59.747000+00:00,2017-06-14T18:00:00.179000+00:00
MACRO-NFP-201706,NFP,2017-07-07T12:30:00Z,EXACT_SCHEDULE_PAGE,ALIGNED,512,100,2017-07-07T12:29:59.488000+00:00,2017-07-07T12:30:00.100000+00:00
MACRO-CPI-201706,CPI,2017-07-14T12:30:00Z,EXACT_SCHEDULE_PAGE,ALIGNED,68,191,2017-07-14T12:29:59.932000+00:00,2017-07-14T12:30:00.191000+00:00
MACRO-FOMC-20170726,FOMC,2017-07-26T18:00:00Z,EXACT_STATEMENT_PAGE,ALIGNED,100,104,2017-07-26T17:59:59.900000+00:00,2017-07-26T18:00:00.104000+00:00
MACRO-NFP-201707,NFP,2017-08-04T12:30:00Z,EXACT_SCHEDULE_PAGE,ALIGNED,177,369,2017-08-04T12:29:59.823000+00:00,2017-08-04T12:30:00.369000+00:00
MACRO-CPI-201707,CPI,2017-08-11T12:30:00Z,EXACT_SCHEDULE_PAGE,ALIGNED,97,7,2017-08-11T12:29:59.903000+00:00,2017-08-11T12:30:00.007000+00:00
MACRO-NFP-201708,NFP,2017-09-01T12:30:00Z,EXACT_SCHEDULE_PAGE,ALIGNED,388,27,2017-09-01T12:29:59.612000+00:00,2017-09-01T12:30:00.027000+00:00
MACRO-CPI-201708,CPI,2017-09-14T12:30:00Z,EXACT_SCHEDULE_PAGE,ALIGNED,152,159,2017-09-14T12:29:59.848000+00:00,2017-09-14T12:30:00.159000+00:00
MACRO-FOMC-20170920,FOMC,2017-09-20T18:00:00Z,EXACT_STATEMENT_PAGE,ALIGNED,357,70,2017-09-20T17:59:59.643000+00:00,2017-09-20T18:00:00.070000+00:00
MACRO-NFP-201709,NFP,2017-10-06T12:30:00Z,EXACT_SCHEDULE_PAGE,ALIGNED,10,94,2017-10-06T12:29:59.990000+00:00,2017-10-06T12:30:00.094000+00:00
MACRO-CPI-201709,CPI,2017-10-13T12:30:00Z,EXACT_SCHEDULE_PAGE,ALIGNED,37,66,2017-10-13T12:29:59.963000+00:00,2017-10-13T12:30:00.066000+00:00
MACRO-FOMC-20171101,FOMC,2017-11-01T18:00:00Z,EXACT_STATEMENT_PAGE,ALIGNED,753,38,2017-11-01T17:59:59.247000+00:00,2017-11-01T18:00:00.038000+00:00
MACRO-NFP-201710,NFP,2017-11-03T12:30:00Z,EXACT_SCHEDULE_PAGE,ALIGNED,9,94,2017-11-03T12:29:59.991000+00:00,2017-11-03T12:30:00.094000+00:00
MACRO-CPI-201710,CPI,2017-11-15T13:30:00Z,EXACT_SCHEDULE_PAGE,ALIGNED,381,88,2017-11-15T13:29:59.619000+00:00,2017-11-15T13:30:00.088000+00:00
MACRO-NFP-201711,NFP,2017-12-08T13:30:00Z,EXACT_SCHEDULE_PAGE,ALIGNED,764,530,2017-12-08T13:29:59.236000+00:00,2017-12-08T13:30:00.530000+00:00
MACRO-CPI-201711,CPI,2017-12-13T13:30:00Z,EXACT_SCHEDULE_PAGE,ALIGNED,66,92,2017-12-13T13:29:59.934000+00:00,2017-12-13T13:30:00.092000+00:00
MACRO-FOMC-20171213,FOMC,2017-12-13T19:00:00Z,EXACT_STATEMENT_PAGE,ALIGNED,385,113,2017-12-13T18:59:59.615000+00:00,2017-12-13T19:00:00.113000+00:00
MACRO-NFP-201712,NFP,2018-01-05T13:30:00Z,EXACT_SCHEDULE_PAGE,ALIGNED,48,6,2018-01-05T13:29:59.952000+00:00,2018-01-05T13:30:00.006000+00:00
MACRO-CPI-201712,CPI,2018-01-12T13:30:00Z,EXACT_SCHEDULE_PAGE,ALIGNED,210,152,2018-01-12T13:29:59.790000+00:00,2018-01-12T13:30:00.152000+00:00
MACRO-FOMC-20180131,FOMC,2018-01-31T19:00:00Z,EXACT_STATEMENT_PAGE,ALIGNED,219,114,2018-01-31T18:59:59.781000+00:00,2018-01-31T19:00:00.114000+00:00
MACRO-NFP-201801,NFP,2018-02-02T13:30:00Z,EXACT_SCHEDULE_PAGE,ALIGNED,32,20,2018-02-02T13:29:59.968000+00:00,2018-02-02T13:30:00.020000+00:00
MACRO-CPI-201801,CPI,2018-02-14T13:30:00Z,EXACT_SCHEDULE_PAGE,ALIGNED,207,280,2018-02-14T13:29:59.793000+00:00,2018-02-14T13:30:00.280000+00:00
MACRO-NFP-201802,NFP,2018-03-09T13:30:00Z,EXACT_SCHEDULE_PAGE,ALIGNED,88,16,2018-03-09T13:29:59.912000+00:00,2018-03-09T13:30:00.016000+00:00
MACRO-CPI-201802,CPI,2018-03-13T12:30:00Z,EXACT_SCHEDULE_PAGE,ALIGNED,441,89,2018-03-13T12:29:59.559000+00:00,2018-03-13T12:30:00.089000+00:00
MACRO-FOMC-20180321,FOMC,2018-03-21T18:00:00Z,EXACT_STATEMENT_PAGE,ALIGNED,17,85,2018-03-21T17:59:59.983000+00:00,2018-03-21T18:00:00.085000+00:00
MACRO-NFP-201803,NFP,2018-04-06T12:30:00Z,EXACT_SCHEDULE_PAGE,ALIGNED,59,44,2018-04-06T12:29:59.941000+00:00,2018-04-06T12:30:00.044000+00:00
MACRO-CPI-201803,CPI,2018-04-11T12:30:00Z,EXACT_SCHEDULE_PAGE,ALIGNED,137,130,2018-04-11T12:29:59.863000+00:00,2018-04-11T12:30:00.130000+00:00
MACRO-FOMC-20180502,FOMC,2018-05-02T18:00:00Z,EXACT_STATEMENT_PAGE,ALIGNED,48,6,2018-05-02T17:59:59.952000+00:00,2018-05-02T18:00:00.006000+00:00
MACRO-NFP-201804,NFP,2018-05-04T12:30:00Z,EXACT_SCHEDULE_PAGE,ALIGNED,239,51,2018-05-04T12:29:59.761000+00:00,2018-05-04T12:30:00.051000+00:00
MACRO-CPI-201804,CPI,2018-05-10T12:30:00Z,EXACT_SCHEDULE_PAGE,ALIGNED,137,280,2018-05-10T12:29:59.863000+00:00,2018-05-10T12:30:00.280000+00:00
MACRO-NFP-201805,NFP,2018-06-01T12:30:00Z,EXACT_SCHEDULE_PAGE,NO_TICKS_IN_WINDOW,,,,
MACRO-CPI-201805,CPI,2018-06-12T12:30:00Z,EXACT_SCHEDULE_PAGE,NO_TICKS_IN_WINDOW,,,,
MACRO-FOMC-20180613,FOMC,2018-06-13T18:00:00Z,EXACT_STATEMENT_PAGE,NO_TICKS_IN_WINDOW,,,,
MACRO-NFP-201806,NFP,2018-07-06T12:30:00Z,EXACT_SCHEDULE_PAGE,ALIGNED,126,133,2018-07-06T12:29:59.874000+00:00,2018-07-06T12:30:00.133000+00:00
MACRO-CPI-201806,CPI,2018-07-12T12:30:00Z,EXACT_SCHEDULE_PAGE,ALIGNED,60,131,2018-07-12T12:29:59.940000+00:00,2018-07-12T12:30:00.131000+00:00
MACRO-FOMC-20180801,FOMC,2018-08-01T18:00:00Z,EXACT_STATEMENT_PAGE,ALIGNED,346,199,2018-08-01T17:59:59.654000+00:00,2018-08-01T18:00:00.199000+00:00
MACRO-NFP-201807,NFP,2018-08-03T12:30:00Z,EXACT_SCHEDULE_PAGE,ALIGNED,30,110,2018-08-03T12:29:59.970000+00:00,2018-08-03T12:30:00.110000+00:00
MACRO-CPI-201807,CPI,2018-08-10T12:30:00Z,EXACT_SCHEDULE_PAGE,ALIGNED,90,224,2018-08-10T12:29:59.910000+00:00,2018-08-10T12:30:00.224000+00:00
MACRO-NFP-201808,NFP,2018-09-07T12:30:00Z,EXACT_SCHEDULE_PAGE,ALIGNED,16,142,2018-09-07T12:29:59.984000+00:00,2018-09-07T12:30:00.142000+00:00
MACRO-CPI-201808,CPI,2018-09-13T12:30:00Z,EXACT_SCHEDULE_PAGE,ALIGNED,178,275,2018-09-13T12:29:59.822000+00:00,2018-09-13T12:30:00.275000+00:00
MACRO-FOMC-20180926,FOMC,2018-09-26T18:00:00Z,EXACT_STATEMENT_PAGE,ALIGNED,315,46,2018-09-26T17:59:59.685000+00:00,2018-09-26T18:00:00.046000+00:00
MACRO-NFP-201809,NFP,2018-10-05T12:30:00Z,EXACT_SCHEDULE_PAGE,ALIGNED,98,15,2018-10-05T12:29:59.902000+00:00,2018-10-05T12:30:00.015000+00:00
MACRO-CPI-201809,CPI,2018-10-11T12:30:00Z,EXACT_SCHEDULE_PAGE,ALIGNED,444,30,2018-10-11T12:29:59.556000+00:00,2018-10-11T12:30:00.030000+00:00
MACRO-NFP-201810,NFP,2018-11-02T12:30:00Z,EXACT_SCHEDULE_PAGE,ALIGNED,133,383,2018-11-02T12:29:59.867000+00:00,2018-11-02T12:30:00.383000+00:00
MACRO-FOMC-20181108,FOMC,2018-11-08T19:00:00Z,EXACT_STATEMENT_PAGE,ALIGNED,357,121,2018-11-08T18:59:59.643000+00:00,2018-11-08T19:00:00.121000+00:00
MACRO-CPI-201810,CPI,2018-11-14T13:30:00Z,EXACT_SCHEDULE_PAGE,ALIGNED,129,342,2018-11-14T13:29:59.871000+00:00,2018-11-14T13:30:00.342000+00:00
MACRO-NFP-201811,NFP,2018-12-07T13:30:00Z,EXACT_SCHEDULE_PAGE,ALIGNED,143,116,2018-12-07T13:29:59.857000+00:00,2018-12-07T13:30:00.116000+00:00
MACRO-CPI-201811,CPI,2018-12-12T13:30:00Z,EXACT_SCHEDULE_PAGE,ALIGNED,417,81,2018-12-12T13:29:59.583000+00:00,2018-12-12T13:30:00.081000+00:00
MACRO-FOMC-20181219,FOMC,2018-12-19T19:00:00Z,EXACT_STATEMENT_PAGE,ALIGNED,32,141,2018-12-19T18:59:59.968000+00:00,2018-12-19T19:00:00.141000+00:00
