month,n_ticks,first_tick_utc,last_tick_utc,days_covered
2010-01,597068,2010-01-01T00:00:03.964000+00:00,2010-01-31T23:59:57.477000+00:00,26
2010-02,568499,2010-02-01T00:00:14.432000+00:00,2010-02-28T23:59:57.768000+00:00,24
2010-03,654814,2010-03-01T00:00:02.839000+00:00,2010-03-31T23:59:43.879000+00:00,27
2010-04,623088,2010-04-01T00:00:02.822000+00:00,2010-04-30T20:59:54.746000+00:00,26
2010-05,598358,2010-05-02T21:00:03.496000+00:00,2010-05-31T23:59:57.483000+00:00,26
2010-06,625711,2010-06-01T00:00:14.175000+00:00,2010-06-30T23:59:46.300000+00:00,26
2010-07,622678,2010-07-01T00:00:02.297000+00:00,2010-07-30T20:59:58.086000+00:00,26
2010-08,627417,2010-08-01T21:00:04.488000+00:00,2010-08-31T23:59:58.997000+00:00,27
2010-09,625188,2010-09-01T00:00:00.489000+00:00,2010-09-30T23:59:58.331000+00:00,26
2010-10,609506,2010-10-01T00:00:06.406000+00:00,2010-10-31T23:59:57.450000+00:00,26
2010-11,718872,2010-11-01T00:00:00.798000+00:00,2010-11-30T23:59:55.225000+00:00,26
2010-12,1387568,2010-12-01T00:00:01.589000+00:00,2010-12-31T21:59:52.426000+00:00,27
2011-01,1456663,2011-01-02T22:00:26.739000+00:00,2011-01-31T23:59:59.394000+00:00,26
2011-02,1499974,2011-02-01T00:00:00.407000+00:00,2011-02-28T23:59:59.561000+00:00,24
2011-03,1858170,2011-03-01T00:00:00.659000+00:00,2011-03-31T23:59:58.918000+00:00,27
2011-04,1626617,2011-04-01T00:00:00.963000+00:00,2011-04-29T20:59:59.231000+00:00,25
2011-05,2292193,2011-05-01T21:00:00.403000+00:00,2011-05-31T23:59:52.943000+00:00,27
2011-06,2230114,2011-06-01T00:00:00.548000+00:00,2011-06-30T23:59:58.582000+00:00,26
2011-07,2189748,2011-07-01T00:00:01.012000+00:00,2011-07-31T23:59:57.880000+00:00,26
2011-08,2700830,2011-08-01T00:00:00.537000+00:00,2011-08-31T23:59:58.095000+00:00,27
2011-09,2591082,2011-09-01T00:00:03.494000+00:00,2011-09-30T20:59:50.926000+00:00,26
2011-10,2590813,2011-10-02T21:00:20.152000+00:00,2011-10-31T23:59:58.855000+00:00,26
2011-11,2618117,2011-11-01T00:00:00.814000+00:00,2011-11-30T23:59:58.627000+00:00,26
2011-12,2139481,2011-12-01T00:00:00.955000+00:00,2011-12-30T21:59:59.891000+00:00,26
2012-01,2619093,2012-01-01T22:00:36.416000+00:00,2012-01-31T23:59:58.869000+00:00,27
2012-02,2403688,2012-02-01T00:00:01.231000+00:00,2012-02-29T23:59:59.628000+00:00,25
2012-03,2100633,2012-03-01T00:00:00.144000+00:00,2012-03-30T20:59:59.554000+00:00,26
2012-04,1923452,2012-04-01T21:00:02.646000+00:00,2012-04-30T23:59:59.353000+00:00,26
2012-05,2431508,2012-05-01T00:00:01.345000+00:00,2012-05-31T23:59:55.025000+00:00,27
2012-06,2316948,2012-06-01T00:00:00.831000+00:00,2012-06-29T20:59:59.838000+00:00,25
2012-07,2023214,2012-07-01T21:00:00.936000+00:00,2012-07-31T23:59:51.338000+00:00,27
2012-08,1759249,2012-08-01T00:00:01.044000+00:00,2012-08-31T20:59:58.579000+00:00,27
2012-09,1606727,2012-09-02T21:00:33.255000+00:00,2012-09-30T23:59:59.699000+00:00,25
2012-10,1468947,2012-10-01T00:00:00.741000+00:00,2012-10-31T23:59:59.400000+00:00,27
2012-11,1440915,2012-11-01T00:00:00.059000+00:00,2012-11-30T21:59:59.169000+00:00,26
2012-12,1306577,2012-12-02T22:00:16.417000+00:00,2012-12-31T23:58:54.317000+00:00,26
2013-01,1746386,2013-01-01T00:00:00.463000+00:00,2013-01-31T23:59:59.861000+00:00,27
2013-02,1669977,2013-02-01T00:00:00.672000+00:00,2013-02-28T23:59:54.319000+00:00,24
2013-03,1726096,2013-03-01T00:00:00.620000+00:00,2013-03-31T23:59:53.599000+00:00,26
2013-04,1768708,2013-04-01T00:00:17.337000+00:00,2013-04-30T23:59:53.730000+00:00,26
2013-05,1749177,2013-05-01T00:00:04.468000+00:00,2013-05-31T20:59:50.264000+00:00,27
2013-06,1715165,2013-06-02T21:01:38.523000+00:00,2013-06-30T23:59:50.134000+00:00,25
2013-07,1754769,2013-07-01T00:00:00.235000+00:00,2013-07-31T23:59:57.341000+00:00,27
2013-08,1296384,2013-08-01T00:00:01.317000+00:00,2013-08-30T20:59:59.288000+00:00,26
2013-09,1226673,2013-09-01T21:01:35.919000+00:00,2013-09-30T23:59:49.592000+00:00,26
2013-10,1327282,2013-10-01T00:00:00.904000+00:00,2013-10-31T23:59:58.293000+00:00,27
2013-11,1312250,2013-11-01T00:00:01.905000+00:00,2013-11-29T21:59:49.328000+00:00,25
2013-12,1283371,2013-12-01T22:00:01.591000+00:00,2013-12-31T22:00:00.625000+00:00,27
2014-01,1454724,2014-01-01T22:00:58.616000+00:00,2014-01-31T21:59:57.157000+00:00,27
2014-02,1100516,2014-02-02T22:00:00.399000+00:00,2014-02-28T21:59:59.741000+00:00,24
2014-03,1014962,2014-03-02T22:00:01.103000+00:00,2014-03-31T23:59:57.496000+00:00,26
2014-04,923335,2014-04-01T00:00:20.395000+00:00,2014-04-30T23:59:58.641000+00:00,26
2014-05,1198416,2014-05-01T00:00:00.630000+00:00,2014-05-30T20:59:52.555000+00:00,26
2014-06,1377147,2014-06-01T21:00:14.724000+00:00,2014-06-30T23:59:56.663000+00:00,26
2014-07,1156964,2014-07-01T00:00:01.305000+00:00,2014-07-31T23:59:58.760000+00:00,27
2014-08,1122840,2014-08-01T00:00:00.436000+00:00,2014-08-31T23:59:59.746000+00:00,26
2014-09,1769196,2014-09-01T00:00:00.391000+00:00,2014-09-30T23:59:59.373000+00:00,26
2014-10,2239353,2014-10-01T00:00:00.176000+00:00,2014-10-31T20:59:59.926000+00:00,27
2014-11,1863250,2014-11-02T22:00:01.996000+00:00,2014-11-30T23:59:58.808000+00:00,25
2014-12,1684537,2014-12-01T00:00:00.548000+00:00,2014-12-31T22:00:00.547000+00:00,27
2015-01,2033272,2015-01-01T22:00:01.413000+00:00,2015-01-30T21:59:54.471000+00:00,26
2015-02,1615536,2015-02-01T22:00:04.906000+00:00,2015-02-27T21:59:59.179000+00:00,24
2015-03,2218340,2015-03-01T22:00:19.053000+00:00,2015-03-31T23:59:59.435000+00:00,27
2015-04,2296365,2015-04-01T00:00:00.253000+00:00,2015-04-30T23:59:55.815000+00:00,26
2015-05,2143097,2015-05-01T00:00:00.126000+00:00,2015-05-31T23:59:58.499000+00:00,26
2015-06,2278998,2015-06-01T00:00:01.113000+00:00,2015-06-30T23:59:55.188000+00:00,26
2015-07,2079650,2015-07-01T00:00:00.050000+00:00,2015-07-31T20:59:56.386000+00:00,27
2015-08,1955166,2015-08-02T21:00:02.433000+00:00,2015-08-31T23:59:53.902000+00:00,26
2015-09,2010624,2015-09-01T00:00:00.016000+00:00,2015-09-30T23:59:58.242000+00:00,26
2015-10,1866264,2015-10-01T00:00:02.087000+00:00,2015-10-30T20:59:58.053000+00:00,26
2015-11,1779331,2015-11-01T22:00:00.227000+00:00,2015-11-30T23:59:51.362000+00:00,26
2015-12,1955359,2015-12-01T00:00:00.187000+00:00,2015-12-31T21:59:51.734000+00:00,27
2016-01,2203624,2016-01-03T22:00:01.446000+00:00,2016-01-31T23:59:59.429000+00:00,25
2016-02,2906011,2016-02-01T00:00:00.728000+00:00,2016-02-29T23:59:58.926000+00:00,25
2016-03,2673080,2016-03-01T00:00:00.290000+00:00,2016-03-31T23:59:51.216000+00:00,27
2016-04,1954992,2016-04-01T00:00:00.220000+00:00,2016-04-29T20:59:13.205000+00:00,25
2016-05,1822524,2016-05-01T21:00:11.829000+00:00,2016-05-31T23:59:59.744000+00:00,27
2016-06,2254375,2016-06-01T00:00:00.402000+00:00,2016-06-30T23:59:59.903000+00:00,26
2016-07,4201709,2016-07-01T00:00:00.259000+00:00,2016-07-31T23:59:59.851000+00:00,26
2016-08,7691127,2016-08-01T00:00:00.108000+00:00,2016-08-31T23:59:58.926000+00:00,27
2016-09,8956960,2016-09-01T00:00:00.077000+00:00,2016-09-30T20:59:59.046000+00:00,26
2016-10,6039068,2016-10-02T21:00:05.470000+00:00,2016-10-31T23:59:42.479000+00:00,26
2016-11,2217336,2016-11-01T00:00:00.049000+00:00,2016-11-30T23:59:58.644000+00:00,26
2016-12,1904955,2016-12-01T00:00:00.156000+00:00,2016-12-30T21:59:56.230000+00:00,26
2017-01,2188007,2017-01-01T22:00:20.786000+00:00,2017-01-31T23:59:53.808000+00:00,27
2017-02,1717211,2017-02-01T00:00:00.623000+00:00,2017-02-28T23:59:55.547000+00:00,24
2017-03,1958022,2017-03-01T00:00:00.241000+00:00,2017-03-31T20:59:56.707000+00:00,27
2017-04,1298295,2017-04-02T21:00:34.289000+00:00,2017-04-30T23:59:03.898000+00:00,25
2017-05,1677133,2017-05-01T00:00:02.851000+00:00,2017-05-31T23:59:59.724000+00:00,27
2017-06,1729147,2017-06-01T00:00:00.132000+00:00,2017-06-30T20:59:56.643000+00:00,26
2017-07,1854513,2017-07-02T21:00:14.575000+00:00,2017-07-31T23:59:59.959000+00:00,26
2017-08,2082167,2017-08-01T00:00:00.470000+00:00,2017-08-31T23:59:59.099000+00:00,27
2017-09,2075625,2017-09-01T00:00:00.191000+00:00,2017-09-29T20:59:56.618000+00:00,25
2017-10,1795739,2017-10-01T21:00:06.101000+00:00,2017-10-31T23:59:12.569000+00:00,27
2017-11,1698014,2017-11-01T00:00:00.357000+00:00,2017-11-30T23:59:55.097000+00:00,26
2017-12,1595528,2017-12-01T00:00:00.175000+00:00,2017-12-29T21:59:42.990000+00:00,25
2018-01,2305384,2018-01-01T22:00:08.661000+00:00,2018-01-31T23:59:47.019000+00:00,27
2018-02,2303292,2018-02-01T00:00:00.061000+00:00,2018-02-28T23:59:58.929000+00:00,24
2018-03,2118104,2018-03-01T00:00:00.185000+00:00,2018-03-30T20:59:55.773000+00:00,26
2018-04,1901402,2018-04-01T21:00:18.456000+00:00,2018-04-30T23:59:59.599000+00:00,26
2018-05,2353105,2018-05-01T00:00:00.129000+00:00,2018-05-31T23:59:59.903000+00:00,27
2018-06,474506,2018-06-04T00:00:00.485000+00:00,2018-06-08T20:59:56.794000+00:00,5
2018-07,2133821,2018-07-01T21:00:16.014000+00:00,2018-07-31T23:59:57.465000+00:00,27
2018-08,2102825,2018-08-01T00:00:00.042000+00:00,2018-08-31T20:59:57.280000+00:00,27
2018-09,1728616,2018-09-02T21:00:04.803000+00:00,2018-09-30T23:59:59.225000+00:00,25
2018-10,2209121,2018-10-01T00:00:00.205000+00:00,2018-10-31T23:59:59.448000+00:00,27
2018-11,2173445,2018-11-01T00:00:00.222000+00:00,2018-11-30T21:59:55.708000+00:00,26
2018-12,2538134,2018-12-02T22:00:01.940000+00:00,2018-12-31T22:00:03.048000+00:00,26
