TRADE_ID,DATE,SIDE,REFERENCE_ENTRY,PAPER_ENTRY,ENTRY_DELTA,REFERENCE_EXIT,PAPER_EXIT,EXIT_DELTA,REFERENCE_REASON,PAPER_REASON,PNL_REFERENCE,PNL_PAPER,PNL_DELTA,DELTA_CLASS
O01-0000,2020-02-04,LONG,9228.75,9229.25,0.5,9340.75,9340.75,0.0,EOD,EOD,110.0,110.5,0.5,EOD
O01-0001,2020-02-05,LONG,9398.0,9398.0,0.0,9379.25,9397.25,18.0,STOP,STOP,-20.0,-1.75,18.25,STOP
O01-0002,2020-02-13,SHORT,9567.5,9567.25,-0.25,9578.75,9578.75,0.0,STOP,STOP,-12.5,-12.5,0.0,STOP
O01-0003,2020-02-24,SHORT,9164.25,9164.0,-0.25,9177.5,9174.5,-3.0,STOP,STOP,-14.5,-11.5,3.0,STOP
O01-0004,2020-03-04,LONG,8700.5,8701.75,1.25,8687.0,8686.75,-0.25,STOP,STOP,-16.0,-16.0,0.0,STOP
O01-0005,2020-03-05,SHORT,8769.25,8769.0,-0.25,8781.75,8781.75,0.0,STOP,STOP,-13.75,-13.75,0.0,STOP
O01-0006,2020-03-09,SHORT,,,,,,,,,-132.5,,,MISSING_QUOTE
O01-0007,2020-03-10,LONG,8169.75,8170.25,0.5,8156.25,8154.75,-1.5,STOP,STOP,-15.75,-16.5,-0.75,STOP
O01-0008,2020-03-12,SHORT,,,,,,,,,-75.0,,,MISSING_QUOTE
O01-0009,2020-03-13,LONG,7570.5,7570.5,0.0,7566.0,7568.5,2.5,STOP,STOP,-7.0,-3.0,4.0,STOP
O01-0010,2020-03-18,SHORT,7107.0,7106.5,-0.5,7183.75,7188.0,4.25,STOP,STOP,-82.5,-82.5,0.0,STOP
O01-0011,2020-03-24,LONG,7371.25,7372.0,0.75,7333.75,7333.75,0.0,STOP,STOP,-40.75,-39.25,1.5,STOP
O01-0012,2020-04-06,LONG,7764.75,7765.25,0.5,8053.5,8053.25,-0.25,EOD,EOD,286.25,287.0,0.75,EOD
O01-0013,2020-06-11,SHORT,9890.0,9890.25,0.25,9954.5,9955.0,0.5,STOP,STOP,-65.75,-65.75,0.0,STOP
O01-0014,2020-06-12,LONG,9807.0,9807.0,0.0,9776.0,9775.25,-0.75,STOP,STOP,-32.75,-32.75,0.0,STOP
O01-0015,2020-06-15,SHORT,9554.25,9553.5,-0.75,9570.5,9572.5,2.0,STOP,STOP,-20.0,-20.0,0.0,STOP
O01-0016,2020-07-06,LONG,10479.75,10480.0,0.25,10591.5,10591.75,0.25,EOD,EOD,110.25,110.75,0.5,EOD
O01-0017,2020-07-16,SHORT,10592.25,10592.0,-0.25,10599.0,10599.0,0.0,STOP,STOP,-8.0,-8.0,0.0,STOP
O01-0018,2020-07-24,SHORT,10336.25,10336.0,-0.25,10432.25,10433.75,1.5,STOP,STOP,-98.75,-98.75,0.0,STOP
O01-0019,2020-07-30,SHORT,10598.5,10597.75,-0.75,10617.5,10620.0,2.5,STOP,STOP,-23.25,-23.25,0.0,STOP
O01-0020,2020-08-24,LONG,11714.25,11714.0,-0.25,11681.75,11680.0,-1.75,STOP,STOP,-35.0,-35.0,0.0,STOP
O01-0021,2020-09-02,LONG,12372.25,12372.25,0.0,12368.25,12368.25,0.0,STOP,STOP,-5.0,-5.0,0.0,STOP
O01-0022,2020-09-07,SHORT,11476.25,11474.75,-1.5,11482.75,11482.75,0.0,STOP,STOP,-12.0,-9.0,3.0,STOP
O01-0023,2020-09-09,LONG,11221.5,11222.0,0.5,11207.5,11207.5,0.0,STOP,STOP,-18.5,-15.5,3.0,STOP
O01-0024,2020-09-21,SHORT,10733.75,10733.0,-0.75,10812.0,10813.75,1.75,STOP,STOP,-81.75,-81.75,0.0,STOP
O01-0025,2020-10-02,SHORT,11414.25,11414.0,-0.25,11420.5,11422.75,2.25,STOP,STOP,-9.75,-9.75,0.0,STOP
O01-0026,2020-10-15,SHORT,11820.0,11819.5,-0.5,11852.75,11842.0,-10.75,STOP,STOP,-34.75,-23.5,11.25,STOP
O01-0027,2020-10-26,SHORT,11644.5,11644.5,0.0,11649.0,11649.0,0.0,STOP,STOP,-5.75,-5.5,0.25,STOP
O01-0028,2020-11-05,LONG,12044.25,12044.75,0.5,12066.5,12066.5,0.0,EOD,EOD,20.0,20.75,0.75,EOD
O01-0029,2020-12-15,LONG,12559.0,12559.0,0.0,12534.0,12534.0,0.0,STOP,STOP,-26.0,-26.0,0.0,STOP
O01-0030,2020-12-28,LONG,12808.25,12808.25,0.0,12788.75,12787.0,-1.75,STOP,STOP,-22.25,-22.25,0.0,STOP
O01-0031,2021-01-06,SHORT,12616.25,12615.75,-0.5,12626.0,12628.75,2.75,STOP,STOP,-14.0,-14.0,0.0,STOP
O01-0032,2021-01-25,LONG,13544.5,13544.75,0.25,13496.0,13496.0,0.0,STOP,STOP,-49.75,-49.75,0.0,STOP
O01-0033,2021-02-01,LONG,13081.25,13081.75,0.5,13047.25,13045.25,-2.0,STOP,STOP,-37.5,-37.5,0.0,STOP
O01-0034,2021-02-02,LONG,13390.0,13390.0,0.0,13448.5,13448.75,0.25,EOD,EOD,56.75,57.75,1.0,EOD
O01-0035,2021-02-22,SHORT,13404.0,13404.0,0.0,13424.75,13425.0,0.25,STOP,STOP,-22.0,-22.0,0.0,STOP
O01-0036,2021-03-01,LONG,13051.75,13052.25,0.5,13274.25,13274.5,0.25,EOD,EOD,220.75,221.25,0.5,EOD
O01-0037,2021-03-09,LONG,12633.5,12633.5,0.0,12787.0,12588.75,-198.25,EOD,STOP,152.25,-45.75,-198.0,STOP
O01-0038,2021-03-11,LONG,12982.75,12983.25,0.5,12939.5,12941.5,2.0,STOP,STOP,-44.75,-42.75,2.0,STOP
O01-0039,2021-03-12,SHORT,12805.5,12805.25,-0.25,12873.75,12876.0,2.25,STOP,STOP,-71.75,-71.75,0.0,STOP
O01-0040,2021-03-18,SHORT,12998.25,12997.75,-0.5,12782.0,12781.75,-0.25,EOD,EOD,214.5,215.0,0.5,EOD
O01-0041,2021-04-01,LONG,13289.75,13289.75,0.0,13314.25,13314.5,0.25,EOD,EOD,23.5,23.75,0.25,EOD
O01-0042,2021-04-29,LONG,14017.0,14017.25,0.25,14011.0,14009.0,-2.0,STOP,STOP,-9.25,-9.25,0.0,STOP
O01-0043,2021-05-14,LONG,13238.75,13239.25,0.5,13214.0,13213.0,-1.0,STOP,STOP,-27.5,-27.25,0.25,STOP
O01-0044,2021-05-19,SHORT,13006.75,13006.25,-0.5,13059.25,13052.0,-7.25,STOP,STOP,-54.25,-46.75,7.5,STOP
O01-0045,2021-07-07,LONG,14834.5,14835.25,0.75,14817.5,14814.5,-3.0,STOP,STOP,-21.75,-21.75,0.0,STOP
O01-0046,2021-09-10,LONG,15661.5,15662.0,0.5,15637.25,15637.0,-0.25,STOP,STOP,-26.0,-26.0,0.0,STOP
O01-0047,2021-09-13,LONG,15486.0,15486.25,0.25,15457.5,15483.75,26.25,STOP,STOP,-30.25,-3.5,26.75,STOP
O01-0048,2021-09-24,SHORT,15222.75,15222.25,-0.5,15242.75,15244.25,1.5,STOP,STOP,-23.0,-23.0,0.0,STOP
O01-0049,2021-09-28,SHORT,14969.75,14969.0,-0.75,14764.25,14763.5,-0.75,EOD,EOD,203.75,204.5,0.75,EOD
O01-0050,2021-10-06,SHORT,14609.5,14609.75,0.25,14630.5,14616.5,-14.0,STOP,STOP,-22.25,-7.75,14.5,STOP
O01-0051,2021-10-07,LONG,14916.75,14917.25,0.5,14886.5,14886.75,0.25,EOD,EOD,-32.0,-31.5,0.5,EOD
O01-0052,2021-10-14,LONG,14912.5,14912.25,-0.25,15037.0,15037.0,0.0,EOD,EOD,123.25,123.75,0.5,EOD
O01-0053,2021-11-18,LONG,16382.5,16383.0,0.5,16353.25,16352.0,-1.25,STOP,STOP,-32.0,-32.0,0.0,STOP
O01-0054,2021-11-26,SHORT,16261.75,16261.25,-0.5,16043.5,,,EOD,,216.75,,,EOD
O01-0055,2021-11-29,LONG,,,,,,,,,-52.25,,,MISSING_QUOTE
O01-0056,2021-12-01,LONG,16287.25,16288.5,1.25,16270.5,16268.0,-2.5,STOP,STOP,-21.5,-21.5,0.0,STOP
O01-0057,2021-12-07,LONG,16141.5,16142.0,0.5,16321.5,16321.25,-0.25,EOD,EOD,177.5,178.25,0.75,EOD
O01-0058,2021-12-20,SHORT,15630.25,15630.0,-0.25,15635.0,15636.25,1.25,STOP,STOP,-6.5,-7.25,-0.75,STOP
O01-0059,2022-01-18,SHORT,15294.0,15294.0,0.0,15372.75,15372.75,0.0,STOP,STOP,-83.75,-79.75,4.0,STOP
O01-0060,2022-01-26,LONG,14398.5,14398.5,0.0,14369.0,14382.0,13.0,STOP,STOP,-31.25,-17.5,13.75,STOP
O01-0061,2022-02-15,LONG,14496.25,14497.25,1.0,14446.5,14446.0,-0.5,STOP,STOP,-52.25,-52.25,0.0,STOP
O01-0062,2022-02-24,SHORT,13302.75,13302.75,0.0,13305.0,13306.25,1.25,STOP,STOP,-4.5,-4.5,0.0,STOP
O01-0063,2022-03-09,LONG,13586.25,13586.25,0.0,13524.75,13522.75,-2.0,STOP,STOP,-64.5,-64.5,0.0,STOP
O01-0064,2022-03-16,LONG,13680.25,13680.25,0.0,13612.25,13611.75,-0.5,STOP,STOP,-69.5,-69.5,0.0,STOP
O01-0065,2022-04-21,LONG,14259.75,14259.75,0.0,14164.5,14160.5,-4.0,STOP,STOP,-100.25,-100.25,0.0,STOP
O01-0066,2022-05-13,LONG,12124.0,12123.75,-0.25,12384.5,12385.0,0.5,EOD,EOD,259.5,260.25,0.75,EOD
O01-0067,2022-05-20,LONG,11996.5,11996.5,0.0,11945.25,11942.75,-2.5,STOP,STOP,-54.75,-54.75,0.0,STOP
O01-0068,2022-06-06,LONG,12718.25,12718.0,-0.25,12692.25,12688.25,-4.0,STOP,STOP,-30.75,-30.75,0.0,STOP
O01-0069,2022-06-13,SHORT,11498.75,11497.75,-1.0,11294.5,11294.5,0.0,EOD,EOD,200.5,202.25,1.75,EOD
O01-0070,2022-06-16,SHORT,11286.25,11285.5,-0.75,11166.0,11165.75,-0.25,EOD,EOD,117.75,118.75,1.0,EOD
O01-0071,2022-07-27,LONG,12344.75,12344.75,0.0,12615.5,12615.75,0.25,EOD,EOD,269.5,270.0,0.5,EOD
O01-0072,2022-08-22,SHORT,13033.0,13032.5,-0.5,12916.25,12916.0,-0.25,EOD,EOD,115.0,115.5,0.5,EOD
O01-0073,2022-09-09,LONG,12464.25,12464.25,0.0,12589.75,12590.0,0.25,EOD,EOD,124.25,124.75,0.5,EOD
O01-0074,2022-09-27,LONG,11550.75,11550.5,-0.25,11461.0,11457.75,-3.25,STOP,STOP,-93.75,-93.75,0.0,STOP
O01-0075,2022-10-04,LONG,11572.0,11572.0,0.0,11643.75,11644.25,0.5,EOD,EOD,70.5,71.25,0.75,EOD
O01-0076,2022-12-15,SHORT,11649.5,11649.0,-0.5,11460.5,11460.0,-0.5,EOD,EOD,187.5,188.0,0.5,EOD
O01-0077,2023-01-25,SHORT,11699.0,11698.5,-0.5,11712.75,11713.0,0.25,STOP,STOP,-15.5,-15.5,0.0,STOP
O01-0078,2023-01-30,SHORT,12094.0,12093.5,-0.5,12110.75,12112.5,1.75,STOP,STOP,-20.0,-20.0,0.0,STOP
O01-0079,2023-02-09,LONG,12685.0,12684.75,-0.25,12639.25,12665.5,26.25,STOP,STOP,-46.5,-20.25,26.25,STOP
O01-0080,2023-03-23,LONG,12862.5,12862.5,0.0,12853.5,12853.25,-0.25,STOP,STOP,-11.75,-10.25,1.5,STOP
O01-0081,2023-03-29,LONG,12906.5,12906.5,0.0,12881.0,12879.75,-1.25,STOP,STOP,-27.75,-27.75,0.0,STOP
O01-0082,2023-04-20,SHORT,13087.0,13086.75,-0.25,13109.75,13099.5,-10.25,STOP,STOP,-24.25,-13.75,10.5,STOP
O01-0083,2023-06-14,LONG,15069.25,15069.25,0.0,15052.5,15050.5,-2.0,STOP,STOP,-19.75,-19.75,0.0,STOP
O01-0084,2023-07-13,LONG,15602.25,15602.75,0.5,15706.0,15706.0,0.0,EOD,EOD,102.0,102.25,0.25,EOD
O01-0085,2023-07-27,LONG,15875.5,15875.5,0.0,15823.0,15820.75,-2.25,STOP,STOP,-55.75,-55.75,0.0,STOP
O01-0086,2023-08-22,LONG,15037.0,15037.0,0.0,15032.25,15031.0,-1.25,STOP,STOP,-6.5,-7.0,-0.5,STOP
O01-0087,2023-09-26,SHORT,14837.5,14837.0,-0.5,14708.75,14708.75,0.0,EOD,EOD,126.75,127.25,0.5,EOD
O01-0088,2023-09-29,LONG,14997.0,14997.0,0.0,14982.5,14981.5,-1.0,STOP,STOP,-15.5,-16.5,-1.0,STOP
O01-0089,2023-10-25,SHORT,14660.0,14659.75,-0.25,14476.25,14476.25,0.0,EOD,EOD,182.25,182.5,0.25,EOD
O01-0090,2023-12-13,LONG,16640.5,16640.75,0.25,16606.0,16604.5,-1.5,STOP,STOP,-37.25,-37.25,0.0,STOP
O01-0091,2024-01-19,LONG,17190.0,17190.0,0.0,17442.5,17442.5,0.0,EOD,EOD,251.25,251.5,0.25,EOD
O01-0092,2024-01-24,LONG,17638.75,17638.75,0.0,17637.5,17637.5,0.0,STOP,STOP,-2.25,-2.25,0.0,STOP
O01-0093,2024-02-22,LONG,17893.0,17893.0,0.0,18044.75,18044.75,0.0,EOD,EOD,150.5,150.75,0.25,EOD
O01-0094,2024-03-13,LONG,18390.25,18390.25,0.0,18370.5,18377.25,6.75,STOP,STOP,-21.25,-14.0,7.25,STOP
O01-0095,2024-04-15,LONG,18291.25,18291.25,0.0,18260.75,18258.5,-2.25,STOP,STOP,-33.75,-33.75,0.0,STOP
O01-0096,2024-05-02,LONG,17531.0,17531.0,0.0,17518.0,17517.25,-0.75,STOP,STOP,-14.25,-14.75,-0.5,STOP
O01-0097,2024-06-19,LONG,20241.75,20241.75,0.0,20235.25,20235.25,0.0,STOP,STOP,-7.5,-7.5,0.0,STOP
O01-0098,2024-07-17,SHORT,20237.25,20236.5,-0.75,19992.0,19992.0,0.0,EOD,EOD,243.0,243.5,0.5,EOD
O01-0099,2024-07-26,LONG,19130.25,19130.25,0.0,19088.25,19086.0,-2.25,STOP,STOP,-45.0,-45.25,-0.25,STOP
O01-0100,2024-07-31,LONG,19361.75,19361.75,0.0,19496.5,19497.5,1.0,EOD,EOD,133.75,134.75,1.0,EOD
O01-0101,2024-09-09,LONG,18659.25,18659.75,0.5,18604.75,18599.5,-5.25,STOP,STOP,-61.25,-61.25,0.0,STOP
O01-0102,2024-09-17,LONG,19545.0,19545.0,0.0,19522.5,19520.0,-2.5,STOP,STOP,-26.0,-26.0,0.0,STOP
O01-0103,2024-09-18,LONG,19679.25,19679.75,0.5,19669.25,19668.75,-0.5,STOP,STOP,-12.0,-12.0,0.0,STOP
O01-0104,2024-09-19,LONG,20050.75,20050.75,0.0,20003.75,19992.75,-11.0,STOP,STOP,-59.0,-59.0,0.0,STOP
O01-0105,2024-09-26,LONG,20445.5,20446.0,0.5,20424.0,20424.0,0.0,STOP,STOP,-23.0,-23.0,0.0,STOP
O01-0106,2024-10-17,LONG,20433.0,20433.5,0.5,20402.75,20394.25,-8.5,STOP,STOP,-40.25,-40.25,0.0,STOP
O01-0107,2024-10-24,LONG,20348.25,20348.25,0.0,20311.75,20309.75,-2.0,STOP,STOP,-39.5,-39.5,0.0,STOP
O01-0108,2024-11-06,LONG,20793.0,20793.5,0.5,20670.0,20663.0,-7.0,STOP,STOP,-131.5,-131.5,0.0,STOP
O01-0109,2024-11-15,SHORT,20699.5,20699.5,0.0,20491.75,20491.5,-0.25,EOD,EOD,206.5,207.0,0.5,EOD
O01-0110,2024-12-19,LONG,21611.75,21611.5,-0.25,21568.0,21566.0,-2.0,STOP,STOP,-46.5,-46.5,0.0,STOP
O01-0111,2025-01-13,SHORT,20725.25,20725.25,0.0,20785.5,20787.75,2.25,STOP,STOP,-63.5,-63.5,0.0,STOP
O01-0112,2025-02-03,SHORT,21307.0,21307.0,0.0,21314.5,21324.5,10.0,STOP,STOP,-18.5,-18.5,0.0,STOP
O01-0113,2025-02-27,LONG,21308.0,21308.75,0.75,21192.25,21299.75,107.5,STOP,STOP,-117.5,-10.0,107.5,STOP
O01-0114,2025-04-10,SHORT,18796.25,18794.25,-2.0,18483.0,18483.0,0.0,EOD,EOD,310.0,310.25,0.25,EOD
O01-0115,2025-04-22,LONG,18152.75,18153.5,0.75,18380.0,18380.0,0.0,EOD,EOD,225.25,225.5,0.25,EOD
O01-0116,2025-05-01,LONG,19910.75,19911.5,0.75,19903.0,19902.75,-0.25,STOP,STOP,-9.5,-9.75,-0.25,STOP
O01-0117,2025-05-12,LONG,20786.75,20786.75,0.0,20766.75,20756.0,-10.75,STOP,STOP,-22.25,-31.75,-9.5,STOP
O01-0118,2025-05-19,SHORT,21304.5,21304.5,0.0,21332.25,21313.75,-18.5,STOP,STOP,-29.25,-10.25,19.0,STOP
O01-0119,2025-05-26,LONG,21298.5,21298.25,-0.25,21258.75,21258.75,0.0,STOP,STOP,-40.5,-40.5,0.0,STOP
O01-0120,2025-06-13,SHORT,21782.75,21782.0,-0.75,21788.0,21792.0,4.0,STOP,STOP,-11.0,-11.0,0.0,STOP
O01-0121,2025-06-18,LONG,21962.5,21962.75,0.25,21926.25,21919.75,-6.5,STOP,STOP,-44.0,-44.0,0.0,STOP
O01-0122,2025-06-24,LONG,22301.0,22301.0,0.0,22405.5,22406.0,0.5,EOD,EOD,103.25,104.0,0.75,EOD
O01-0123,2025-07-04,SHORT,22897.0,22897.0,0.0,22924.25,22924.25,0.0,STOP,STOP,-28.25,-28.25,0.0,STOP
O01-0124,2025-07-29,LONG,23646.0,23646.0,0.0,23592.0,23590.0,-2.0,STOP,STOP,-57.0,-57.0,0.0,STOP
O01-0125,2025-08-01,SHORT,22991.25,22991.75,0.5,23026.5,23026.0,-0.5,TRAIL,TRAIL,-35.75,-35.25,0.5,TRAIL
O01-0126,2025-08-04,LONG,23159.0,23159.75,0.75,23296.75,23297.25,0.5,EOD,EOD,136.0,136.5,0.5,EOD
O01-0127,2025-09-18,LONG,24668.5,24668.5,0.0,24624.75,24653.5,28.75,STOP,STOP,-45.0,-16.0,29.0,STOP
O01-0128,2025-10-13,LONG,24758.25,24759.0,0.75,24920.5,24920.75,0.25,EOD,EOD,160.5,160.75,0.25,EOD
O01-0129,2025-10-14,SHORT,24509.25,24509.0,-0.25,24641.5,24652.0,10.5,STOP,STOP,-144.0,-144.0,0.0,STOP
O01-0130,2025-10-15,LONG,24935.0,24934.5,-0.5,24926.75,24926.5,-0.25,STOP,STOP,-10.25,-9.0,1.25,STOP
O01-0131,2025-11-04,SHORT,25688.75,25688.25,-0.5,25774.75,25757.25,-17.5,STOP,STOP,-88.25,-70.0,18.25,STOP
O01-0132,2025-11-10,LONG,25611.25,25611.75,0.5,25525.25,25523.0,-2.25,STOP,STOP,-89.75,-89.75,0.0,STOP
