TRADE_ID,DATE,SIDE,R0,L1_BASE_NET,L1_BASE_GROSS,ENTRY_SPREAD,EXIT_SPREAD,BBO_ENTRY,BBO_EXIT,FLAG,AMBIGUITY,ENTRY_DELTA,EXIT_DELTA,L1_CONSERVATIVE_NET,L1_CONSERVATIVE_GROSS,L1_STRESS_NET,L1_STRESS_GROSS
O01-0000,2020-02-04,LONG,1.75,110.0,111.0,0.25,0.5,9229.25,9340.25,OK,,0.5,0.5,109.5,110.5,107.5,110.0
O01-0001,2020-02-05,LONG,0.5,-20.0,-19.0,0.25,0.5,9398.0,9379.0,OK,,0.0,0.25,-20.5,-19.5,-22.5,-20.0
O01-0002,2020-02-13,SHORT,11.25,-12.5,-11.5,0.25,0.25,9567.25,9578.75,OK,,0.25,0.0,-13.0,-12.0,-15.0,-12.5
O01-0003,2020-02-24,SHORT,9.75,-14.5,-13.5,0.5,0.5,9164.0,9177.5,OK,,0.25,0.0,-15.0,-14.0,-17.0,-14.5
O01-0004,2020-03-04,LONG,13.5,-16.0,-15.0,0.5,0.75,8701.75,8686.75,OK,,1.25,0.25,-16.5,-15.5,-18.5,-16.0
O01-0005,2020-03-05,SHORT,12.5,-13.75,-12.75,0.5,0.5,8769.0,8781.75,OK,,0.25,0.0,-14.25,-13.25,-16.25,-13.75
O01-0006,2020-03-09,SHORT,144.75,-132.5,-131.5,-51.5,9.25,7852.5,7984.0,AMBIGUOUS:NO_QUOTE_60S_ENTRY,NO_QUOTE_60S_ENTRY,23.75,10.5,-133.0,-132.0,-135.0,-132.5
O01-0007,2020-03-10,LONG,13.5,-15.75,-14.75,0.5,0.5,8170.25,8155.5,OK,,0.5,0.75,-16.25,-15.25,-18.25,-15.75
O01-0008,2020-03-12,SHORT,90.5,-75.0,-74.0,-45.0,1.75,7450.0,7524.0,OK,,20.5,4.0,-75.5,-74.5,-77.5,-75.0
O01-0009,2020-03-13,LONG,1.5,-7.0,-6.0,1.25,1.5,7570.5,7564.5,OK,,0.0,1.5,-7.5,-6.5,-9.5,-7.0
O01-0010,2020-03-18,SHORT,76.75,-82.5,-81.5,2.25,1.0,7106.5,7188.0,OK,,0.5,4.25,-83.0,-82.0,-85.0,-82.5
O01-0011,2020-03-24,LONG,37.5,-40.75,-39.75,0.75,1.0,7372.0,7332.25,OK,,0.75,1.5,-41.25,-40.25,-43.25,-40.75
O01-0012,2020-04-06,LONG,14.75,286.25,287.25,1.0,0.75,7765.25,8052.5,OK,,0.5,1.0,285.75,286.75,283.75,286.25
O01-0013,2020-06-11,SHORT,64.5,-65.75,-64.75,0.5,0.25,9890.25,9955.0,OK,,0.25,0.5,-66.25,-65.25,-68.25,-65.75
O01-0014,2020-06-12,LONG,31.0,-32.75,-31.75,0.75,0.75,9807.0,9775.25,OK,,0.0,0.75,-33.25,-32.25,-35.25,-32.75
O01-0015,2020-06-15,SHORT,16.25,-20.0,-19.0,1.0,1.5,9553.5,9572.5,OK,,0.75,2.0,-20.5,-19.5,-22.5,-20.0
O01-0016,2020-07-06,LONG,9.75,110.25,111.25,0.5,0.5,10480.0,10591.25,OK,,0.25,0.25,109.75,110.75,107.75,110.25
O01-0017,2020-07-16,SHORT,6.75,-8.0,-7.0,0.5,0.5,10592.0,10599.0,OK,,0.25,0.0,-8.5,-7.5,-10.5,-8.0
O01-0018,2020-07-24,SHORT,96.0,-98.75,-97.75,0.5,0.5,10336.0,10433.75,OK,,0.25,1.5,-99.25,-98.25,-101.25,-98.75
O01-0019,2020-07-30,SHORT,19.0,-23.25,-22.25,0.75,0.5,10597.75,10620.0,OK,,0.75,2.5,-23.75,-22.75,-25.75,-23.25
O01-0020,2020-08-24,LONG,32.5,-35.0,-34.0,0.5,0.75,11714.0,11680.0,OK,,0.25,1.75,-35.5,-34.5,-37.5,-35.0
O01-0021,2020-09-02,LONG,4.0,-5.0,-4.0,0.5,0.5,12372.25,12368.25,OK,,0.0,0.0,-5.5,-4.5,-7.5,-5.0
O01-0022,2020-09-07,SHORT,6.5,-12.0,-11.0,1.5,0.75,11474.75,11485.75,OK,,1.5,3.0,-12.5,-11.5,-14.5,-12.0
O01-0023,2020-09-09,LONG,14.0,-18.5,-17.5,1.0,1.25,11222.0,11204.5,OK,,0.5,3.0,-19.0,-18.0,-21.0,-18.5
O01-0024,2020-09-21,SHORT,78.25,-81.75,-80.75,1.0,1.0,10733.0,10813.75,OK,,0.75,1.75,-82.25,-81.25,-84.25,-81.75
O01-0025,2020-10-02,SHORT,6.25,-9.75,-8.75,0.5,0.25,11414.0,11422.75,OK,,0.25,2.25,-10.25,-9.25,-12.25,-9.75
O01-0026,2020-10-15,SHORT,19.0,-34.75,-33.75,0.5,0.75,11819.5,11853.25,OK,,0.5,0.5,-35.25,-34.25,-37.25,-34.75
O01-0027,2020-10-26,SHORT,4.5,-5.75,-4.75,0.5,0.75,11644.5,11649.25,OK,,0.0,0.25,-6.25,-5.25,-8.25,-5.75
O01-0028,2020-11-05,LONG,71.5,20.0,21.0,0.5,0.75,12044.75,12065.75,OK,,0.5,0.75,19.5,20.5,17.5,20.0
O01-0029,2020-12-15,LONG,25.0,-26.0,-25.0,0.75,0.5,12559.0,12534.0,OK,,0.0,0.0,-26.5,-25.5,-28.5,-26.0
O01-0030,2020-12-28,LONG,19.5,-22.25,-21.25,0.5,0.5,12808.25,12787.0,OK,,0.0,1.75,-22.75,-21.75,-24.75,-22.25
O01-0031,2021-01-06,SHORT,9.75,-14.0,-13.0,0.75,0.75,12615.75,12628.75,OK,,0.5,2.75,-14.5,-13.5,-16.5,-14.0
O01-0032,2021-01-25,LONG,48.5,-49.75,-48.75,0.25,0.5,13544.75,13496.0,OK,,0.25,0.0,-50.25,-49.25,-52.25,-49.75
O01-0033,2021-02-01,LONG,34.0,-37.5,-36.5,0.5,0.75,13081.75,13045.25,OK,,0.5,2.0,-38.0,-37.0,-40.0,-37.5
O01-0034,2021-02-02,LONG,45.0,56.75,57.75,0.5,1.0,13390.0,13447.75,OK,,0.0,0.75,56.25,57.25,54.25,56.75
O01-0035,2021-02-22,SHORT,20.75,-22.0,-21.0,0.5,0.25,13404.0,13425.0,OK,,0.0,0.25,-22.5,-21.5,-24.5,-22.0
O01-0036,2021-03-01,LONG,11.25,220.75,221.75,0.5,0.5,13052.25,13274.0,OK,,0.5,0.25,220.25,221.25,218.25,220.75
O01-0037,2021-03-09,LONG,44.75,152.25,153.25,1.0,0.5,12633.5,12786.75,OK,,0.0,0.25,151.75,152.75,149.75,152.25
O01-0038,2021-03-11,LONG,38.75,-44.75,-43.75,0.75,0.75,12983.25,12939.5,OK,,0.5,0.0,-45.25,-44.25,-47.25,-44.75
O01-0039,2021-03-12,SHORT,68.25,-71.75,-70.75,1.0,1.0,12805.25,12876.0,OK,,0.25,2.25,-72.25,-71.25,-74.25,-71.75
O01-0040,2021-03-18,SHORT,24.0,214.5,215.5,0.75,0.5,12997.75,12782.25,OK,,0.5,0.25,214.0,215.0,212.0,214.5
O01-0041,2021-04-01,LONG,48.0,23.5,24.5,0.5,0.25,13289.75,13314.25,OK,,0.0,0.0,23.0,24.0,21.0,23.5
O01-0042,2021-04-29,LONG,6.0,-9.25,-8.25,0.25,0.5,14017.25,14009.0,OK,,0.25,2.0,-9.75,-8.75,-11.75,-9.25
O01-0043,2021-05-14,LONG,24.75,-27.5,-26.5,0.5,0.5,13239.25,13212.75,OK,,0.5,1.25,-28.0,-27.0,-30.0,-27.5
O01-0044,2021-05-19,SHORT,41.5,-54.25,-53.25,0.5,0.75,13006.25,13059.5,OK,,0.5,0.25,-54.75,-53.75,-56.75,-54.25
O01-0045,2021-07-07,LONG,17.0,-21.75,-20.75,0.75,0.25,14835.25,14814.5,OK,,0.75,3.0,-22.25,-21.25,-24.25,-21.75
O01-0046,2021-09-10,LONG,24.25,-26.0,-25.0,0.5,0.5,15662.0,15637.0,OK,,0.5,0.25,-26.5,-25.5,-28.5,-26.0
O01-0047,2021-09-13,LONG,0.75,-30.25,-29.25,0.75,0.5,15486.25,15457.0,OK,,0.25,0.5,-30.75,-29.75,-32.75,-30.25
O01-0048,2021-09-24,SHORT,20.0,-23.0,-22.0,0.5,0.25,15222.25,15244.25,OK,,0.5,1.5,-23.5,-22.5,-25.5,-23.0
O01-0049,2021-09-28,SHORT,59.25,203.75,204.75,0.75,0.75,14969.0,14764.25,OK,,0.75,0.0,203.25,204.25,201.25,203.75
O01-0050,2021-10-06,SHORT,2.25,-22.25,-21.25,0.25,0.5,14609.75,14631.0,OK,,0.25,0.5,-22.75,-21.75,-24.75,-22.25
O01-0051,2021-10-07,LONG,57.5,-32.0,-31.0,0.5,0.5,14917.25,14886.25,OK,,0.5,0.25,-32.5,-31.5,-34.5,-32.0
O01-0052,2021-10-14,LONG,22.0,123.25,124.25,0.5,0.5,14912.25,15036.5,OK,,0.25,0.5,122.75,123.75,120.75,123.25
O01-0053,2021-11-18,LONG,29.25,-32.0,-31.0,0.5,0.25,16383.0,16352.0,OK,,0.5,1.25,-32.5,-31.5,-34.5,-32.0
O01-0054,2021-11-26,SHORT,45.75,216.75,217.75,0.5,1.5,16261.25,16043.5,OK,,0.5,0.0,216.25,217.25,214.25,216.75
O01-0055,2021-11-29,LONG,51.25,-52.25,-51.25,0.5,,16261.5,16210.25,AMBIGUOUS:STOP_NEVER_TOUCHED_BBO,STOP_NEVER_TOUCHED_BBO,0.0,0.0,-52.75,-51.75,-54.75,-52.25
O01-0056,2021-12-01,LONG,16.75,-21.5,-20.5,0.75,0.5,16288.5,16268.0,OK,,1.25,2.5,-22.0,-21.0,-24.0,-21.5
O01-0057,2021-12-07,LONG,22.5,177.5,178.5,0.5,0.75,16142.0,16320.5,OK,,0.5,1.0,177.0,178.0,175.0,177.5
O01-0058,2021-12-20,SHORT,4.75,-6.5,-5.5,0.75,0.5,15630.0,15635.5,OK,,0.25,0.5,-7.0,-6.0,-9.0,-6.5
O01-0059,2022-01-18,SHORT,78.75,-83.75,-82.75,0.5,0.5,15294.0,15376.75,OK,,0.0,4.0,-84.25,-83.25,-86.25,-83.75
O01-0060,2022-01-26,LONG,15.5,-31.25,-30.25,1.25,0.75,14398.5,14368.25,OK,,0.0,0.75,-31.75,-30.75,-33.75,-31.25
O01-0061,2022-02-15,LONG,49.75,-52.25,-51.25,1.0,0.75,14497.25,14446.0,OK,,1.0,0.5,-52.75,-51.75,-54.75,-52.25
O01-0062,2022-02-24,SHORT,2.25,-4.5,-3.5,0.25,0.75,13302.75,13306.25,OK,,0.0,1.25,-5.0,-4.0,-7.0,-4.5
O01-0063,2022-03-09,LONG,61.5,-64.5,-63.5,0.75,0.5,13586.25,13522.75,OK,,0.0,2.0,-65.0,-64.0,-67.0,-64.5
O01-0064,2022-03-16,LONG,68.0,-69.5,-68.5,1.0,0.75,13680.25,13611.75,OK,,0.0,0.5,-70.0,-69.0,-72.0,-69.5
O01-0065,2022-04-21,LONG,95.25,-100.25,-99.25,0.5,0.75,14259.75,14160.5,OK,,0.0,4.0,-100.75,-99.75,-102.75,-100.25
O01-0066,2022-05-13,LONG,59.25,259.5,260.5,0.75,0.75,12123.75,12384.25,OK,,0.25,0.25,259.0,260.0,257.0,259.5
O01-0067,2022-05-20,LONG,51.25,-54.75,-53.75,1.0,0.5,11996.5,11942.75,OK,,0.0,2.5,-55.25,-54.25,-57.25,-54.75
O01-0068,2022-06-06,LONG,26.0,-30.75,-29.75,0.75,0.5,12718.0,12688.25,OK,,0.25,4.0,-31.25,-30.25,-33.25,-30.75
O01-0069,2022-06-13,SHORT,76.5,200.5,201.5,0.75,1.75,11497.75,11296.25,OK,,1.0,1.75,200.0,201.0,198.0,200.5
O01-0070,2022-06-16,SHORT,63.5,117.75,118.75,0.75,1.0,11285.5,11166.75,OK,,0.75,0.75,117.25,118.25,115.25,117.75
O01-0071,2022-07-27,LONG,68.25,269.5,270.5,0.75,0.5,12344.75,12615.25,OK,,0.0,0.25,269.0,270.0,267.0,269.5
O01-0072,2022-08-22,SHORT,59.25,115.0,116.0,0.5,0.5,13032.5,12916.5,OK,,0.5,0.25,114.5,115.5,112.5,115.0
O01-0073,2022-09-09,LONG,48.75,124.25,125.25,0.5,0.5,12464.25,12589.5,OK,,0.0,0.25,123.75,124.75,121.75,124.25
O01-0074,2022-09-27,LONG,89.75,-93.75,-92.75,0.5,0.75,11550.5,11457.75,OK,,0.25,3.25,-94.25,-93.25,-96.25,-93.75
O01-0075,2022-10-04,LONG,57.75,70.5,71.5,0.5,0.75,11572.0,11643.5,OK,,0.0,0.25,70.0,71.0,68.0,70.5
O01-0076,2022-12-15,SHORT,66.0,187.5,188.5,0.5,0.5,11649.0,11460.5,OK,,0.5,0.0,187.0,188.0,185.0,187.5
O01-0077,2023-01-25,SHORT,13.75,-15.5,-14.5,0.5,0.25,11698.5,11713.0,OK,,0.5,0.25,-16.0,-15.0,-18.0,-15.5
O01-0078,2023-01-30,SHORT,16.75,-20.0,-19.0,0.5,0.5,12093.5,12112.5,OK,,0.5,1.75,-20.5,-19.5,-22.5,-20.0
O01-0079,2023-02-09,LONG,18.25,-46.5,-45.5,0.5,0.5,12684.75,12639.25,OK,,0.25,0.0,-47.0,-46.0,-49.0,-46.5
O01-0080,2023-03-23,LONG,9.0,-11.75,-10.75,0.5,0.75,12862.5,12851.75,OK,,0.0,1.75,-12.25,-11.25,-14.25,-11.75
O01-0081,2023-03-29,LONG,25.5,-27.75,-26.75,0.5,0.5,12906.5,12879.75,OK,,0.0,1.25,-28.25,-27.25,-30.25,-27.75
O01-0082,2023-04-20,SHORT,9.75,-24.25,-23.25,0.25,0.25,13086.75,13110.0,OK,,0.25,0.25,-24.75,-23.75,-26.75,-24.25
O01-0083,2023-06-14,LONG,16.75,-19.75,-18.75,0.5,0.75,15069.25,15050.5,OK,,0.0,2.0,-20.25,-19.25,-22.25,-19.75
O01-0084,2023-07-13,LONG,50.0,102.0,103.0,0.5,0.25,15602.75,15705.75,OK,,0.5,0.25,101.5,102.5,99.5,102.0
O01-0085,2023-07-27,LONG,52.5,-55.75,-54.75,0.5,0.25,15875.5,15820.75,OK,,0.0,2.25,-56.25,-55.25,-58.25,-55.75
O01-0086,2023-08-22,LONG,4.75,-6.5,-5.5,0.5,0.5,15037.0,15031.5,OK,,0.0,0.75,-7.0,-6.0,-9.0,-6.5
O01-0087,2023-09-26,SHORT,8.75,126.75,127.75,0.5,0.5,14837.0,14709.25,OK,,0.5,0.5,126.25,127.25,124.25,126.75
O01-0088,2023-09-29,LONG,14.5,-15.5,-14.5,0.25,0.5,14997.0,14982.5,OK,,0.0,0.0,-16.0,-15.0,-18.0,-15.5
O01-0089,2023-10-25,SHORT,89.25,182.25,183.25,0.5,0.25,14659.75,14476.5,OK,,0.25,0.25,181.75,182.75,179.75,182.25
O01-0090,2023-12-13,LONG,34.5,-37.25,-36.25,0.25,0.5,16640.75,16604.5,OK,,0.25,1.5,-37.75,-36.75,-39.75,-37.25
O01-0091,2024-01-19,LONG,23.75,251.25,252.25,0.5,0.25,17190.0,17442.25,OK,,0.0,0.25,250.75,251.75,248.75,251.25
O01-0092,2024-01-24,LONG,1.25,-2.25,-1.25,0.5,0.5,17638.75,17637.5,OK,,0.0,0.0,-2.75,-1.75,-4.75,-2.25
O01-0093,2024-02-22,LONG,29.0,150.5,151.5,0.5,0.25,17893.0,18044.5,OK,,0.0,0.25,150.0,151.0,148.0,150.5
O01-0094,2024-03-13,LONG,12.75,-21.25,-20.25,0.25,0.5,18390.25,18370.0,OK,,0.0,0.5,-21.75,-20.75,-23.75,-21.25
O01-0095,2024-04-15,LONG,30.5,-33.75,-32.75,0.5,0.5,18291.25,18258.5,OK,,0.0,2.25,-34.25,-33.25,-36.25,-33.75
O01-0096,2024-05-02,LONG,13.0,-14.25,-13.25,0.5,0.5,17531.0,17517.75,OK,,0.0,0.25,-14.75,-13.75,-16.75,-14.25
O01-0097,2024-06-19,LONG,6.5,-7.5,-6.5,0.25,0.5,20241.75,20235.25,OK,,0.0,0.0,-8.0,-7.0,-10.0,-7.5
O01-0098,2024-07-17,SHORT,44.25,243.0,244.0,0.75,0.5,20236.5,19992.5,OK,,0.75,0.5,242.5,243.5,240.5,243.0
O01-0099,2024-07-26,LONG,42.0,-45.0,-44.0,0.75,0.75,19130.25,19086.25,OK,,0.0,2.0,-45.5,-44.5,-47.5,-45.0
O01-0100,2024-07-31,LONG,51.0,133.75,134.75,0.5,1.0,19361.75,19496.5,OK,,0.0,0.0,133.25,134.25,131.25,133.75
O01-0101,2024-09-09,LONG,54.5,-61.25,-60.25,0.5,0.75,18659.75,18599.5,OK,,0.5,5.25,-61.75,-60.75,-63.75,-61.25
O01-0102,2024-09-17,LONG,22.5,-26.0,-25.0,0.5,1.0,19545.0,19520.0,OK,,0.0,2.5,-26.5,-25.5,-28.5,-26.0
O01-0103,2024-09-18,LONG,10.0,-12.0,-11.0,0.5,0.75,19679.75,19668.75,OK,,0.5,0.5,-12.5,-11.5,-14.5,-12.0
O01-0104,2024-09-19,LONG,47.0,-59.0,-58.0,0.5,0.75,20050.75,19992.75,OK,,0.0,11.0,-59.5,-58.5,-61.5,-59.0
O01-0105,2024-09-26,LONG,21.5,-23.0,-22.0,0.5,0.75,20446.0,20424.0,OK,,0.5,0.0,-23.5,-22.5,-25.5,-23.0
O01-0106,2024-10-17,LONG,30.25,-40.25,-39.25,0.5,0.75,20433.5,20394.25,OK,,0.5,8.5,-40.75,-39.75,-42.75,-40.25
O01-0107,2024-10-24,LONG,36.5,-39.5,-38.5,0.5,0.5,20348.25,20309.75,OK,,0.0,2.0,-40.0,-39.0,-42.0,-39.5
O01-0108,2024-11-06,LONG,123.0,-131.5,-130.5,0.5,0.75,20793.5,20663.0,OK,,0.5,7.0,-132.0,-131.0,-134.0,-131.5
O01-0109,2024-11-15,SHORT,74.25,206.5,207.5,0.75,0.5,20699.5,20492.0,OK,,0.0,0.25,206.0,207.0,204.0,206.5
O01-0110,2024-12-19,LONG,43.75,-46.5,-45.5,0.75,1.0,21611.5,21566.0,OK,,0.25,2.0,-47.0,-46.0,-49.0,-46.5
O01-0111,2025-01-13,SHORT,60.25,-63.5,-62.5,0.75,0.75,20725.25,20787.75,OK,,0.0,2.25,-64.0,-63.0,-66.0,-63.5
O01-0112,2025-02-03,SHORT,7.5,-18.5,-17.5,0.5,1.0,21307.0,21324.5,OK,,0.0,10.0,-19.0,-18.0,-21.0,-18.5
O01-0113,2025-02-27,LONG,6.75,-117.5,-116.5,0.75,0.75,21308.75,21192.25,OK,,0.75,0.0,-118.0,-117.0,-120.0,-117.5
O01-0114,2025-04-10,SHORT,75.25,310.0,311.0,2.25,0.25,18794.25,18483.25,OK,,2.0,0.25,309.5,310.5,307.5,310.0
O01-0115,2025-04-22,LONG,52.25,225.25,226.25,0.75,0.25,18153.5,18379.75,OK,,0.75,0.25,224.75,225.75,222.75,225.25
O01-0116,2025-05-01,LONG,7.75,-9.5,-8.5,1.0,0.75,19911.5,19903.0,OK,,0.75,0.0,-10.0,-9.0,-12.0,-9.5
O01-0117,2025-05-12,LONG,20.0,-22.25,-21.25,0.5,0.75,20786.75,20765.5,OK,,0.0,1.25,-22.75,-21.75,-24.75,-22.25
O01-0118,2025-05-19,SHORT,7.5,-29.25,-28.25,0.75,0.5,21304.5,21332.75,OK,,0.0,0.5,-29.75,-28.75,-31.75,-29.25
O01-0119,2025-05-26,LONG,39.75,-40.5,-39.5,0.75,0.75,21298.25,21258.75,OK,,0.25,0.0,-41.0,-40.0,-43.0,-40.5
O01-0120,2025-06-13,SHORT,5.25,-11.0,-10.0,1.0,0.75,21782.0,21792.0,OK,,0.75,4.0,-11.5,-10.5,-13.5,-11.0
O01-0121,2025-06-18,LONG,36.25,-44.0,-43.0,0.75,0.75,21962.75,21919.75,OK,,0.25,6.5,-44.5,-43.5,-46.5,-44.0
O01-0122,2025-06-24,LONG,41.0,103.25,104.25,0.75,0.75,22301.0,22405.25,OK,,0.0,0.25,102.75,103.75,100.75,103.25
O01-0123,2025-07-04,SHORT,27.0,-28.25,-27.25,0.75,1.0,22897.0,22924.25,OK,,0.0,0.0,-28.75,-27.75,-30.75,-28.25
O01-0124,2025-07-29,LONG,54.0,-57.0,-56.0,0.5,0.5,23646.0,23590.0,OK,,0.0,2.0,-57.5,-56.5,-59.5,-57.0
O01-0125,2025-08-01,SHORT,104.5,-35.75,-34.75,0.75,0.5,22991.75,23026.5,OK,,0.5,0.0,-36.25,-35.25,-38.25,-35.75
O01-0126,2025-08-04,LONG,70.25,136.0,137.0,0.75,0.5,23159.75,23296.75,OK,,0.75,0.0,135.5,136.5,133.5,136.0
O01-0127,2025-09-18,LONG,14.75,-45.0,-44.0,0.5,0.5,24668.5,24624.5,OK,,0.0,0.25,-45.5,-44.5,-47.5,-45.0
O01-0128,2025-10-13,LONG,33.75,160.5,161.5,0.75,0.25,24759.0,24920.5,OK,,0.75,0.0,160.0,161.0,158.0,160.5
O01-0129,2025-10-14,SHORT,132.25,-144.0,-143.0,0.75,0.5,24509.0,24652.0,OK,,0.25,10.5,-144.5,-143.5,-146.5,-144.0
O01-0130,2025-10-15,LONG,8.25,-10.25,-9.25,1.0,0.75,24934.5,24925.25,OK,,0.5,1.5,-10.75,-9.75,-12.75,-10.25
O01-0131,2025-11-04,SHORT,67.75,-88.25,-87.25,0.75,0.75,25688.25,25775.5,OK,,0.5,0.75,-88.75,-87.75,-90.75,-88.25
O01-0132,2025-11-10,LONG,86.0,-89.75,-88.75,0.75,0.5,25611.75,25523.0,OK,,0.5,2.25,-90.25,-89.25,-92.25,-89.75
