status,dir,orig_entry_time,orig_exit_time,orig_dir,t_stop_ns,stop_confirmed,entry_ts_ns,entry_ref_px,entry_fill_px,sl,tp,risk_pips,exit_type,exit_ts_ns,exit_px,net_pips,r,be_moved
TRADE,1,2010-01-19 09:15:00,2010-01-19 11:00:00,-1,,,1263885305797000000,1.44035,1.44035,1.4383800000000002,1.4452749999999996,19.7,STOP,1263892572788000000,1.43838,-19.7,-1.0,False
TRADE,-1,2010-02-16 11:30:00,2010-02-16 13:30:00,1,,,1266312606254000000,1.36573,1.36573,1.3680400000000001,1.359955,23.1,STOP,1266334362530000000,1.36806,-23.3,-1.00866,False
TRADE,1,2010-03-10 08:00:00,2010-03-10 12:30:00,-1,,,1268200806701000000,1.35988,1.35988,1.35774,1.36523,21.4,STOP,1268204558596000000,1.35772,-21.6,-1.00935,False
TRADE,-1,2010-03-11 09:30:00,2010-03-11 14:30:00,1,,,1268292608035000000,1.36246,1.36246,1.36437,1.3576849999999998,19.1,STOP,1268296414922000000,1.36441,-19.5,-1.02094,False
TRADE,1,2010-03-16 08:00:00,2010-03-16 11:00:00,-1,,,1268719205115000000,1.36926,1.36926,1.3674799999999998,1.3737100000000002,17.8,STOP,1268723617164000000,1.36746,-18.0,-1.01124,False
TRADE,1,2010-04-05 08:00:00,2010-04-05 15:00:00,-1,,,1270443611884000000,1.35064,1.35064,1.3487,1.35549,19.4,STOP,1270447568700000000,1.34853,-21.1,-1.08763,False
TRADE,-1,2010-09-01 10:00:00,2010-09-01 11:15:00,1,,,1283324407915000000,1.27175,1.27175,1.27386,1.2664749999999998,21.1,STOP,1283328989993000000,1.27389,-21.4,-1.01422,False
TRADE,-1,2010-09-06 15:00:00,2010-09-07 01:00:00,1,,,1283774407020000000,1.2873,1.2873,1.2893200000000002,1.28225,20.2,STOP,1283789486819000000,1.28934,-20.4,-1.0099,False
TRADE,-1,2010-09-20 08:45:00,2010-09-20 13:45:00,1,,,1284961506546000000,1.30712,1.30712,1.30912,1.30212,20.0,STOP,1284965131256000000,1.30916,-20.4,-1.02,False
TRADE,1,2010-12-22 09:00:00,2010-12-22 09:00:00,-1,,,1293001205142000000,1.31428,1.31428,1.31249,1.318755,17.9,STOP,1293009561409000000,1.31249,-17.9,-1.0,False
TRADE,-1,2010-12-27 15:00:00,2010-12-27 19:00:00,1,,,1293454805161000000,1.31379,1.31379,1.31606,1.308115,22.7,STOP,1293484207058000000,1.31606,-22.7,-1.0,False
TRADE,-1,2011-03-08 08:30:00,2011-03-08 08:30:00,1,,,1299565810408000000,1.39757,1.39757,1.39963,1.39242,20.6,TARGET,1299573332897000000,1.39242,51.5,2.5,False
TRADE,1,2011-03-23 10:15:00,2011-03-23 11:15:00,-1,,,1300868105256000000,1.41868,1.41868,1.41641,1.4243549999999998,22.7,STOP,1300879081311000000,1.4164,-22.8,-1.00441,False
TRADE,1,2011-04-05 08:15:00,2011-04-05 15:00:00,-1,,,1301980507196000000,1.4197,1.4197,1.41818,1.4234999999999998,15.2,STOP,1301984450679000000,1.41817,-15.3,-1.00658,False
TRADE,-1,2011-08-23 08:30:00,2011-08-23 09:45:00,1,,,1314077415694000000,1.43744,1.43744,1.43993,1.4312150000000003,24.9,STOP,1314080827292000000,1.43993,-24.9,-1.0,False
TRADE,-1,2011-12-08 08:15:00,2011-12-08 10:00:00,1,,,1323324905540000000,1.33993,1.33993,1.34166,1.3356050000000002,17.3,STOP,1323328486407000000,1.3417,-17.7,-1.02312,False
TRADE,1,2011-12-19 08:45:00,2011-12-19 09:00:00,-1,,,1324277107417000000,1.30106,1.30106,1.2991000000000001,1.30596,19.6,STOP,1324328047740000000,1.2991,-19.6,-1.0,False
TRADE,1,2012-03-07 08:00:00,2012-03-07 11:15:00,-1,,,1331100005742000000,1.31466,1.31466,1.3131,1.31856,15.6,STOP,1331106017410000000,1.3131,-15.6,-1.0,False
TRADE,-1,2012-03-08 09:00:00,2012-03-08 10:30:00,1,,,1331190005487000000,1.31683,1.31683,1.3183599999999998,1.3130050000000004,15.3,STOP,1331194196467000000,1.3184,-15.7,-1.02614,False
TRADE,-1,2012-03-08 10:15:00,2012-03-08 13:15:00,1,,,1331194506186000000,1.31807,1.31807,1.32048,1.312045,24.1,STOP,1331199256650000000,1.3205,-24.3,-1.0083,False
TRADE,-1,2012-03-29 08:15:00,2012-03-29 11:00:00,1,,,1332998108524000000,1.33187,1.33187,1.33392,1.3267450000000003,20.5,STOP,1333001881432000000,1.33392,-20.5,-1.0,False
TRADE,-1,2012-04-03 08:15:00,2012-04-03 13:15:00,1,,,1333430105278000000,1.33342,1.33342,1.3353700000000002,1.3285449999999996,19.5,STOP,1333437702023000000,1.33538,-19.6,-1.00513,False
TRADE,-1,2012-04-03 11:15:00,2012-04-03 13:00:00,1,,,1333440905566000000,1.33428,1.33428,1.3360699999999999,1.329805,17.9,STOP,1333445718143000000,1.33607,-17.9,-1.0,False
TRADE,1,2012-04-09 15:15:00,2012-04-09 16:30:00,-1,,,1333973705529000000,1.30743,1.30743,1.3054500000000002,1.3123799999999997,19.8,STOP,1333977379142000000,1.30545,-19.8,-1.0,False
TRADE,-1,2012-04-12 10:45:00,2012-04-12 11:00:00,1,,,1334216705038000000,1.3114,1.3114,1.3138699999999999,1.305225,24.7,STOP,1334226640051000000,1.31388,-24.8,-1.00405,False
TRADE,-1,2012-04-17 09:15:00,2012-04-17 11:00:00,1,,,1334643305257000000,1.31078,1.31078,1.31297,1.3053050000000002,21.9,STOP,1334647219037000000,1.31302,-22.4,-1.02283,False
TRADE,1,2012-04-18 14:45:00,2012-04-18 16:30:00,-1,,,1334749505072000000,1.30789,1.30789,1.3058500000000002,1.3129899999999997,20.4,STOP,1334753454474000000,1.30581,-20.8,-1.01961,False
TRADE,-1,2012-04-19 11:30:00,2012-04-19 12:15:00,1,,,1334824206409000000,1.31489,1.31489,1.31672,1.310315,18.3,TARGET,1334834702141000000,1.310315,45.75,2.5,False
TRADE,-1,2012-04-24 15:15:00,2012-04-25 12:00:00,1,,,1335269705149000000,1.31616,1.31616,1.3186499999999999,1.3099350000000003,24.9,STOP,1335273983354000000,1.31866,-25.0,-1.00402,False
TRADE,-1,2012-04-26 15:30:00,2012-04-26 23:00:00,1,,,1335443406248000000,1.32082,1.32082,1.32298,1.3154200000000003,21.6,STOP,1335449208423000000,1.32298,-21.6,-1.0,False
TRADE,-1,2012-04-26 16:15:00,2012-04-26 23:00:00,1,,,1335446105100000000,1.32082,1.32082,1.32331,1.3145950000000004,24.9,STOP,1335449244891000000,1.32331,-24.9,-1.0,False
TRADE,-1,2012-05-01 08:15:00,2012-05-01 16:00:00,1,,,1335849305331000000,1.32462,1.32462,1.32622,1.32062,16.0,STOP,1335857006320000000,1.32625,-16.3,-1.01875,False
TRADE,1,2012-05-10 10:15:00,2012-05-10 15:00:00,-1,,,1336634105748000000,1.29574,1.29574,1.2933199999999998,1.30179,24.2,STOP,1336643508977000000,1.2933,-24.4,-1.00826,False
TRADE,1,2012-05-17 08:45:00,2012-05-17 13:15:00,-1,,,1337233509561000000,1.27455,1.27455,1.2723900000000001,1.27995,21.6,STOP,1337237244500000000,1.27236,-21.9,-1.01389,False
TRADE,-1,2012-05-22 09:15:00,2012-05-22 10:30:00,1,,,1337667305243000000,1.27928,1.27928,1.2808,1.27548,15.2,STOP,1337673027656000000,1.2808,-15.2,-1.0,False
TRADE,1,2012-05-29 11:45:00,2012-05-29 17:45:00,-1,,,1338281105649000000,1.25549,1.25549,1.25315,1.2613400000000001,23.4,STOP,1338285039043000000,1.25307,-24.2,-1.03419,False
TRADE,1,2012-06-19 08:30:00,2012-06-19 09:15:00,-1,,,1340083805114000000,1.26066,1.26066,1.2587,1.2655599999999998,19.6,STOP,1340087693499000000,1.2587,-19.6,-1.0,False
TRADE,1,2012-06-26 09:00:00,2012-06-26 09:30:00,-1,,,1340690405390000000,1.25096,1.25096,1.24866,1.25671,23.0,STOP,1340700509493000000,1.24865,-23.1,-1.00435,False
TRADE,1,2012-06-27 08:45:00,2012-06-27 17:15:00,-1,,,1340775906180000000,1.25007,1.25007,1.2485199999999999,1.2539450000000003,15.5,STOP,1340780728550000000,1.24851,-15.6,-1.00645,False
TRADE,1,2012-06-27 14:15:00,2012-06-28 05:15:00,-1,,,1340795705297000000,1.24966,1.24966,1.2479600000000002,1.2539099999999994,17.0,STOP,1340799291508000000,1.24796,-17.0,-1.0,False
TRADE,1,2012-07-11 10:15:00,2012-07-11 10:30:00,-1,,,1341990907413000000,1.22639,1.22639,1.22483,1.23029,15.6,STOP,1342018406793000000,1.22479,-16.0,-1.02564,False
TRADE,-1,2012-07-16 09:30:00,2012-07-16 10:45:00,1,,,1342420207581000000,1.22316,1.22316,1.22496,1.2186599999999999,18.0,TARGET,1342431038151000000,1.2186599999999999,45.0,2.5,False
TRADE,-1,2012-07-18 09:15:00,2012-07-18 10:00:00,1,,,1342592105209000000,1.22818,1.22818,1.22977,1.224205,15.9,TARGET,1342604455663000000,1.224205,39.75,2.5,False
TRADE,-1,2012-07-31 09:45:00,2012-07-31 10:00:00,1,,,1343717106540000000,1.2269,1.2269,1.2288700000000001,1.221975,19.7,STOP,1343728856582000000,1.22889,-19.9,-1.01015,False
TRADE,1,2012-07-31 11:00:00,2012-07-31 11:45:00,-1,,,1343721605204000000,1.22627,1.22627,1.22421,1.23142,20.6,TARGET,1343739109169000000,1.23142,51.5,2.5,False
TRADE,1,2012-08-08 11:30:00,2012-08-09 12:00:00,-1,,,1344414605533000000,1.23717,1.23717,1.23495,1.2427200000000003,22.2,STOP,1344420455204000000,1.23495,-22.2,-1.0,False
TRADE,1,2012-08-09 09:15:00,2012-08-09 13:15:00,-1,,,1344492905835000000,1.23732,1.23732,1.23486,1.2434699999999999,24.6,STOP,1344500242996000000,1.23485,-24.7,-1.00407,False
TRADE,1,2012-08-13 09:45:00,2012-08-13 11:00:00,-1,,,1344840305457000000,1.2278,1.2278,1.22592,1.2325000000000004,18.8,TARGET,1344852963443000000,1.2325000000000004,47.0,2.5,False
TRADE,1,2012-08-15 10:00:00,2012-08-15 16:00:00,-1,,,1345014005346000000,1.23337,1.23337,1.23128,1.2385950000000006,20.9,STOP,1345024654156000000,1.23124,-21.3,-1.01914,False
TRADE,1,2012-08-15 11:45:00,2012-08-15 12:15:00,-1,,,1345020308350000000,1.2327,1.2327,1.2310299999999998,1.236875,16.7,STOP,1345024684005000000,1.23102,-16.8,-1.00599,False
TRADE,-1,2012-08-20 08:15:00,2012-08-20 12:00:00,1,,,1345439718879000000,1.23289,1.23289,1.23498,1.2276650000000002,20.9,STOP,1345443014028000000,1.235,-21.1,-1.00957,False
TRADE,1,2012-08-28 08:15:00,2012-08-28 09:45:00,-1,,,1346130910108000000,1.24858,1.24858,1.2469599999999998,1.2526300000000004,16.2,TARGET,1346143210789000000,1.2526300000000004,40.5,2.5,False
TRADE,-1,2012-08-30 10:00:00,2012-08-30 16:15:00,1,,,1346310006200000000,1.25481,1.25481,1.2563499999999999,1.2509600000000003,15.4,STOP,1346317747294000000,1.25636,-15.5,-1.00649,False
TRADE,-1,2012-09-03 09:15:00,2012-09-04 02:00:00,1,,,1346652905651000000,1.25767,1.25767,1.2595600000000002,1.2529449999999995,18.9,STOP,1346684565805000000,1.25961,-19.4,-1.02646,False
TRADE,-1,2012-10-02 08:30:00,2012-10-02 08:45:00,1,,,1349155818410000000,1.29124,1.29124,1.2928499999999998,1.2872150000000002,16.1,STOP,1349173931974000000,1.29291,-16.7,-1.03727,False
TRADE,1,2012-10-03 08:15:00,2012-10-03 09:30:00,-1,,,1349241311849000000,1.29018,1.29018,1.2882600000000002,1.2949799999999998,19.2,STOP,1349247884078000000,1.28825,-19.3,-1.00521,False
TRADE,1,2012-10-03 09:15:00,2012-10-03 09:15:00,-1,,,1349244905787000000,1.28865,1.28865,1.2867400000000002,1.2934249999999996,19.1,TARGET,1349255119453000000,1.2934249999999996,47.75,2.5,False
TRADE,1,2012-10-11 08:00:00,2012-10-11 10:00:00,-1,,,1349931605029000000,1.28647,1.28647,1.2844,1.291645,20.7,TARGET,1349951761552000000,1.291645,51.75,2.5,False
TRADE,1,2012-10-15 08:15:00,2012-10-15 08:45:00,-1,,,1350278111683000000,1.29098,1.29098,1.2893100000000002,1.2951549999999996,16.7,TARGET,1350286982297000000,1.2951549999999996,41.75,2.5,False
TRADE,-1,2012-10-18 10:45:00,2012-10-18 16:15:00,1,,,1350546305804000000,1.30923,1.30923,1.31127,1.3041299999999998,20.4,STOP,1350551798159000000,1.31128,-20.5,-1.0049,False
TRADE,-1,2012-10-18 11:15:00,2012-10-18 16:00:00,1,,,1350548105256000000,1.30923,1.30923,1.3110099999999998,1.30478,17.8,STOP,1350550503740000000,1.31103,-18.0,-1.01124,False
TRADE,1,2012-10-22 09:15:00,2012-10-22 12:00:00,-1,,,1350886505987000000,1.30558,1.30558,1.30335,1.3111549999999998,22.3,STOP,1350892939969000000,1.30335,-22.3,-1.0,False
TRADE,-1,2012-10-25 11:30:00,2012-10-25 12:45:00,1,,,1351153805178000000,1.30152,1.30152,1.30337,1.2968950000000001,18.5,TARGET,1351173073131000000,1.2968950000000001,46.25,2.5,False
TRADE,-1,2012-10-31 08:45:00,2012-10-31 12:15:00,1,,,1351665905025000000,1.29559,1.29559,1.29762,1.290515,20.3,STOP,1351670410562000000,1.29765,-20.6,-1.01478,False
TRADE,1,2012-11-01 08:15:00,2012-11-01 13:30:00,-1,,,1351750516649000000,1.29648,1.29648,1.2945300000000002,1.3013549999999998,19.5,STOP,1351753703645000000,1.2945,-19.8,-1.01538,False
TRADE,1,2012-11-06 16:15:00,2012-11-06 17:30:00,-1,,,1352211305015000000,1.28127,1.28127,1.27971,1.28517,15.6,STOP,1352248640103000000,1.27969,-15.8,-1.01282,False
TRADE,-1,2012-11-14 08:45:00,2012-11-14 20:00:00,1,,,1352875509063000000,1.27217,1.27217,1.27403,1.2675200000000002,18.6,STOP,1352885534196000000,1.27405,-18.8,-1.01075,False
TRADE,-1,2012-11-14 14:30:00,2012-11-15 01:30:00,1,,,1352896206904000000,1.27309,1.27309,1.27539,1.2673400000000001,23.0,STOP,1352899883350000000,1.2754,-23.1,-1.00435,False
TRADE,-1,2012-11-20 11:15:00,2012-11-20 15:30:00,1,,,1353402906039000000,1.27959,1.27959,1.28127,1.2753900000000002,16.8,STOP,1353407075122000000,1.2813,-17.1,-1.01786,False
TRADE,1,2012-11-28 10:30:00,2012-11-28 18:30:00,-1,,,1354091405763000000,1.29265,1.29265,1.29055,1.2979,21.0,STOP,1354101253673000000,1.29055,-21.0,-1.0,False
TRADE,-1,2012-11-29 09:00:00,2012-11-29 17:30:00,1,,,1354172405846000000,1.29433,1.29433,1.29658,1.2887049999999998,22.5,STOP,1354176504089000000,1.2966,-22.7,-1.00889,False
TRADE,-1,2012-12-11 10:30:00,2012-12-11 19:30:00,1,,,1355214605213000000,1.2952,1.2952,1.2973899999999998,1.2897250000000002,21.9,STOP,1355220037182000000,1.29741,-22.1,-1.00913,False
TRADE,1,2013-01-09 10:30:00,2013-01-09 17:45:00,-1,,,1357720206509000000,1.30833,1.30833,1.30656,1.3127550000000001,17.7,STOP,1357728454384000000,1.30656,-17.7,-1.0,False
TRADE,1,2013-01-09 11:00:00,2013-01-10 10:45:00,-1,,,1357722005303000000,1.30903,1.30903,1.3067499999999999,1.31473,22.8,STOP,1357725579540000000,1.30671,-23.2,-1.01754,False
TRADE,1,2013-01-21 08:45:00,2013-01-22 05:00:00,-1,,,1358750708033000000,1.33246,1.33246,1.33087,1.3364349999999998,15.9,STOP,1358758467897000000,1.33087,-15.9,-1.0,False
TRADE,1,2013-01-21 09:45:00,2013-01-22 05:00:00,-1,,,1358754308990000000,1.33184,1.33184,1.3301699999999999,1.3360150000000002,16.7,STOP,1358764320017000000,1.33015,-16.9,-1.01198,False
TRADE,-1,2013-01-23 15:45:00,2013-01-23 16:15:00,1,,,1358948705054000000,1.33309,1.33309,1.3355000000000001,1.3270650000000002,24.1,TARGET,1358955952160000000,1.3270650000000002,60.25,2.5,False
TRADE,-1,2013-01-29 09:45:00,2013-01-29 11:45:00,1,,,1359445506187000000,1.3441,1.3441,1.34631,1.3385750000000005,22.1,STOP,1359469440996000000,1.34631,-22.1,-1.0,False
TRADE,1,2013-02-12 08:45:00,2013-02-12 10:00:00,-1,,,1360651506039000000,1.33866,1.33866,1.33646,1.34416,22.0,STOP,1360656560259000000,1.3364,-22.6,-1.02727,False
TRADE,1,2013-02-18 08:15:00,2013-02-18 10:15:00,-1,,,1361168117084000000,1.33413,1.33413,1.3323,1.338705,18.3,STOP,1361175083657000000,1.3323,-18.3,-1.0,False
TRADE,1,2013-02-19 11:00:00,2013-02-19 11:00:00,-1,,,1361264405129000000,1.33519,1.33519,1.33346,1.339515,17.3,STOP,1361270742019000000,1.33345,-17.4,-1.00578,False
TRADE,-1,2013-03-05 09:00:00,2013-03-05 11:30:00,1,,,1362466805165000000,1.30337,1.30337,1.30564,1.297695,22.7,STOP,1362471157623000000,1.30565,-22.8,-1.00441,False
TRADE,1,2013-03-11 09:30:00,2013-03-11 18:00:00,-1,,,1362987005061000000,1.30098,1.30098,1.29936,1.30503,16.2,STOP,1362990995412000000,1.29936,-16.2,-1.0,False
TRADE,1,2013-03-28 09:45:00,2013-03-28 12:30:00,-1,,,1364456705259000000,1.27883,1.27883,1.27677,1.2839799999999997,20.6,STOP,1364461010786000000,1.27677,-20.6,-1.0,False
TRADE,-1,2013-04-03 14:00:00,2013-04-04 07:00:00,1,,,1364986805048000000,1.28193,1.28193,1.28419,1.2762800000000003,22.6,STOP,1364991331279000000,1.28419,-22.6,-1.0,False
TRADE,1,2013-04-15 10:00:00,2013-04-15 14:15:00,-1,,,1366009205345000000,1.30752,1.30752,1.30548,1.3126200000000001,20.4,STOP,1366014443930000000,1.30547,-20.5,-1.0049,False
TRADE,1,2013-04-22 08:15:00,2013-04-22 09:00:00,-1,,,1366607706695000000,1.3067,1.3067,1.30502,1.3108999999999997,16.8,STOP,1366612411891000000,1.30501,-16.9,-1.00595,False
TRADE,1,2013-04-22 09:30:00,2013-04-23 09:00:00,-1,,,1366612205664000000,1.30592,1.30592,1.30372,1.31142,22.0,STOP,1366617595556000000,1.3037,-22.2,-1.00909,False
TRADE,1,2013-04-24 14:30:00,2013-04-24 19:00:00,-1,,,1366803006785000000,1.30099,1.30099,1.29886,1.3063150000000006,21.3,STOP,1366806990061000000,1.29885,-21.4,-1.00469,False
TRADE,-1,2013-04-25 10:15:00,2013-04-25 14:15:00,1,,,1366874105116000000,1.30508,1.30508,1.3068300000000002,1.3007049999999998,17.5,STOP,1366880407167000000,1.30688,-18.0,-1.02857,False
TRADE,-1,2013-04-29 08:15:00,2013-04-29 09:45:00,1,,,1367212506869000000,1.30437,1.30437,1.30606,1.300145,16.9,STOP,1367216177766000000,1.3061,-17.3,-1.02367,False
TRADE,-1,2013-04-30 15:15:00,2013-04-30 15:30:00,1,,,1367324105269000000,1.30713,1.30713,1.30915,1.3020799999999997,20.2,STOP,1367328003280000000,1.30915,-20.2,-1.0,False
TRADE,-1,2013-05-02 10:15:00,2013-05-02 13:45:00,1,,,1367478905361000000,1.31594,1.31594,1.3179,1.3110400000000002,19.6,STOP,1367491232891000000,1.3179,-19.6,-1.0,False
TRADE,1,2013-05-06 10:45:00,2013-05-06 16:15:00,-1,,,1367826306290000000,1.31104,1.31104,1.30951,1.3148650000000002,15.3,STOP,1367850291234000000,1.3095,-15.4,-1.00654,False
TRADE,1,2013-05-07 08:15:00,2013-05-07 12:00:00,-1,,,1367903714424000000,1.30835,1.30835,1.30679,1.31225,15.6,STOP,1367909661071000000,1.30679,-15.6,-1.0,False
TRADE,-1,2013-05-14 09:15:00,2013-05-14 09:30:00,1,,,1368512105342000000,1.30015,1.30015,1.30173,1.2961999999999996,15.8,STOP,1368522653561000000,1.30173,-15.8,-1.0,False
TRADE,1,2013-05-14 11:00:00,2013-05-14 11:00:00,-1,,,1368518405363000000,1.30007,1.30007,1.2983600000000002,1.3043449999999996,17.1,STOP,1368522047240000000,1.29832,-17.5,-1.02339,False
TRADE,-1,2013-05-21 11:30:00,2013-05-21 12:15:00,1,,,1369125005004000000,1.28656,1.28656,1.28888,1.2807599999999997,23.2,STOP,1369149683923000000,1.28892,-23.6,-1.01724,False
TRADE,1,2013-05-21 16:00:00,2013-05-21 17:00:00,-1,,,1369141205040000000,1.2868,1.2868,1.2852999999999999,1.29055,15.0,STOP,1369145876015000000,1.28527,-15.3,-1.02,False
TRADE,-1,2013-05-22 09:00:00,2013-05-22 12:15:00,1,,,1369202408665000000,1.29093,1.29093,1.2924399999999998,1.2871550000000003,15.1,STOP,1369206181952000000,1.29245,-15.2,-1.00662,False
TRADE,1,2013-05-28 11:15:00,2013-05-28 11:15:00,-1,,,1369728905157000000,1.29049,1.29049,1.28882,1.2946649999999995,16.7,TARGET,1369739969368000000,1.2946649999999995,41.75,2.5,False
TRADE,-1,2013-06-05 16:00:00,2013-06-05 17:30:00,1,,,1370437205059000000,1.30703,1.30703,1.30856,1.3032049999999997,15.3,STOP,1370440839728000000,1.30858,-15.5,-1.01307,False
TRADE,-1,2013-06-12 15:45:00,2013-06-12 17:45:00,1,,,1371041105418000000,1.32859,1.32859,1.33055,1.32369,19.6,STOP,1371043605540000000,1.3306,-20.1,-1.02551,False
TRADE,1,2013-06-25 10:15:00,2013-06-25 16:00:00,-1,,,1372144505219000000,1.31295,1.31295,1.31102,1.3177750000000001,19.3,STOP,1372163412215000000,1.31102,-19.3,-1.0,False
TRADE,1,2013-06-25 11:15:00,2013-06-25 13:45:00,-1,,,1372148105193000000,1.31272,1.31272,1.3108000000000002,1.31752,19.2,STOP,1372163420983000000,1.31079,-19.3,-1.00521,False
TRADE,1,2013-07-04 09:15:00,2013-07-04 11:45:00,-1,,,1372918509762000000,1.29984,1.29984,1.2978500000000002,1.304815,19.9,STOP,1372941190563000000,1.29784,-20.0,-1.00503,False
TRADE,1,2013-07-10 14:15:00,2013-07-10 15:45:00,-1,,,1373454909885000000,1.28257,1.28257,1.28084,1.286895,17.3,TARGET,1373479299108000000,1.286895,43.25,2.5,False
TRADE,-1,2013-07-23 09:15:00,2013-07-23 11:00:00,1,,,1374560107663000000,1.3188,1.3188,1.3205399999999998,1.3144500000000003,17.4,STOP,1374564579580000000,1.32054,-17.4,-1.0,False
TRADE,-1,2013-07-23 16:15:00,2013-07-23 16:30:00,1,,,1374585306835000000,1.31889,1.31889,1.32042,1.3150649999999997,15.3,STOP,1374590336019000000,1.32042,-15.3,-1.0,False
TRADE,1,2013-08-13 09:30:00,2013-08-13 11:15:00,-1,,,1376375412623000000,1.33129,1.33129,1.32895,1.3371400000000002,23.4,STOP,1376378301572000000,1.32892,-23.7,-1.01282,False
TRADE,1,2013-08-22 16:30:00,2013-08-22 17:00:00,-1,,,1377178205078000000,1.33383,1.33383,1.3317700000000001,1.3389799999999998,20.6,TARGET,1377267877173000000,1.3389799999999998,51.5,2.5,False
TRADE,-1,2013-08-28 11:30:00,2013-08-28 12:30:00,1,,,1377678605788000000,1.33707,1.33707,1.3387099999999998,1.3329700000000004,16.4,TARGET,1377696912389000000,1.3329700000000004,41.0,2.5,False
TRADE,1,2013-09-02 10:00:00,2013-09-03 08:15:00,-1,,,1378105205293000000,1.32186,1.32186,1.3201100000000001,1.3262349999999998,17.5,STOP,1378130973788000000,1.3201,-17.6,-1.00571,False
TRADE,1,2013-09-04 10:00:00,2013-09-04 11:00:00,-1,,,1378278005227000000,1.31729,1.31729,1.31533,1.32219,19.6,TARGET,1378383413599000000,1.32219,49.0,2.5,False
TRADE,-1,2013-09-11 10:15:00,2013-09-11 15:45:00,1,,,1378883708378000000,1.32542,1.32542,1.32699,1.3214950000000005,15.7,STOP,1378887449797000000,1.327,-15.8,-1.00637,False
TRADE,-1,2013-09-11 11:00:00,2013-09-11 19:30:00,1,,,1378886406112000000,1.32536,1.32536,1.3274000000000001,1.32026,20.4,STOP,1378887544336000000,1.32742,-20.6,-1.0098,False
TRADE,-1,2013-09-23 14:30:00,2013-09-23 15:15:00,1,,,1379935806399000000,1.35107,1.35107,1.3528799999999999,1.3465450000000003,18.1,TARGET,1380025118063000000,1.3465450000000003,45.25,2.5,False
TRADE,1,2013-09-23 15:00:00,2013-09-25 11:15:00,-1,,,1379937605554000000,1.35002,1.35002,1.3480400000000001,1.3549699999999998,19.8,STOP,1379945062963000000,1.34793,-20.9,-1.05556,False
TRADE,1,2013-09-24 11:00:00,2013-09-25 11:45:00,-1,,,1380009605884000000,1.35132,1.35132,1.34946,1.3559700000000001,18.6,STOP,1380009951394000000,1.34946,-18.6,-1.0,False
TRADE,1,2013-09-26 15:30:00,2013-09-26 16:00:00,-1,,,1380198605006000000,1.34991,1.34991,1.3484,1.3536849999999996,15.1,STOP,1380204764797000000,1.3484,-15.1,-1.0,False
TRADE,1,2013-10-07 14:00:00,2013-10-07 17:15:00,-1,,,1381143605410000000,1.35769,1.35769,1.3560100000000002,1.3618899999999998,16.8,STOP,1381149926014000000,1.356,-16.9,-1.00595,False
TRADE,-1,2013-10-08 15:45:00,2013-10-08 18:45:00,1,,,1381236306239000000,1.3578,1.3578,1.36007,1.352125,22.7,STOP,1381240307395000000,1.36007,-22.7,-1.0,False
TRADE,-1,2013-10-23 15:00:00,2013-10-23 16:00:00,1,,,1382529605068000000,1.37545,1.37545,1.37701,1.37155,15.6,STOP,1382534293991000000,1.37701,-15.6,-1.0,False
TRADE,-1,2013-11-06 08:45:00,2013-11-06 09:15:00,1,,,1383720306261000000,1.3508,1.3508,1.35259,1.3463250000000002,17.9,STOP,1383735621489000000,1.3526,-18.0,-1.00559,False
TRADE,1,2013-11-12 09:45:00,2013-11-12 11:45:00,-1,,,1384242305077000000,1.33943,1.33943,1.33735,1.3446299999999995,20.8,STOP,1384245565024000000,1.33728,-21.5,-1.03365,False
TRADE,-1,2013-11-14 09:15:00,2013-11-14 10:30:00,1,,,1384413305602000000,1.34608,1.34608,1.3478199999999998,1.3417300000000003,17.4,STOP,1384445894417000000,1.34785,-17.7,-1.01724,False
TRADE,-1,2013-11-14 16:00:00,2013-11-14 16:30:00,1,,,1384437605144000000,1.34573,1.34573,1.34762,1.3410050000000002,18.9,STOP,1384445887865000000,1.34767,-19.4,-1.02646,False
TRADE,-1,2013-11-19 10:00:00,2013-11-19 11:00:00,1,,,1384848005437000000,1.35188,1.35188,1.35387,1.346905,19.9,STOP,1384848380807000000,1.35395,-20.7,-1.0402,False
TRADE,-1,2013-11-19 15:45:00,2013-11-19 15:45:00,1,,,1384868705212000000,1.35108,1.35108,1.3528600000000002,1.3466299999999998,17.8,STOP,1384874274138000000,1.3529,-18.2,-1.02247,False
TRADE,-1,2013-11-20 15:30:00,2013-11-20 16:15:00,1,,,1384954205056000000,1.35172,1.35172,1.35322,1.34797,15.0,STOP,1384954699185000000,1.3533,-15.8,-1.05333,False
NO_FILL,,2013-12-02 08:45:00,2013-12-02 09:30:00,1,,,,,,,,,,,,,,
TRADE,-1,2013-12-11 10:00:00,2013-12-12 10:45:00,1,,,1386748807124000000,1.37671,1.37671,1.37908,1.3707850000000001,23.7,STOP,1386771289860000000,1.37913,-24.2,-1.0211,False
TRADE,-1,2013-12-12 16:00:00,2013-12-12 16:00:00,1,,,1386856805556000000,1.37572,1.37572,1.3778000000000001,1.37052,20.8,STOP,1386860056485000000,1.37781,-20.9,-1.00481,False
TRADE,-1,2013-12-16 10:30:00,2013-12-16 18:15:00,1,,,1387182605077000000,1.3747,1.3747,1.37715,1.3685749999999999,24.5,STOP,1387185611143000000,1.37716,-24.6,-1.00408,False
TRADE,-1,2013-12-26 16:45:00,2013-12-27 04:00:00,1,,,1388069108886000000,1.36829,1.36829,1.36995,1.36414,16.6,STOP,1388104108152000000,1.37,-17.1,-1.03012,False
TRADE,1,2013-12-31 15:30:00,2014-01-02 12:00:00,-1,,,1388496613845000000,1.37826,1.37826,1.3760000000000001,1.3839099999999998,22.6,STOP,1388518502945000000,1.37595,-23.1,-1.02212,False
TRADE,-1,2014-01-14 11:45:00,2014-01-14 14:30:00,1,,,1389692705453000000,1.36765,1.36765,1.3696400000000002,1.3626749999999996,19.9,TARGET,1389774574663000000,1.3626749999999996,49.75,2.5,False
TRADE,-1,2014-01-14 15:30:00,2014-01-15 02:30:00,1,,,1389706205171000000,1.36571,1.36571,1.3673199999999999,1.3616850000000003,16.1,STOP,1389706556250000000,1.36734,-16.3,-1.01242,False
TRADE,1,2014-01-16 08:30:00,2014-01-16 10:30:00,-1,,,1389853822507000000,1.3626,1.3626,1.36054,1.36775,20.6,STOP,1389859321764000000,1.36054,-20.6,-1.0,False
TRADE,1,2014-01-21 09:00:00,2014-01-21 17:15:00,-1,,,1390287605134000000,1.35493,1.35493,1.35313,1.3594300000000001,18.0,STOP,1390291521234000000,1.35313,-18.0,-1.0,False
TRADE,1,2014-01-22 09:00:00,2014-01-22 13:30:00,-1,,,1390374007297000000,1.3555,1.3555,1.35318,1.3612999999999995,23.2,STOP,1390438179828000000,1.35315,-23.5,-1.01293,False
TRADE,1,2014-01-28 16:45:00,2014-01-29 09:30:00,-1,,,1390920307303000000,1.36758,1.36758,1.36578,1.37208,18.0,STOP,1390921562264000000,1.36576,-18.2,-1.01111,False
TRADE,1,2014-02-04 15:15:00,2014-02-05 14:00:00,-1,,,1391519705087000000,1.35209,1.35209,1.35017,1.35689,19.2,STOP,1391526576500000000,1.35017,-19.2,-1.0,False
TRADE,1,2014-02-05 11:15:00,2014-02-05 14:00:00,-1,,,1391591705822000000,1.35138,1.35138,1.34925,1.3567049999999998,21.3,STOP,1391691229180000000,1.34925,-21.3,-1.0,False
TRADE,-1,2014-02-05 14:00:00,2014-02-05 14:00:00,1,,,1391601605381000000,1.35196,1.35196,1.35348,1.34816,15.2,STOP,1391605551708000000,1.35348,-15.2,-1.0,False
TRADE,-1,2014-02-12 11:30:00,2014-02-12 11:45:00,1,,,1392197408061000000,1.36387,1.36387,1.3654899999999999,1.35982,16.2,TARGET,1392205132763000000,1.35982,40.5,2.5,False
TRADE,-1,2014-02-17 10:15:00,2014-02-17 14:15:00,1,,,1392624905241000000,1.37028,1.37028,1.37222,1.36543,19.4,STOP,1392714404480000000,1.37231,-20.3,-1.04639,False
TRADE,-1,2014-02-18 10:00:00,2014-02-18 15:00:00,1,,,1392710405503000000,1.3715,1.3715,1.3732,1.3672499999999999,17.0,STOP,1392721994183000000,1.37328,-17.8,-1.04706,False
TRADE,-1,2014-02-18 11:45:00,2014-02-19 20:15:00,1,,,1392716705743000000,1.37197,1.37197,1.3742299999999998,1.36632,22.6,STOP,1392730228447000000,1.37424,-22.7,-1.00442,False
TRADE,-1,2014-02-19 15:30:00,2014-02-19 20:00:00,1,,,1392816605299000000,1.37504,1.37504,1.37673,1.3708150000000001,16.9,TARGET,1392883528086000000,1.3708150000000001,42.25,2.5,False
TRADE,-1,2014-02-26 10:15:00,2014-02-26 13:15:00,1,,,1393402511443000000,1.37368,1.37368,1.3757,1.3686300000000002,20.2,STOP,1393405833643000000,1.3757,-20.2,-1.0,False
TRADE,1,2014-03-05 10:30:00,2014-03-05 14:15:00,-1,,,1394008205723000000,1.37335,1.37335,1.37121,1.3787000000000003,21.4,STOP,1394014466584000000,1.37106,-22.9,-1.07009,False
TRADE,1,2014-03-06 09:15:00,2014-03-06 11:45:00,-1,,,1394090116973000000,1.37271,1.37271,1.3709600000000002,1.377085,17.5,TARGET,1394109915795000000,1.377085,43.75,2.5,False
TRADE,1,2014-03-11 11:00:00,2014-03-11 15:30:00,-1,,,1394528405918000000,1.38575,1.38575,1.3840700000000001,1.3899499999999998,16.8,STOP,1394532715483000000,1.38407,-16.8,-1.0,False
TRADE,-1,2014-03-17 10:00:00,2014-03-18 10:15:00,1,,,1395043206749000000,1.38823,1.38823,1.39041,1.3827800000000003,21.8,STOP,1395046794745000000,1.39041,-21.8,-1.0,False
TRADE,-1,2014-03-19 11:45:00,2014-03-19 15:00:00,1,,,1395222307304000000,1.39112,1.39112,1.3927299999999998,1.3870950000000002,16.1,STOP,1395226051667000000,1.39273,-16.1,-1.0,False
TRADE,1,2014-03-24 15:15:00,2014-03-24 16:45:00,-1,,,1395666905132000000,1.37741,1.37741,1.37556,1.3820350000000003,18.5,TARGET,1395683134922000000,1.3820350000000003,46.25,2.5,False
TRADE,1,2014-03-25 16:30:00,2014-03-25 17:30:00,-1,,,1395757806363000000,1.37915,1.37915,1.3770600000000002,1.384375,20.9,STOP,1395764105703000000,1.37706,-20.9,-1.0,False
TRADE,1,2014-03-26 10:00:00,2014-03-27 17:00:00,-1,,,1395820805804000000,1.38162,1.38162,1.3792,1.3876700000000004,24.2,STOP,1395823815523000000,1.3792,-24.2,-1.0,False
TRADE,1,2014-03-27 08:30:00,2014-03-27 17:00:00,-1,,,1395901805032000000,1.37837,1.37837,1.37663,1.3827200000000004,17.4,STOP,1395907397720000000,1.37662,-17.5,-1.00575,False
TRADE,1,2014-03-27 15:30:00,2014-03-28 09:00:00,-1,,,1395927005838000000,1.37663,1.37663,1.3751200000000001,1.3804049999999997,15.1,STOP,1395935387418000000,1.37511,-15.2,-1.00662,False
TRADE,1,2014-04-02 15:30:00,2014-04-03 14:30:00,-1,,,1396441807326000000,1.37854,1.37854,1.3767900000000002,1.382915,17.5,STOP,1396448129716000000,1.37679,-17.5,-1.0,False
TRADE,1,2014-04-02 16:15:00,2014-04-03 14:30:00,-1,,,1396444511328000000,1.37843,1.37843,1.37648,1.3833050000000005,19.5,STOP,1396451392532000000,1.37643,-20.0,-1.02564,False
TRADE,1,2014-04-14 10:15:00,2014-04-14 14:30:00,-1,,,1397459707531000000,1.38485,1.38485,1.38334,1.3886249999999998,15.1,STOP,1397464862593000000,1.3833,-15.5,-1.02649,False
TRADE,1,2014-05-14 11:45:00,2014-05-15 09:45:00,-1,,,1400057105440000000,1.37176,1.37176,1.3702100000000002,1.375635,15.5,STOP,1400137703952000000,1.37019,-15.7,-1.0129,False
TRADE,1,2014-05-20 16:45:00,2014-05-21 02:30:00,-1,,,1400593505107000000,1.37047,1.37047,1.36897,1.3742200000000002,15.0,STOP,1400597059130000000,1.36895,-15.2,-1.01333,False
TRADE,1,2014-05-22 09:15:00,2014-05-22 09:30:00,-1,,,1400739305775000000,1.36698,1.36698,1.3653700000000002,1.3710049999999998,16.1,STOP,1400763992139000000,1.36537,-16.1,-1.0,False
TRADE,1,2014-05-29 15:00:00,2014-05-30 15:00:00,-1,,,1401364805258000000,1.36135,1.36135,1.3588500000000001,1.3676,25.0,STOP,1401727280087000000,1.35883,-25.2,-1.008,False
TRADE,1,2014-06-11 16:15:00,2014-06-12 16:30:00,-1,,,1402492505119000000,1.35449,1.35449,1.35256,1.359315,19.3,STOP,1402560557132000000,1.35256,-19.3,-1.0,False
TRADE,-1,2014-06-17 11:00:00,2014-06-17 14:30:00,1,,,1402992006208000000,1.356,1.356,1.3581100000000002,1.350725,21.1,STOP,1403101046636000000,1.35826,-22.6,-1.07109,False
TRADE,1,2014-08-27 15:45:00,2014-08-27 16:15:00,-1,,,1409143507707000000,1.31799,1.31799,1.31636,1.322065,16.3,TARGET,1409209794309000000,1.322065,40.75,2.5,False
TRADE,-1,2014-08-28 10:15:00,2014-08-28 11:45:00,1,,,1409210105135000000,1.32142,1.32142,1.32302,1.3174199999999998,16.0,TARGET,1409221302094000000,1.3174199999999998,40.0,2.5,False
TRADE,-1,2014-09-10 08:45:00,2014-09-10 14:30:00,1,,,1410327914369000000,1.29251,1.29251,1.29425,1.2881600000000004,17.4,STOP,1410331399135000000,1.29425,-17.4,-1.0,False
TRADE,-1,2014-09-10 10:15:00,2014-09-10 14:30:00,1,,,1410333305465000000,1.29261,1.29261,1.2942,1.2886350000000002,15.9,STOP,1410336948134000000,1.2942,-15.9,-1.0,False
TRADE,-1,2014-09-17 16:00:00,2014-09-17 17:15:00,1,,,1410958805001000000,1.29703,1.29703,1.2986099999999998,1.2930800000000002,15.8,TARGET,1410976834483000000,1.2930800000000002,39.5,2.5,False
TRADE,-1,2014-10-02 11:45:00,2014-10-02 14:30:00,1,,,1412239505059000000,1.2645,1.2645,1.26606,1.2606,15.6,STOP,1412254756129000000,1.26609,-15.9,-1.01923,False
TRADE,-1,2014-10-08 09:15:00,2014-10-08 13:45:00,1,,,1412748906303000000,1.26319,1.26319,1.26552,1.257365,23.3,STOP,1412755109149000000,1.26552,-23.3,-1.0,False
TRADE,-1,2014-10-13 10:30:00,2014-10-13 22:30:00,1,,,1413185406801000000,1.26539,1.26539,1.26763,1.25979,22.4,STOP,1413187358875000000,1.26764,-22.5,-1.00446,False
TRADE,-1,2014-10-13 15:30:00,2014-10-13 17:15:00,1,,,1413203405021000000,1.26796,1.26796,1.2697,1.26361,17.4,STOP,1413207585857000000,1.26971,-17.5,-1.00575,False
TRADE,1,2014-10-20 15:00:00,2014-10-20 17:30:00,-1,,,1413806406018000000,1.27689,1.27689,1.2750000000000001,1.281615,18.9,TARGET,1413832263387000000,1.281615,47.25,2.5,False
TRADE,1,2014-10-20 15:30:00,2014-10-20 16:00:00,-1,,,1413808206097000000,1.27818,1.27818,1.2761000000000002,1.2833799999999997,20.8,STOP,1413811066581000000,1.2761,-20.8,-1.0,False
TRADE,1,2014-11-04 08:30:00,2014-11-04 11:15:00,-1,,,1415082605401000000,1.25225,1.25225,1.2505600000000001,1.256475,16.9,STOP,1415085432129000000,1.25056,-16.9,-1.0,False
TRADE,1,2014-11-04 15:15:00,2014-11-04 16:15:00,-1,,,1415106905060000000,1.2515,1.2515,1.2498300000000002,1.2556749999999997,16.7,TARGET,1415115015406000000,1.2556749999999997,41.75,2.5,False
TRADE,-1,2014-11-06 11:45:00,2014-11-06 14:30:00,1,,,1415267105313000000,1.25096,1.25096,1.2527300000000001,1.246535,17.7,STOP,1415273170439000000,1.25274,-17.8,-1.00565,False
TRADE,-1,2014-11-19 09:00:00,2014-11-19 16:00:00,1,,,1416380405003000000,1.25221,1.25221,1.25438,1.246785,21.7,STOP,1416385058461000000,1.25438,-21.7,-1.0,False
TRADE,-1,2014-11-19 11:30:00,2014-11-19 16:00:00,1,,,1416389405312000000,1.2532,1.2532,1.25498,1.2487500000000002,17.8,STOP,1416404675685000000,1.25498,-17.8,-1.0,False
TRADE,1,2014-11-25 09:30:00,2014-11-25 10:30:00,-1,,,1416900605265000000,1.24178,1.24178,1.2398500000000001,1.2466050000000002,19.3,TARGET,1416927601216000000,1.2466050000000002,48.25,2.5,False
TRADE,1,2014-11-25 11:30:00,2014-11-25 16:30:00,-1,,,1416907808679000000,1.24281,1.24281,1.2412500000000002,1.2467099999999993,15.6,STOP,1416922202457000000,1.241,-18.1,-1.16026,False
TRADE,-1,2014-11-26 10:15:00,2014-11-26 11:00:00,1,,,1416989707063000000,1.24788,1.24788,1.2494100000000001,1.244055,15.3,STOP,1416991200139000000,1.24945,-15.7,-1.02614,False
TRADE,-1,2014-11-26 14:15:00,2014-11-26 17:45:00,1,,,1417004106102000000,1.2465,1.2465,1.24884,1.24065,23.4,STOP,1417008626719000000,1.24885,-23.5,-1.00427,False
TRADE,-1,2014-12-10 14:45:00,2014-12-10 17:30:00,1,,,1418215505607000000,1.23835,1.23835,1.24037,1.2333000000000003,20.2,STOP,1418222973219000000,1.24041,-20.6,-1.0198,False
TRADE,-1,2014-12-15 08:45:00,2014-12-15 10:00:00,1,,,1418625914770000000,1.2455,1.2455,1.24719,1.2412750000000001,16.9,STOP,1418628191579000000,1.24719,-16.9,-1.0,False
TRADE,-1,2014-12-17 09:15:00,2014-12-17 09:45:00,1,,,1418800505164000000,1.24915,1.24915,1.2510299999999999,1.2444500000000003,18.8,TARGET,1418829038439000000,1.2444500000000003,47.0,2.5,False
TRADE,1,2014-12-22 14:45:00,2014-12-22 21:45:00,-1,,,1419252307929000000,1.22577,1.22577,1.22425,1.2295699999999998,15.2,STOP,1419268484277000000,1.22425,-15.2,-1.0,False
TRADE,1,2014-12-23 10:00:00,2014-12-23 10:30:00,-1,,,1419321605078000000,1.22246,1.22246,1.22083,1.2265350000000002,16.3,STOP,1419340883564000000,1.22083,-16.3,-1.0,False
TRADE,1,2014-12-29 09:45:00,2014-12-29 11:15:00,-1,,,1419839105916000000,1.21746,1.21746,1.21553,1.2222849999999998,19.3,STOP,1419876267217000000,1.21551,-19.5,-1.01036,False
TRADE,-1,2015-01-13 09:15:00,2015-01-13 10:30:00,1,,,1421133305192000000,1.18375,1.18375,1.18534,1.1797750000000002,15.9,TARGET,1421142343676000000,1.1797750000000002,39.75,2.5,False
TRADE,1,2015-01-15 10:15:00,2015-01-15 11:30:00,-1,,,1421309705310000000,1.17654,1.17654,1.1742599999999999,1.1822400000000002,22.8,STOP,1421314259116000000,1.17425,-22.9,-1.00439,False
TRADE,1,2015-01-15 10:45:00,2015-01-15 11:30:00,-1,,,1421311505197000000,1.1759,1.1759,1.17387,1.1809749999999999,20.3,STOP,1421314263977000000,1.17387,-20.3,-1.0,False
TRADE,1,2015-01-20 10:15:00,2015-01-20 11:30:00,-1,,,1421741706074000000,1.15773,1.15773,1.15597,1.1621299999999999,17.6,STOP,1421770889002000000,1.15595,-17.8,-1.01136,False
TRADE,1,2015-01-21 09:15:00,2015-01-21 14:45:00,-1,,,1421824505227000000,1.15698,1.15698,1.1551699999999998,1.161505,18.1,STOP,1421827449764000000,1.15516,-18.2,-1.00552,False
TRADE,-1,2015-02-02 10:30:00,2015-02-02 13:15:00,1,,,1422865806210000000,1.13237,1.13237,1.13426,1.1276450000000002,18.9,STOP,1422865995225000000,1.13426,-18.9,-1.0,False
TRADE,-1,2015-02-03 09:00:00,2015-02-03 10:00:00,1,,,1422946805157000000,1.13391,1.13391,1.13541,1.1301599999999998,15.0,STOP,1422960337711000000,1.13545,-15.4,-1.02667,False
TRADE,1,2015-02-10 10:30:00,2015-02-10 13:45:00,-1,,,1423557006876000000,1.13197,1.13197,1.13017,1.13647,18.0,STOP,1423559960224000000,1.13017,-18.0,-1.0,False
TRADE,1,2015-02-17 08:45:00,2015-02-17 11:00:00,-1,,,1424155505020000000,1.13522,1.13522,1.13348,1.1395699999999995,17.4,TARGET,1424165416252000000,1.1395699999999995,43.5,2.5,False
TRADE,1,2015-02-18 15:15:00,2015-02-18 21:00:00,-1,,,1424265305366000000,1.13718,1.13718,1.13544,1.1415300000000004,17.4,STOP,1424271484401000000,1.13544,-17.4,-1.0,False
TRADE,1,2015-02-24 16:15:00,2015-02-24 17:15:00,-1,,,1424787305208000000,1.13189,1.13189,1.12949,1.13789,24.0,STOP,1424790073407000000,1.12941,-24.8,-1.03333,False
TRADE,-1,2015-02-25 10:45:00,2015-02-25 12:30:00,1,,,1424853905445000000,1.13705,1.13705,1.1387299999999998,1.1328500000000001,16.8,TARGET,1424953814637000000,1.1328500000000001,42.0,2.5,False
TRADE,1,2015-03-02 15:45:00,2015-03-03 11:30:00,-1,,,1425303905710000000,1.12174,1.12174,1.1199599999999998,1.1261900000000002,17.8,STOP,1425309270767000000,1.11993,-18.1,-1.01685,False
TRADE,-1,2015-03-18 10:45:00,2015-03-18 14:45:00,1,,,1426668305167000000,1.061,1.061,1.06293,1.056175,19.3,STOP,1426674665554000000,1.06293,-19.3,-1.0,False
TRADE,-1,2015-03-18 16:00:00,2015-03-18 20:00:00,1,,,1426687205161000000,1.06114,1.06114,1.06355,1.0551149999999998,24.1,STOP,1426693352596000000,1.06357,-24.3,-1.0083,False
TRADE,1,2015-04-07 08:00:00,2015-04-07 11:15:00,-1,,,1428382805492000000,1.09247,1.09247,1.09023,1.09807,22.4,STOP,1428394134012000000,1.09022,-22.5,-1.00446,False
TRADE,1,2015-04-07 11:00:00,2015-04-07 11:15:00,-1,,,1428393605433000000,1.09212,1.09212,1.0900800000000002,1.0972199999999996,20.4,STOP,1428394179758000000,1.09008,-20.4,-1.0,False
TRADE,-1,2015-04-15 09:30:00,2015-04-15 10:15:00,1,,,1429079405505000000,1.06479,1.06479,1.0669399999999998,1.0594150000000002,21.5,TARGET,1429085890678000000,1.0594150000000002,53.75,2.5,False
TRADE,1,2015-04-21 08:30:00,2015-04-21 09:45:00,-1,,,1429594205358000000,1.0723,1.0723,1.07063,1.0764750000000003,16.7,STOP,1429596457161000000,1.07063,-16.7,-1.0,False
TRADE,1,2015-04-23 08:00:00,2015-04-23 11:15:00,-1,,,1429765206094000000,1.07038,1.07038,1.0686600000000002,1.0746799999999999,17.2,STOP,1429770984186000000,1.06864,-17.4,-1.01163,False
TRADE,-1,2015-04-28 11:45:00,2015-04-28 13:45:00,1,,,1430210705257000000,1.08836,1.08836,1.0904099999999999,1.0832350000000002,20.5,STOP,1430211453893000000,1.09042,-20.6,-1.00488,False
TRADE,-1,2015-06-16 09:45:00,2015-06-16 09:45:00,1,,,1434437105081000000,1.12785,1.12785,1.13001,1.1224500000000002,21.6,STOP,1434437596959000000,1.13001,-21.6,-1.0,False
TRADE,-1,2015-06-17 10:00:00,2015-06-17 11:45:00,1,,,1434524405315000000,1.12581,1.12581,1.12776,1.1209349999999998,19.5,STOP,1434524851532000000,1.12782,-20.1,-1.03077,False
TRADE,1,2015-07-29 16:30:00,2015-07-29 21:00:00,-1,,,1438176606351000000,1.10361,1.10361,1.1011900000000001,1.1096599999999996,24.2,STOP,1438182404586000000,1.10113,-24.8,-1.02479,False
TRADE,1,2015-08-17 14:00:00,2015-08-17 15:00:00,-1,,,1439809205502000000,1.10872,1.10872,1.107,1.1130199999999997,17.2,STOP,1439824222600000000,1.107,-17.2,-1.0,False
TRADE,1,2015-08-18 10:30:00,2015-08-18 10:45:00,-1,,,1439883005334000000,1.10644,1.10644,1.1047600000000002,1.1106399999999998,16.8,STOP,1439901336242000000,1.10476,-16.8,-1.0,False
TRADE,1,2015-08-18 11:45:00,2015-08-18 18:30:00,-1,,,1439887505353000000,1.10734,1.10734,1.1051,1.11294,22.4,STOP,1439901334701000000,1.10503,-23.1,-1.03125,False
TRADE,1,2015-09-03 09:30:00,2015-09-03 10:00:00,-1,,,1441261808539000000,1.12226,1.12226,1.12074,1.1260599999999998,15.2,STOP,1441283583173000000,1.12074,-15.2,-1.0,False
TRADE,1,2015-09-30 14:30:00,2015-10-01 06:30:00,-1,,,1443612605075000000,1.12062,1.12062,1.11852,1.12587,21.0,STOP,1443615567436000000,1.11851,-21.1,-1.00476,False
TRADE,1,2015-10-06 09:15:00,2015-10-06 09:30:00,-1,,,1444112105685000000,1.11785,1.11785,1.1162400000000001,1.1218749999999997,16.1,TARGET,1444117216488000000,1.1218749999999997,40.25,2.5,False
TRADE,-1,2015-10-08 10:00:00,2015-10-08 10:15:00,1,,,1444287605394000000,1.12624,1.12624,1.12791,1.1220649999999996,16.7,STOP,1444288658747000000,1.12794,-17.0,-1.01796,False
TRADE,-1,2015-10-13 15:30:00,2015-10-13 17:00:00,1,,,1444739405022000000,1.13869,1.13869,1.1404,1.1344149999999997,17.1,STOP,1444805280524000000,1.1404,-17.1,-1.0,False
TRADE,-1,2015-10-14 15:15:00,2015-10-14 15:30:00,1,,,1444824905164000000,1.14094,1.14094,1.14264,1.13669,17.0,STOP,1444825802405000000,1.14351,-25.7,-1.51176,False
TRADE,1,2015-10-19 10:15:00,2015-10-19 17:45:00,-1,,,1445238905448000000,1.13579,1.13579,1.1337000000000002,1.141015,20.9,STOP,1445247455359000000,1.1337,-20.9,-1.0,False
TRADE,1,2015-10-27 10:00:00,2015-10-27 14:15:00,-1,,,1445932805093000000,1.10555,1.10555,1.10379,1.10995,17.6,STOP,1445937338290000000,1.10377,-17.8,-1.01136,False
TRADE,1,2015-10-28 10:45:00,2015-10-28 11:00:00,-1,,,1446021908724000000,1.10368,1.10368,1.10205,1.107755,16.3,TARGET,1446035974279000000,1.107755,40.75,2.5,False
TRADE,1,2015-11-10 10:15:00,2015-11-10 14:45:00,-1,,,1447143305118000000,1.07481,1.07481,1.07299,1.0793599999999999,18.2,STOP,1447147060822000000,1.07299,-18.2,-1.0,False
TRADE,-1,2015-11-11 10:00:00,2015-11-11 13:15:00,1,,,1447228809737000000,1.07493,1.07493,1.07677,1.0703299999999998,18.4,STOP,1447288754303000000,1.07677,-18.4,-1.0,False
TRADE,-1,2015-11-18 14:15:00,2015-11-18 16:00:00,1,,,1447848906295000000,1.06718,1.06718,1.06869,1.0634050000000004,15.1,TARGET,1447864052056000000,1.0634050000000004,37.75,2.5,False
TRADE,-1,2015-11-19 11:00:00,2015-11-19 18:00:00,1,,,1447923605487000000,1.06889,1.06889,1.0712199999999998,1.063065,23.3,STOP,1447933777740000000,1.07124,-23.5,-1.00858,False
TRADE,1,2015-11-26 09:45:00,2015-11-27 08:45:00,-1,,,1448523905096000000,1.06072,1.06072,1.05891,1.0652450000000004,18.1,STOP,1448617868422000000,1.05891,-18.1,-1.0,False
TRADE,1,2015-12-01 10:15:00,2015-12-01 10:45:00,-1,,,1448957705680000000,1.05785,1.05785,1.05612,1.0621749999999999,17.3,TARGET,1448979035100000000,1.0621749999999999,43.25,2.5,False
TRADE,-1,2015-12-02 10:00:00,2015-12-02 12:00:00,1,,,1449043205166000000,1.06242,1.06242,1.0643599999999998,1.0575700000000003,19.4,TARGET,1449068113775000000,1.0575700000000003,48.5,2.5,False
TRADE,1,2015-12-14 09:15:00,2015-12-14 13:15:00,-1,,,1450077305210000000,1.09598,1.09598,1.09448,1.09973,15.0,TARGET,1450103503200000000,1.09973,37.5,2.5,False
TRADE,1,2015-12-14 10:45:00,2015-12-14 13:15:00,-1,,,1450082708689000000,1.09463,1.09463,1.09233,1.10038,23.0,TARGET,1450105766788000000,1.10038,57.5,2.5,False
TRADE,1,2015-12-16 16:30:00,2015-12-16 17:45:00,-1,,,1450276205020000000,1.09265,1.09265,1.09111,1.0964999999999996,15.4,TARGET,1450291030924000000,1.0964999999999996,38.5,2.5,False
TRADE,-1,2015-12-21 15:15:00,2015-12-21 17:15:00,1,,,1450703705097000000,1.08709,1.08709,1.0888099999999998,1.0827900000000001,17.2,STOP,1450705457097000000,1.08881,-17.2,-1.0,False
TRADE,-1,2015-12-22 10:00:00,2015-12-22 16:30:00,1,,,1450771205059000000,1.09195,1.09195,1.0939199999999998,1.0870250000000006,19.7,STOP,1450777061312000000,1.09394,-19.9,-1.01015,False
TRADE,-1,2015-12-24 16:45:00,2015-12-29 15:00:00,1,,,1450968307018000000,1.09558,1.09558,1.0979400000000001,1.0896799999999995,23.6,STOP,1451294697640000000,1.09795,-23.7,-1.00424,False
TRADE,1,2015-12-30 15:30:00,2015-12-30 15:45:00,-1,,,1451482208034000000,1.09196,1.09196,1.0903900000000002,1.0958849999999996,15.7,STOP,1451495395223000000,1.09033,-16.3,-1.03822,False
TRADE,1,2015-12-30 16:45:00,2015-12-31 14:30:00,-1,,,1451486705303000000,1.09276,1.09276,1.09102,1.0971099999999996,17.4,STOP,1451490321921000000,1.09101,-17.5,-1.00575,False
TRADE,1,2016-01-19 10:45:00,2016-01-19 10:45:00,-1,,,1453193105395000000,1.08657,1.08657,1.0849900000000001,1.0905199999999997,15.8,TARGET,1453214945127000000,1.0905199999999997,39.5,2.5,False
TRADE,1,2016-01-25 14:30:00,2016-01-25 15:15:00,-1,,,1453725005008000000,1.08119,1.08119,1.07965,1.0850400000000002,15.4,TARGET,1453753941656000000,1.0850400000000002,38.5,2.5,False
TRADE,-1,2016-01-26 08:45:00,2016-01-26 11:00:00,1,,,1453790706462000000,1.0859,1.0859,1.08769,1.0814250000000003,17.9,STOP,1453879199320000000,1.08774,-18.4,-1.02793,False
TRADE,-1,2016-01-26 09:30:00,2016-01-26 10:45:00,1,,,1453793405278000000,1.08686,1.08686,1.08906,1.08136,22.0,STOP,1453899373780000000,1.08907,-22.1,-1.00455,False
TRADE,-1,2016-01-27 11:00:00,2016-01-27 15:15:00,1,,,1453885205761000000,1.08676,1.08676,1.0883699999999998,1.0827350000000002,16.1,STOP,1453899084985000000,1.08846,-17.0,-1.0559,False
TRADE,-1,2016-02-03 14:45:00,2016-02-03 15:15:00,1,,,1454503505385000000,1.09298,1.09298,1.09507,1.0877550000000002,20.9,STOP,1454505763848000000,1.09508,-21.0,-1.00478,False
TRADE,-1,2016-02-08 10:15:00,2016-02-08 13:00:00,1,,,1454919305016000000,1.11489,1.11489,1.11639,1.1111399999999998,15.0,STOP,1454922690922000000,1.11645,-15.6,-1.04,False
TRADE,1,2016-02-17 15:15:00,2016-02-17 21:00:00,-1,,,1455714905141000000,1.1136,1.1136,1.1119999999999999,1.1176,16.0,STOP,1455715951662000000,1.11199,-16.1,-1.00625,False
TRADE,1,2016-02-18 10:00:00,2016-02-18 16:15:00,-1,,,1455782405191000000,1.1128,1.1128,1.11074,1.11795,20.6,STOP,1455796022852000000,1.11074,-20.6,-1.0,False
TRADE,1,2016-02-23 10:30:00,2016-02-23 11:30:00,-1,,,1456216205065000000,1.10368,1.10368,1.1019,1.1081299999999996,17.8,STOP,1456218527732000000,1.10185,-18.3,-1.02809,False
TRADE,1,2016-03-15 09:15:00,2016-03-15 09:30:00,-1,,,1458026105057000000,1.10927,1.10927,1.10761,1.11342,16.6,STOP,1458035960119000000,1.10757,-17.0,-1.0241,False
TRADE,1,2016-03-15 11:30:00,2016-03-15 14:30:00,-1,,,1458034205027000000,1.10949,1.10949,1.10749,1.11449,20.0,STOP,1458035960455000000,1.10749,-20.0,-1.0,False
TRADE,1,2016-03-16 08:45:00,2016-03-16 19:45:00,-1,,,1458110705482000000,1.10886,1.10886,1.10733,1.112685,15.3,STOP,1458133845078000000,1.1073,-15.6,-1.01961,False
TRADE,1,2016-03-16 14:45:00,2016-03-16 20:00:00,-1,,,1458132306024000000,1.10826,1.10826,1.10635,1.1130350000000002,19.1,STOP,1458134065557000000,1.10635,-19.1,-1.0,False
TRADE,-1,2016-04-11 15:30:00,2016-04-11 18:45:00,1,,,1460377805584000000,1.14071,1.14071,1.14286,1.1353349999999995,21.5,STOP,1460382504500000000,1.14286,-21.5,-1.0,False
TRADE,-1,2016-04-18 15:30:00,2016-04-18 16:30:00,1,,,1460982606098000000,1.13166,1.13166,1.13364,1.1267100000000005,19.8,STOP,1461046656722000000,1.13365,-19.9,-1.00505,False
TRADE,-1,2016-04-26 09:15:00,2016-04-26 10:00:00,1,,,1461651307748000000,1.12722,1.12722,1.12873,1.1234450000000002,15.1,STOP,1461658963807000000,1.12873,-15.1,-1.0,False
TRADE,-1,2016-04-26 15:15:00,2016-04-26 15:30:00,1,,,1461672905024000000,1.12864,1.12864,1.1305200000000002,1.1239399999999997,18.8,STOP,1461674104769000000,1.13053,-18.9,-1.00532,False
TRADE,-1,2016-04-27 09:30:00,2016-04-27 12:15:00,1,,,1461738605391000000,1.13049,1.13049,1.13209,1.12649,16.0,STOP,1461740394425000000,1.1321,-16.1,-1.00625,False
TRADE,-1,2016-04-27 15:30:00,2016-04-27 21:00:00,1,,,1461760205060000000,1.1311,1.1311,1.1331399999999998,1.1260000000000003,20.4,STOP,1461777274250000000,1.13315,-20.5,-1.0049,False
TRADE,1,2016-05-05 10:15:00,2016-05-05 13:00:00,-1,,,1462432505076000000,1.14741,1.14741,1.14557,1.1520100000000002,18.4,STOP,1462434805438000000,1.14547,-19.4,-1.05435,False
TRADE,1,2016-05-09 08:45:00,2016-05-09 09:45:00,-1,,,1462772705732000000,1.13994,1.13994,1.13836,1.1438899999999999,15.8,STOP,1462789939320000000,1.13836,-15.8,-1.0,False
TRADE,1,2016-05-09 10:15:00,2016-05-11 16:30:00,-1,,,1462778105292000000,1.14009,1.14009,1.1378800000000002,1.1456149999999996,22.1,STOP,1462792885032000000,1.13785,-22.4,-1.01357,False
TRADE,1,2016-05-17 11:45:00,2016-05-17 16:45:00,-1,,,1463474705496000000,1.13242,1.13242,1.13067,1.1367949999999998,17.5,STOP,1463488202195000000,1.13065,-17.7,-1.01143,False
TRADE,1,2016-05-23 15:30:00,2016-05-23 20:00:00,-1,,,1464006605107000000,1.12035,1.12035,1.11862,1.1246749999999999,17.3,STOP,1464075929664000000,1.1186,-17.5,-1.01156,False
TRADE,1,2016-05-24 10:00:00,2016-05-24 17:30:00,-1,,,1464073205145000000,1.1203,1.1203,1.1181100000000002,1.125775,21.9,STOP,1464076405413000000,1.11811,-21.9,-1.0,False
TRADE,1,2016-05-24 10:30:00,2016-05-24 22:15:00,-1,,,1464075005390000000,1.11947,1.11947,1.11721,1.12512,22.6,STOP,1464077151683000000,1.11721,-22.6,-1.0,False
TRADE,1,2016-06-13 15:30:00,2016-06-13 17:00:00,-1,,,1465821005004000000,1.12598,1.12598,1.12397,1.131005,20.1,STOP,1465823487646000000,1.12397,-20.1,-1.0,False
TRADE,-1,2016-07-04 14:45:00,2016-07-05 10:15:00,1,,,1467632705418000000,1.11376,1.11376,1.11563,1.1090850000000005,18.7,STOP,1467658648059000000,1.11563,-18.7,-1.0,False
TRADE,-1,2016-07-05 09:45:00,2016-07-05 10:15:00,1,,,1467701105340000000,1.11399,1.11399,1.11615,1.1085900000000002,21.6,STOP,1467703783960000000,1.11619,-22.0,-1.01852,False
TRADE,-1,2016-07-05 10:15:00,2016-07-05 10:15:00,1,,,1467702905327000000,1.11411,1.11411,1.11597,1.10946,18.6,STOP,1467703783756000000,1.11603,-19.2,-1.03226,False
TRADE,1,2016-07-13 10:15:00,2016-07-13 12:30:00,-1,,,1468394105482000000,1.10469,1.10469,1.10268,1.1097149999999996,20.1,TARGET,1468419394025000000,1.1097149999999996,50.25,2.5,False
TRADE,-1,2016-07-21 09:45:00,2016-07-21 10:15:00,1,,,1469083505236000000,1.10427,1.10427,1.1059900000000003,1.0999699999999997,17.2,STOP,1469104857129000000,1.106,-17.3,-1.00581,False
TRADE,-1,2016-08-23 10:15:00,2016-08-23 13:00:00,1,,,1471936505334000000,1.1345,1.1345,1.13638,1.1298000000000004,18.8,TARGET,1471998072252000000,1.1298000000000004,47.0,2.5,False
TRADE,-1,2016-08-25 16:00:00,2016-08-25 18:45:00,1,,,1472130005012000000,1.12937,1.12937,1.1312799999999998,1.1245950000000002,19.1,TARGET,1472220025009000000,1.1245950000000002,47.75,2.5,False
TRADE,1,2016-09-13 16:15:00,2016-09-13 17:00:00,-1,,,1473772506170000000,1.1227,1.1227,1.12061,1.1279249999999998,20.9,STOP,1473791256262000000,1.12059,-21.1,-1.00957,False
TRADE,1,2016-09-14 10:30:00,2016-09-14 17:15:00,-1,,,1473838205014000000,1.12241,1.12241,1.1204599999999998,1.127285,19.5,TARGET,1473866761794000000,1.127285,48.75,2.5,False
TRADE,1,2016-09-14 11:45:00,2016-09-14 12:30:00,-1,,,1473842706392000000,1.12162,1.12162,1.1199100000000002,1.1258949999999999,17.1,TARGET,1473865495400000000,1.1258949999999999,42.75,2.5,False
TRADE,1,2016-09-29 15:45:00,2016-09-29 17:00:00,-1,,,1475153105224000000,1.12069,1.12069,1.11868,1.125715,20.1,STOP,1475219966663000000,1.11861,-20.8,-1.03483,False
TRADE,-1,2016-10-03 10:45:00,2016-10-03 17:00:00,1,,,1475480705033000000,1.12366,1.12366,1.1255600000000001,1.11891,19.0,TARGET,1475560627575000000,1.11891,47.5,2.5,False
TRADE,1,2016-10-06 10:30:00,2016-10-06 11:00:00,-1,,,1475739005199000000,1.11863,1.11863,1.1170900000000001,1.1224799999999997,15.4,STOP,1475759515479000000,1.11708,-15.5,-1.00649,False
TRADE,1,2016-10-19 14:00:00,2016-10-20 15:30:00,-1,,,1476874805009000000,1.09853,1.09853,1.0966200000000002,1.1033049999999998,19.1,STOP,1476879744915000000,1.09662,-19.1,-1.0,False
TRADE,-1,2016-10-27 16:15:00,2016-10-27 17:00:00,1,,,1477574107040000000,1.09265,1.09265,1.0941699999999999,1.0888499999999999,15.2,STOP,1477579562451000000,1.09417,-15.2,-1.0,False
TRADE,1,2016-11-23 14:00:00,2016-11-23 15:30:00,-1,,,1479902405567000000,1.06216,1.06216,1.0605600000000002,1.0661599999999996,16.0,STOP,1479906091550000000,1.06056,-16.0,-1.0,False
TRADE,1,2016-11-29 09:30:00,2016-11-29 10:00:00,-1,,,1480404605428000000,1.0593,1.0593,1.0576299999999998,1.063475,16.7,STOP,1480424817157000000,1.0576,-17.0,-1.01796,False
TRADE,-1,2016-11-29 10:00:00,2016-11-29 11:00:00,1,,,1480406405029000000,1.06041,1.06041,1.06203,1.0563600000000002,16.2,STOP,1480432709073000000,1.06213,-17.2,-1.06173,False
TRADE,-1,2016-11-30 10:30:00,2016-11-30 15:15:00,1,,,1480494607241000000,1.06374,1.06374,1.06584,1.05849,21.0,STOP,1480495781310000000,1.06584,-21.0,-1.0,False
TRADE,-1,2016-12-07 10:45:00,2016-12-07 12:00:00,1,,,1481100305259000000,1.07314,1.07314,1.07528,1.06779,21.4,STOP,1481123770219000000,1.07528,-21.4,-1.0,False
TRADE,-1,2016-12-14 14:00:00,2016-12-14 16:00:00,1,,,1481716808376000000,1.06488,1.06488,1.0664500000000001,1.0609549999999999,15.7,STOP,1481736658341000000,1.06649,-16.1,-1.02548,False
TRADE,-1,2016-12-19 09:00:00,2016-12-19 11:45:00,1,,,1482130805160000000,1.04733,1.04733,1.0493400000000002,1.0423049999999998,20.1,TARGET,1482152841228000000,1.0423049999999998,50.25,2.5,False
TRADE,-1,2016-12-22 16:15:00,2016-12-22 18:00:00,1,,,1482416105423000000,1.04511,1.04511,1.04748,1.039185,23.7,STOP,1482419054312000000,1.04748,-23.7,-1.0,False
TRADE,-1,2016-12-29 11:15:00,2016-12-30 01:15:00,1,,,1483002905356000000,1.04563,1.04563,1.04731,1.0414300000000003,16.8,STOP,1483004996991000000,1.0474,-17.7,-1.05357,False
TRADE,-1,2016-12-29 16:00:00,2016-12-30 01:30:00,1,,,1483020005193000000,1.0463,1.0463,1.0484499999999999,1.0409250000000003,21.5,STOP,1483027072770000000,1.04846,-21.6,-1.00465,False
TRADE,1,2017-01-11 11:15:00,2017-01-11 14:00:00,-1,,,1484126105040000000,1.05455,1.05455,1.0529600000000001,1.058525,15.9,STOP,1484129085910000000,1.05295,-16.0,-1.00629,False
TRADE,1,2017-01-16 09:15:00,2017-01-17 06:00:00,-1,,,1484550905245000000,1.06095,1.06095,1.05863,1.0667500000000003,23.2,STOP,1484557027987000000,1.05863,-23.2,-1.0,False
TRADE,-1,2017-01-18 10:15:00,2017-01-18 14:45:00,1,,,1484727305201000000,1.06959,1.06959,1.07168,1.0643650000000002,20.9,TARGET,1484770114338000000,1.0643650000000002,52.25,2.5,False
TRADE,1,2017-01-26 11:45:00,2017-01-26 16:15:00,-1,,,1485423905451000000,1.07288,1.07288,1.07114,1.0772300000000001,17.4,STOP,1485435595859000000,1.07114,-17.4,-1.0,False
TRADE,1,2017-01-26 15:00:00,2017-01-27 16:00:00,-1,,,1485435605163000000,1.07104,1.07104,1.0686200000000001,1.0770899999999997,24.2,STOP,1485440389793000000,1.06858,-24.6,-1.01653,False
TRADE,-1,2017-01-31 10:00:00,2017-01-31 13:45:00,1,,,1485849605109000000,1.06998,1.06998,1.0716899999999998,1.0657050000000003,17.1,STOP,1485850096585000000,1.07171,-17.3,-1.0117,False
TRADE,1,2017-01-31 11:30:00,2017-01-31 12:00:00,-1,,,1485855005069000000,1.06941,1.06941,1.06744,1.074335,19.7,TARGET,1485863244489000000,1.074335,49.25,2.5,False
TRADE,-1,2017-02-02 09:30:00,2017-02-02 18:15:00,1,,,1486020605222000000,1.07956,1.07956,1.08149,1.074735,19.3,STOP,1486025398026000000,1.08149,-19.3,-1.0,False
TRADE,1,2017-02-09 15:30:00,2017-02-10 09:45:00,-1,,,1486647005271000000,1.06811,1.06811,1.06652,1.072085,15.9,STOP,1486652252086000000,1.06651,-16.0,-1.00629,False
TRADE,1,2017-02-20 15:00:00,2017-02-21 10:30:00,-1,,,1487595605240000000,1.06103,1.06103,1.05915,1.0657299999999996,18.8,STOP,1487637581507000000,1.05915,-18.8,-1.0,False
TRADE,-1,2017-02-23 10:15:00,2017-02-23 12:00:00,1,,,1487837705050000000,1.05629,1.05629,1.05862,1.050465,23.3,STOP,1487861581470000000,1.05862,-23.3,-1.0,False
TRADE,-1,2017-02-27 10:00:00,2017-02-27 18:45:00,1,,,1488182405201000000,1.05801,1.05801,1.0599299999999998,1.05321,19.2,STOP,1488203679401000000,1.05995,-19.4,-1.01042,False
TRADE,-1,2017-02-28 11:15:00,2017-02-28 21:45:00,1,,,1488273305555000000,1.05917,1.05917,1.06094,1.0547449999999998,17.7,STOP,1488294271928000000,1.06094,-17.7,-1.0,False
TRADE,-1,2017-02-28 15:15:00,2017-02-28 20:45:00,1,,,1488287705225000000,1.05973,1.05973,1.06124,1.0559550000000004,15.1,STOP,1488294275950000000,1.06133,-16.0,-1.0596,False
TRADE,1,2017-03-02 11:45:00,2017-03-03 13:45:00,-1,,,1488447916475000000,1.05262,1.05262,1.05064,1.0575699999999997,19.8,STOP,1488463421734000000,1.05063,-19.9,-1.00505,False
TRADE,-1,2017-03-06 15:30:00,2017-03-06 18:30:00,1,,,1488807017635000000,1.06014,1.06014,1.0619,1.0557400000000001,17.6,TARGET,1488959247332000000,1.0557400000000001,44.0,2.5,False
TRADE,1,2017-03-09 09:30:00,2017-03-09 10:00:00,-1,,,1489044605201000000,1.05274,1.05274,1.05087,1.0574150000000002,18.7,TARGET,1489066752117000000,1.0574150000000002,46.75,2.5,False
TRADE,1,2017-03-14 10:00:00,2017-03-15 09:30:00,-1,,,1489478405259000000,1.06385,1.06385,1.06219,1.068,16.6,STOP,1489514314052000000,1.06219,-16.6,-1.0,False
TRADE,-1,2017-03-22 08:45:00,2017-03-22 09:30:00,1,,,1490165105447000000,1.08104,1.08104,1.08269,1.076915,16.5,TARGET,1490265040330000000,1.076915,41.25,2.5,False
TRADE,-1,2017-03-22 15:00:00,2017-03-23 03:00:00,1,,,1490187605052000000,1.08033,1.08033,1.0824099999999999,1.0751300000000004,20.8,STOP,1490194466931000000,1.08241,-20.8,-1.0,False
TRADE,-1,2017-03-28 15:30:00,2017-03-28 19:00:00,1,,,1490704205132000000,1.08644,1.08644,1.0882500000000002,1.081915,18.1,TARGET,1490724016572000000,1.081915,45.25,2.5,False
TRADE,-1,2017-04-05 14:45:00,2017-04-05 15:15:00,1,,,1491392705050000000,1.06815,1.06815,1.07008,1.0633249999999999,19.3,TARGET,1491463052874000000,1.0633249999999999,48.25,2.5,False
TRADE,1,2017-04-06 15:30:00,2017-04-07 19:30:00,-1,,,1491481805453000000,1.06576,1.06576,1.0638100000000001,1.0706349999999998,19.5,STOP,1491499595459000000,1.06381,-19.5,-1.0,False
TRADE,1,2017-04-27 15:00:00,2017-04-27 15:30:00,-1,,,1493294405428000000,1.08871,1.08871,1.08699,1.0930100000000005,17.2,TARGET,1493296896219000000,1.0930100000000005,43.0,2.5,False
TRADE,-1,2017-05-08 08:45:00,2017-05-08 10:00:00,1,,,1494222305136000000,1.09896,1.09896,1.10104,1.0937599999999996,20.8,TARGET,1494236769391000000,1.0937599999999996,52.0,2.5,False
TRADE,-1,2017-05-08 09:45:00,2017-05-08 10:00:00,1,,,1494225905690000000,1.09876,1.09876,1.1002999999999998,1.0949100000000003,15.4,TARGET,1494234745722000000,1.0949100000000003,38.5,2.5,False
TRADE,-1,2017-05-25 10:30:00,2017-05-25 12:30:00,1,,,1495697406642000000,1.12384,1.12384,1.12536,1.12004,15.2,TARGET,1495716171484000000,1.12004,38.0,2.5,False
TRADE,-1,2017-05-31 10:00:00,2017-05-31 16:45:00,1,,,1496214005043000000,1.11879,1.11879,1.12076,1.1138649999999999,19.7,STOP,1496226367882000000,1.12081,-20.2,-1.02538,False
TRADE,-1,2017-06-05 10:15:00,2017-06-05 13:15:00,1,,,1496646905042000000,1.12752,1.12752,1.1293,1.1230700000000002,17.8,TARGET,1496830496432000000,1.1230700000000002,44.5,2.5,False
TRADE,1,2017-06-08 11:30:00,2017-06-08 15:30:00,-1,,,1496910605494000000,1.1252,1.1252,1.12369,1.1289749999999996,15.1,STOP,1496915294707000000,1.12367,-15.3,-1.01325,False
TRADE,-1,2017-06-12 14:15:00,2017-06-12 16:45:00,1,,,1497266105185000000,1.12241,1.12241,1.1242299999999998,1.11786,18.2,STOP,1497443469182000000,1.12425,-18.4,-1.01099,False
TRADE,1,2017-06-21 16:30:00,2017-06-21 21:15:00,-1,,,1498051805615000000,1.11337,1.11337,1.11127,1.11862,21.0,TARGET,1498205431607000000,1.11862,52.5,2.5,False
TRADE,1,2017-07-04 08:30:00,2017-07-05 13:00:00,-1,,,1499146205269000000,1.13582,1.13582,1.1341,1.14012,17.2,STOP,1499147118658000000,1.134,-18.2,-1.05814,False
TRADE,1,2017-07-05 11:30:00,2017-07-05 21:00:00,-1,,,1499243405308000000,1.13504,1.13504,1.13332,1.1393399999999998,17.2,STOP,1499245213697000000,1.13331,-17.3,-1.00581,False
TRADE,1,2017-07-20 10:30:00,2017-07-20 15:30:00,-1,,,1500535805625000000,1.15075,1.15075,1.1487699999999998,1.1557000000000002,19.8,STOP,1500551103541000000,1.14859,-21.6,-1.09091,False
TRADE,1,2017-07-26 11:00:00,2017-07-26 13:15:00,-1,,,1501056006254000000,1.16298,1.16298,1.16119,1.167455,17.9,TARGET,1501092281468000000,1.167455,44.75,2.5,False
TRADE,1,2017-07-26 16:45:00,2017-07-26 21:00:00,-1,,,1501076706720000000,1.16351,1.16351,1.1611600000000002,1.1693849999999997,23.5,TARGET,1501092566092000000,1.1693849999999997,58.75,2.5,False
TRADE,-1,2017-07-31 09:00:00,2017-07-31 09:15:00,1,,,1501480805337000000,1.17455,1.17455,1.1761599999999999,1.1705250000000003,16.1,STOP,1501512648839000000,1.17616,-16.1,-1.0,False
TRADE,-1,2017-08-03 10:00:00,2017-08-03 11:00:00,1,,,1501743605695000000,1.18526,1.18526,1.18681,1.1813850000000001,15.5,STOP,1501762697734000000,1.18682,-15.6,-1.00645,False
TRADE,1,2017-08-07 15:45:00,2017-08-08 04:00:00,-1,,,1502109905341000000,1.17883,1.17883,1.1770800000000001,1.1832049999999998,17.5,STOP,1502201993723000000,1.17707,-17.6,-1.00571,False
TRADE,1,2017-08-16 09:30:00,2017-08-16 10:15:00,-1,,,1502865005111000000,1.17251,1.17251,1.17035,1.1779099999999998,21.6,STOP,1502870738777000000,1.17034,-21.7,-1.00463,False
TRADE,1,2017-08-22 15:45:00,2017-08-23 10:30:00,-1,,,1503405905164000000,1.17556,1.17556,1.1736,1.1804599999999998,19.6,TARGET,1503489688437000000,1.1804599999999998,49.0,2.5,False
TRADE,-1,2017-09-06 09:00:00,2017-09-07 11:45:00,1,,,1504677605079000000,1.19244,1.19244,1.19423,1.1879650000000002,17.9,STOP,1504685155316000000,1.19426,-18.2,-1.01676,False
TRADE,-1,2017-09-06 15:00:00,2017-09-06 17:15:00,1,,,1504699205400000000,1.19323,1.19323,1.1947699999999999,1.1893800000000003,15.4,STOP,1504712059489000000,1.19479,-15.6,-1.01299,False
TRADE,-1,2017-09-07 10:15:00,2017-09-07 15:30:00,1,,,1504768511061000000,1.19401,1.19401,1.19625,1.18841,22.4,STOP,1504772966035000000,1.19628,-22.7,-1.01339,False
TRADE,-1,2017-09-11 10:45:00,2017-09-11 14:30:00,1,,,1505115905103000000,1.20115,1.20115,1.20326,1.1958749999999998,21.1,TARGET,1505146493665000000,1.1958749999999998,52.75,2.5,False
TRADE,1,2017-09-12 11:30:00,2017-09-12 17:15:00,-1,,,1505205005090000000,1.1971,1.1971,1.19548,1.20115,16.2,STOP,1505205185754000000,1.19548,-16.2,-1.0,False
TRADE,-1,2017-09-13 10:30:00,2017-09-13 12:45:00,1,,,1505287805122000000,1.19846,1.19846,1.2004000000000001,1.19361,19.4,TARGET,1505311296199000000,1.19361,48.5,2.5,False
TRADE,-1,2017-09-13 14:00:00,2017-09-13 16:00:00,1,,,1505300405271000000,1.19866,1.19866,1.20035,1.1944350000000001,16.9,TARGET,1505309842330000000,1.1944350000000001,42.25,2.5,False
TRADE,-1,2017-09-18 15:30:00,2017-09-18 18:45:00,1,,,1505737805086000000,1.19575,1.19575,1.1975200000000001,1.191325,17.7,STOP,1505796420424000000,1.19753,-17.8,-1.00565,False
TRADE,1,2017-09-28 16:00:00,2017-09-28 16:15:00,-1,,,1506603605336000000,1.17681,1.17681,1.1748599999999998,1.1816850000000003,19.5,TARGET,1506682972695000000,1.1816850000000003,48.75,2.5,False
TRADE,-1,2017-09-28 16:30:00,2017-10-02 03:45:00,1,,,1506605407104000000,1.17866,1.17866,1.1808800000000002,1.1731099999999999,22.2,STOP,1506670471089000000,1.18089,-22.3,-1.0045,False
TRADE,1,2017-10-03 15:45:00,2017-10-03 16:15:00,-1,,,1507034705056000000,1.17385,1.17385,1.1721400000000002,1.1781249999999996,17.1,TARGET,1507117959559000000,1.1781249999999996,42.75,2.5,False
TRADE,-1,2017-10-19 09:45:00,2017-10-19 11:00:00,1,,,1508395506475000000,1.18123,1.18123,1.18292,1.177005,16.9,TARGET,1508401102870000000,1.177005,42.25,2.5,False
TRADE,1,2017-10-24 10:15:00,2017-10-24 12:00:00,-1,,,1508829305492000000,1.17456,1.17456,1.17255,1.1795850000000003,20.1,TARGET,1508937126950000000,1.1795850000000003,50.25,2.5,False
TRADE,1,2017-10-31 10:30:00,2017-10-31 18:15:00,-1,,,1509438605758000000,1.1644,1.1644,1.16269,1.1686750000000004,17.1,STOP,1509444003466000000,1.16265,-17.5,-1.02339,False
TRADE,1,2017-11-06 09:15:00,2017-11-08 01:15:00,-1,,,1509952505096000000,1.16002,1.16002,1.15816,1.16467,18.6,STOP,1509980838947000000,1.15816,-18.6,-1.0,False
TRADE,1,2017-11-08 14:15:00,2017-11-09 07:30:00,-1,,,1510143305152000000,1.15878,1.15878,1.15715,1.162855,16.3,TARGET,1510226763116000000,1.162855,40.75,2.5,False
TRADE,-1,2017-11-09 16:45:00,2017-11-10 17:30:00,1,,,1510238705258000000,1.1621,1.1621,1.1643,1.1566,22.0,STOP,1510245071110000000,1.16432,-22.2,-1.00909,False
TRADE,-1,2017-11-16 08:30:00,2017-11-16 09:30:00,1,,,1510813805029000000,1.17945,1.17945,1.1813700000000003,1.1746499999999997,19.2,STOP,1510883660232000000,1.18138,-19.3,-1.00521,False
TRADE,-1,2017-11-22 16:30:00,2017-11-22 21:30:00,1,,,1511361005401000000,1.1767,1.1767,1.17894,1.1711,22.4,STOP,1511363721247000000,1.17896,-22.6,-1.00893,False
TRADE,-1,2017-11-28 10:15:00,2017-11-28 12:00:00,1,,,1511856905293000000,1.19037,1.19037,1.19233,1.18547,19.6,TARGET,1511895041950000000,1.18547,49.0,2.5,False
TRADE,1,2017-11-28 16:30:00,2017-11-28 21:15:00,-1,,,1511879406453000000,1.18846,1.18846,1.1868,1.1926100000000002,16.6,STOP,1511882598254000000,1.1868,-16.6,-1.0,False
TRADE,1,2017-12-06 09:45:00,2017-12-08 03:30:00,-1,,,1512546305234000000,1.18214,1.18214,1.17998,1.1875399999999998,21.6,STOP,1512569123447000000,1.17997,-21.7,-1.00463,False
TRADE,-1,2017-12-11 10:30:00,2017-12-11 22:45:00,1,,,1512981011995000000,1.17903,1.17903,1.1807500000000002,1.1747299999999996,17.2,STOP,1513004771015000000,1.18079,-17.6,-1.02326,False
TRADE,-1,2017-12-21 15:45:00,2017-12-21 16:00:00,1,,,1513863906384000000,1.18694,1.18694,1.18863,1.1827150000000002,16.9,TARGET,1513901704985000000,1.1827150000000002,42.25,2.5,False
TRADE,1,2018-02-01 08:15:00,2018-02-01 10:00:00,-1,,,1517465706175000000,1.24095,1.24095,1.23903,1.2457499999999997,19.2,STOP,1517468439676000000,1.23902,-19.3,-1.00521,False
TRADE,1,2018-02-05 14:00:00,2018-02-05 16:30:00,-1,,,1517832005741000000,1.24469,1.24469,1.2429400000000002,1.2490649999999999,17.5,STOP,1517839265362000000,1.24293,-17.6,-1.00571,False
TRADE,1,2018-02-07 08:15:00,2018-02-07 08:45:00,-1,,,1517984105080000000,1.23783,1.23783,1.23618,1.241955,16.5,STOP,1517995290968000000,1.23617,-16.6,-1.00606,False
TRADE,1,2018-02-12 14:15:00,2018-02-12 17:45:00,-1,,,1518437705136000000,1.22623,1.22623,1.2247,1.2300550000000001,15.3,STOP,1518441745103000000,1.2247,-15.3,-1.0,False
TRADE,-1,2018-02-26 09:45:00,2018-02-26 15:45:00,1,,,1519631110586000000,1.23321,1.23321,1.23507,1.2285599999999999,18.6,STOP,1519641790164000000,1.23511,-19.0,-1.02151,False
TRADE,-1,2018-02-27 08:30:00,2018-02-27 13:30:00,1,,,1519713005140000000,1.23329,1.23329,1.23479,1.2295399999999999,15.0,TARGET,1519738220384000000,1.2295399999999999,37.5,2.5,False
TRADE,-1,2018-03-06 10:30:00,2018-03-06 13:30:00,1,,,1520325006742000000,1.23433,1.23433,1.23607,1.2299799999999999,17.4,STOP,1520335397570000000,1.23611,-17.8,-1.02299,False
TRADE,-1,2018-03-08 09:45:00,2018-03-08 10:45:00,1,,,1520495105278000000,1.24119,1.24119,1.24316,1.236265,19.7,STOP,1520513356437000000,1.24317,-19.8,-1.00508,False
TRADE,-1,2018-03-13 11:00:00,2018-03-13 14:30:00,1,,,1520931605206000000,1.23333,1.23333,1.23491,1.2293800000000004,15.8,STOP,1520937944970000000,1.23493,-16.0,-1.01266,False
TRADE,1,2018-04-03 15:45:00,2018-04-05 15:30:00,-1,,,1522759505432000000,1.22935,1.22935,1.22706,1.2350749999999997,22.9,STOP,1522761353550000000,1.22701,-23.4,-1.02183,False
TRADE,1,2018-04-04 15:15:00,2018-04-04 15:45:00,-1,,,1522844105342000000,1.22723,1.22723,1.22564,1.231205,15.9,STOP,1522911640567000000,1.22564,-15.9,-1.0,False
TRADE,-1,2018-04-09 14:45:00,2018-04-09 16:00:00,1,,,1523274305121000000,1.22788,1.22788,1.2294200000000002,1.22403,15.4,STOP,1523275741422000000,1.22947,-15.9,-1.03247,False
TRADE,-1,2018-04-10 09:45:00,2018-04-10 14:30:00,1,,,1523342705270000000,1.23167,1.23167,1.23326,1.2276950000000002,15.9,STOP,1523345711901000000,1.2333,-16.3,-1.02516,False
TRADE,-1,2018-04-18 11:15:00,2018-04-18 12:00:00,1,,,1524039305405000000,1.23697,1.23697,1.2387,1.2326449999999998,17.3,STOP,1524050679182000000,1.2387,-17.3,-1.0,False
TRADE,1,2018-05-03 10:15:00,2018-05-03 10:15:00,-1,,,1525331705266000000,1.19705,1.19705,1.19473,1.2028499999999998,23.2,STOP,1525439064540000000,1.19473,-23.2,-1.0,False
TRADE,1,2018-05-08 10:00:00,2018-05-08 12:30:00,-1,,,1525762805156000000,1.19197,1.19197,1.1902499999999998,1.1962700000000004,17.2,STOP,1525767807306000000,1.19023,-17.4,-1.01163,False
TRADE,1,2018-05-10 10:15:00,2018-05-10 12:15:00,-1,,,1525936506076000000,1.18606,1.18606,1.1839799999999998,1.1912600000000002,20.8,TARGET,1525955678945000000,1.1912600000000002,52.0,2.5,False
TRADE,1,2018-05-10 11:00:00,2018-05-10 11:45:00,-1,,,1525939205515000000,1.18596,1.18596,1.18444,1.1897599999999997,15.2,TARGET,1525955401716000000,1.1897599999999997,38.0,2.5,False
TRADE,1,2018-05-15 11:00:00,2018-05-15 14:15:00,-1,,,1526371205218000000,1.19235,1.19235,1.19075,1.1963500000000002,16.0,STOP,1526382548281000000,1.19073,-16.2,-1.0125,False
TRADE,1,2018-05-17 09:15:00,2018-05-18 16:00:00,-1,,,1526537705303000000,1.18145,1.18145,1.1791999999999998,1.187075,22.5,STOP,1526552332415000000,1.17918,-22.7,-1.00889,False
TRADE,-1,2018-06-05 10:00:00,2018-06-05 13:45:00,1,,,1528182005213000000,1.17048,1.17048,1.17256,1.1652799999999996,20.8,STOP,1528216248171000000,1.17256,-20.8,-1.0,False
TRADE,-1,2018-06-12 15:00:00,2018-06-12 19:45:00,1,,,1528804805283000000,1.17936,1.17936,1.1812799999999999,1.17456,19.2,TARGET,1528823902581000000,1.17456,48.0,2.5,False
TRADE,-1,2018-06-12 15:45:00,2018-06-12 20:00:00,1,,,1528807505403000000,1.17935,1.17935,1.1814,1.1742249999999996,20.5,TARGET,1528824004547000000,1.1742249999999996,51.25,2.5,False
TRADE,1,2018-06-13 09:15:00,2018-06-13 12:45:00,-1,,,1528870505353000000,1.17401,1.17401,1.1724999999999999,1.1777850000000003,15.1,TARGET,1528894873179000000,1.1777850000000003,37.75,2.5,False
TRADE,1,2018-06-20 10:00:00,2018-06-20 10:45:00,-1,,,1529478005514000000,1.15677,1.15677,1.1548200000000002,1.1616449999999998,19.5,STOP,1529482092341000000,1.1544,-23.7,-1.21538,False
TRADE,1,2018-06-21 11:15:00,2018-06-21 12:00:00,-1,,,1529568905114000000,1.1555,1.1555,1.15394,1.1594,15.6,STOP,1529570704119000000,1.15394,-15.6,-1.0,False
TRADE,1,2018-06-27 08:15:00,2018-06-27 09:00:00,-1,,,1530076505052000000,1.1642,1.1642,1.16231,1.1689249999999998,18.9,STOP,1530090374406000000,1.16227,-19.3,-1.02116,False
TRADE,1,2018-06-27 10:45:00,2018-06-27 15:45:00,-1,,,1530085505144000000,1.16563,1.16563,1.16366,1.170555,19.7,STOP,1530088273221000000,1.16366,-19.7,-1.0,False
TRADE,-1,2018-07-05 08:30:00,2018-07-05 09:30:00,1,,,1530768605040000000,1.16647,1.16647,1.1680899999999999,1.16242,16.2,STOP,1530769538921000000,1.16809,-16.2,-1.0,False
TRADE,-1,2018-07-10 09:45:00,2018-07-10 11:30:00,1,,,1531205105073000000,1.17431,1.17431,1.17597,1.17016,16.6,TARGET,1531220483612000000,1.17016,41.5,2.5,False
TRADE,1,2018-07-10 11:45:00,2018-07-11 15:45:00,-1,,,1531212306616000000,1.17255,1.17255,1.17014,1.178575,24.1,STOP,1531220483612000000,1.17012,-24.3,-1.0083,False
TRADE,1,2018-07-24 11:30:00,2018-07-24 13:00:00,-1,,,1532421005096000000,1.1681,1.1681,1.16618,1.1728999999999998,19.2,TARGET,1532547914537000000,1.1728999999999998,48.0,2.5,False
TRADE,-1,2018-07-24 16:45:00,2018-07-24 18:45:00,1,,,1532439905467000000,1.17042,1.17042,1.17216,1.16607,17.4,STOP,1532547741510000000,1.17217,-17.5,-1.00575,False
TRADE,-1,2018-07-25 16:00:00,2018-07-25 17:30:00,1,,,1532523605249000000,1.16991,1.16991,1.17145,1.1660599999999999,15.4,STOP,1532547395508000000,1.17151,-16.0,-1.03896,False
TRADE,-1,2018-07-25 16:15:00,2018-07-25 17:30:00,1,,,1532524505450000000,1.1708,1.1708,1.17288,1.1656000000000004,20.8,STOP,1532547908751000000,1.17289,-20.9,-1.00481,False
TRADE,1,2018-08-01 16:45:00,2018-08-02 09:15:00,-1,,,1533131107209000000,1.16792,1.16792,1.1664,1.17172,15.2,STOP,1533138951790000000,1.1664,-15.2,-1.0,False
TRADE,-1,2018-08-16 11:30:00,2018-08-16 20:45:00,1,,,1534408205162000000,1.13795,1.13795,1.14021,1.1323000000000003,22.6,STOP,1534427435193000000,1.14028,-23.3,-1.03097,False
TRADE,-1,2018-08-16 11:45:00,2018-08-16 13:45:00,1,,,1534409105215000000,1.13857,1.13857,1.14082,1.1329450000000003,22.5,STOP,1534427543417000000,1.1409,-23.3,-1.03556,False
TRADE,-1,2018-08-20 14:15:00,2018-08-20 23:00:00,1,,,1534763705029000000,1.1418,1.1418,1.1442999999999999,1.13555,25.0,STOP,1534775354378000000,1.1443,-25.0,-1.0,False
TRADE,1,2018-09-04 09:15:00,2018-09-04 16:00:00,-1,,,1536041705086000000,1.15949,1.15949,1.15766,1.164065,18.3,STOP,1536042969591000000,1.15761,-18.8,-1.02732,False
TRADE,1,2018-09-05 09:15:00,2018-09-05 10:15:00,-1,,,1536128105071000000,1.15834,1.15834,1.15682,1.16214,15.2,STOP,1536130255479000000,1.15681,-15.3,-1.00658,False
TRADE,-1,2018-09-06 10:30:00,2018-09-06 18:00:00,1,,,1536219006359000000,1.16337,1.16337,1.16558,1.157845,22.1,TARGET,1536324532664000000,1.157845,55.25,2.5,False
TRADE,-1,2018-09-06 11:15:00,2018-09-06 18:00:00,1,,,1536221705283000000,1.16364,1.16364,1.16578,1.15829,21.4,TARGET,1536323561199000000,1.15829,53.5,2.5,False
TRADE,1,2018-09-12 11:45:00,2018-09-12 17:00:00,-1,,,1536741905323000000,1.15832,1.15832,1.15599,1.164145,23.3,TARGET,1536765293519000000,1.164145,58.25,2.5,False
TRADE,1,2018-09-12 14:00:00,2018-09-12 15:45:00,-1,,,1536750005315000000,1.15797,1.15797,1.15632,1.1620949999999999,16.5,TARGET,1536761854321000000,1.1620949999999999,41.25,2.5,False
TRADE,-1,2018-09-25 11:45:00,2018-09-26 15:15:00,1,,,1537865105166000000,1.17553,1.17553,1.178,1.169355,24.7,STOP,1537874876795000000,1.17824,-27.1,-1.09717,False
TRADE,-1,2018-10-10 14:00:00,2018-10-11 04:45:00,1,,,1539169206436000000,1.15032,1.15032,1.1520299999999999,1.1460450000000004,17.1,STOP,1539177047661000000,1.15206,-17.4,-1.01754,False
TRADE,-1,2018-10-10 16:00:00,2018-10-10 18:45:00,1,,,1539176406973000000,1.1502,1.1502,1.1518199999999998,1.14615,16.2,STOP,1539177028827000000,1.15185,-16.5,-1.01852,False
TRADE,-1,2018-10-16 10:30:00,2018-10-16 12:15:00,1,,,1539675005085000000,1.15912,1.15912,1.16143,1.1533449999999998,23.1,STOP,1539695415671000000,1.16148,-23.6,-1.02165,False
TRADE,1,2018-10-18 15:15:00,2018-10-18 20:15:00,-1,,,1539864905197000000,1.15048,1.15048,1.14882,1.15463,16.6,STOP,1539871607545000000,1.14882,-16.6,-1.0,False
TRADE,1,2018-10-25 16:15:00,2018-10-26 12:45:00,-1,,,1540473305076000000,1.14109,1.14109,1.13872,1.147015,23.7,STOP,1540474049132000000,1.13872,-23.7,-1.0,False
TRADE,1,2018-10-31 11:30:00,2018-10-31 17:30:00,-1,,,1540978205337000000,1.13452,1.13452,1.1328,1.13882,17.2,STOP,1540990523035000000,1.1328,-17.2,-1.0,False
TRADE,1,2018-10-31 11:45:00,2018-11-01 09:00:00,-1,,,1540979106551000000,1.13324,1.13324,1.13075,1.1394650000000004,24.9,STOP,1541002706121000000,1.13074,-25.0,-1.00402,False
TRADE,1,2018-11-08 09:15:00,2018-11-08 10:00:00,-1,,,1541661305574000000,1.14169,1.14169,1.1395800000000003,1.1469649999999998,21.1,STOP,1541699414948000000,1.13957,-21.2,-1.00474,False
TRADE,1,2018-11-08 11:00:00,2018-11-08 17:15:00,-1,,,1541667605094000000,1.143,1.143,1.14132,1.1472000000000002,16.8,STOP,1541671335533000000,1.14131,-16.9,-1.00595,False
TRADE,1,2018-11-21 11:45:00,2018-11-21 13:15:00,-1,,,1542793505083000000,1.13834,1.13834,1.13587,1.1445149999999997,24.7,STOP,1542969412401000000,1.13581,-25.3,-1.02429,False
TRADE,1,2018-11-26 15:00:00,2018-11-26 15:30:00,-1,,,1543237205418000000,1.1356,1.1356,1.13409,1.1393749999999998,15.1,STOP,1543247821045000000,1.13409,-15.1,-1.0,False
TRADE,-1,2018-12-13 15:30:00,2018-12-13 15:30:00,1,,,1544707805099000000,1.13807,1.13807,1.14042,1.1321949999999998,23.5,TARGET,1544776662381000000,1.1321949999999998,58.75,2.5,False
TRADE,-1,2018-12-18 10:00:00,2018-12-18 18:00:00,1,,,1545120005551000000,1.13566,1.13566,1.1376799999999998,1.1306100000000001,20.2,STOP,1545122498508000000,1.13768,-20.2,-1.0,False
TRADE,1,2018-12-27 09:45:00,2018-12-27 10:15:00,-1,,,1545896705002000000,1.13755,1.13755,1.13596,1.1415250000000001,15.9,TARGET,1545922581477000000,1.1415250000000001,39.75,2.5,False
TRADE,-1,2018-12-31 10:00:00,2018-12-31 22:45:00,1,,,1546243205126000000,1.14411,1.14411,1.14618,1.138935,20.7,STOP,1546255665275000000,1.14618,-20.7,-1.0,False
TRADE,-1,2018-12-31 15:00:00,2018-12-31 16:30:00,1,,,1546261205100000000,1.1456,1.1456,1.14768,1.1403999999999996,20.8,EOD_WINDOW,1546293603048000000,1.14711,-15.1,-0.72596,False
