entry_i,year,stop_pips,pip_eur_at_minlot,risk_eur_minlot,risk_pct_minlot,lot_for_05,lot_05_rounded,lot_for_1,lot_1_rounded,r_multiple
32,2020,3.6123744175674,0.10308515430367995,0.37238217423760145,0.0744764348475203,0.06713532958763098,0.06,0.13427065917526196,0.13,-1.2491436091515458
112,2020,10.632572978770819,0.10267010641728476,1.0916473992199465,0.21832947984398932,0.022901167554527344,0.02,0.04580233510905469,0.04,-1.0846455511565667
131,2020,17.30753317273463,0.10237582781456954,1.7718730359868309,0.3543746071973662,0.01410936308203169,0.01,0.02821872616406338,0.02,5.356049246003119
201,2020,5.74005170005909,0.10134913698929429,0.5817492860749203,0.11634985721498406,0.042973838728149964,0.04,0.08594767745629993,0.08,4.487337266126383
273,2020,6.28128727422798,0.10142271433896055,0.6370652048949725,0.1274130409789945,0.03924245086359965,0.03,0.0784849017271993,0.07,-1.1432827318204632
289,2020,7.029356859452469,0.10108457901090026,0.7105595788551369,0.1421119157710274,0.03518353807893257,0.03,0.07036707615786514,0.07,-1.3799270963111894
448,2020,11.72853733862674,0.10078043418521572,1.1820070853443174,0.23640141706886347,0.021150465432884884,0.02,0.04230093086576977,0.04,-1.076735911223633
505,2020,12.61057458818931,0.10117557517904138,1.2758821372982563,0.25517642745965124,0.019594286391483418,0.01,0.039188572782966835,0.03,-1.0713686750516733
558,2020,11.18830333181613,0.1015571919128854,1.1362526686488257,0.22725053372976511,0.022002148544767546,0.02,0.04400429708953509,0.04,9.55462118156997
675,2020,7.469126366394501,0.09932832153193659,0.7418957852838982,0.14837915705677962,0.033697455216615574,0.03,0.06739491043323115,0.06,-1.1204960199963816
705,2020,7.6722547085230195,0.0992799476325551,0.7617010456857897,0.15234020913715793,0.032821275671863506,0.03,0.06564255134372701,0.06,-1.7465530680458372
783,2020,4.65840713595555,0.09859015290019191,0.45927307180520277,0.09185461436104056,0.05443384673465803,0.05,0.10886769346931606,0.1,-1.19319908581068
817,2020,6.527109609134509,0.09819221780683647,0.640911368389231,0.1281822736778462,0.03900695358678251,0.03,0.07801390717356502,0.07,31.821129479629
1158,2020,54.83638730116499,0.10851987077781812,5.950837663844811,1.1901675327689623,0.004201089226797627,0.01,0.008402178453595255,0.01,-1.0164124597606585
1215,2020,50.57051900763204,0.10548315967786201,5.334338131474406,1.0668676262948813,0.004686617042982616,0.01,0.009373234085965233,0.01,-1.0177969302601941
1233,2020,49.87340214637338,0.10544314995012327,5.258808621042848,1.0517617242085695,0.004753928465843728,0.01,0.009507856931687457,0.01,1.269213594336727
1288,2020,46.1090726181304,0.10200528047896175,4.703368885037206,0.9406737770074413,0.0053153389859622365,0.01,0.010630677971924473,0.01,-1.0195189351877536
1310,2020,35.45356894885207,0.10097249081639263,3.5798351650963087,0.7159670330192618,0.006983561769478127,0.01,0.013967123538956254,0.01,5.718030440676721
1360,2020,46.52070863148296,0.09602996590705186,4.467382063853202,0.8934764127706403,0.005596118631151289,0.01,0.011192237262302578,0.01,-1.0193462229290151
1385,2020,44.61141400110505,0.09674075272877669,4.315741770761989,0.8631483541523979,0.005792746954734038,0.01,0.011585493909468076,0.01,-1.0201742092276527
1409,2020,37.39544113178513,0.09673078303308692,3.6172903025452814,0.7234580605090563,0.006911250662521867,0.01,0.013822501325043734,0.01,-1.0240671047796595
1513,2020,32.35374699583654,0.10157909292035398,3.286464272411703,0.6572928544823406,0.0076069593118242755,0.01,0.015213918623648551,0.01,-1.0278174889639833
1575,2020,25.66361684645857,0.10064531681717877,2.582922848186509,0.5165845696373018,0.009678957316728489,0.01,0.019357914633456978,0.01,4.484948504672005
1790,2020,16.02998396405721,0.10117861731245462,1.6218916130241285,0.3243783226048257,0.015414100300688885,0.01,0.03082820060137777,0.03,-2.7448561457489618
1802,2020,17.34400225864291,0.1008994890531255,1.7500009660333242,0.35000019320666487,0.014285706399732319,0.01,0.028571412799464638,0.02,-1.0518911371538793
1910,2020,12.73363977888192,0.10067900375678307,1.282010167135575,0.256402033427115,0.019500625377923547,0.01,0.039001250755847094,0.03,-1.070678927284645
1934,2020,15.03719230960223,0.1002852735652691,1.5080089444220204,0.3016017888844041,0.016578151006645277,0.01,0.033156302013290555,0.03,-1.5428412114663972
2041,2020,12.61741860796586,0.10175920371897729,1.2839384705356127,0.25678769410712254,0.01947133805373937,0.01,0.03894267610747874,0.03,-1.0713299628048425
2170,2020,12.01820166419477,0.10138759799089331,1.2184965989028642,0.24369931978057283,0.020517086401808615,0.02,0.04103417280361723,0.04,-1.074886411889839
2197,2020,11.809529789967831,0.10162630601564406,1.2001588883361354,0.24003177766722705,0.02083057522046873,0.02,0.04166115044093746,0.04,-1.0762096388260827
2209,2020,12.11171829247442,0.10147281744175167,1.2290101791981811,0.24580203583963622,0.02034157277388073,0.02,0.04068314554776146,0.04,-1.0743082012202758
2298,2020,12.566093211016218,0.10056421830119,1.2636993408657367,0.2527398681731473,0.019783186705528366,0.01,0.03956637341105673,0.03,-1.0716213054357484
2341,2020,9.98926500610089,0.10085780209147409,1.0074953130246114,0.20149906260492229,0.024814011218520966,0.02,0.04962802243704193,0.04,-1.090096718772629
2359,2020,10.07488553497501,0.10187303922024966,1.0263592092440352,0.20527184184880704,0.024357943861013094,0.02,0.04871588772202619,0.04,-1.089331039729989
2449,2020,7.87746120219149,0.10126250661910204,0.7976914671286351,0.15953829342572703,0.031340438039270786,0.03,0.06268087607854157,0.06,0.21160530394837973
2510,2020,10.68418873976715,0.10190752624355504,1.088799244388916,0.2177598488777832,0.022961073980200218,0.02,0.045922147960400436,0.04,-1.0842366249718913
2604,2020,9.52246968435744,0.10320957331880591,0.9828100330637957,0.19656200661275913,0.0254372657573157,0.02,0.0508745315146314,0.05,8.951845738412308
2665,2020,13.1649383442484,0.10389716328307592,1.3677997487640032,0.2735599497528007,0.0182775293112833,0.01,0.0365550586225666,0.03,3.3218852215022614
2789,2020,16.83601362163964,0.10530918991496345,1.7729869558921605,0.3545973911784321,0.01410049854959034,0.01,0.02820099709918068,0.02,-0.012824184835735494
2835,2020,14.72383082500944,0.10557949500684058,1.5545346230706496,0.31090692461412994,0.01608198339810397,0.01,0.03216396679620794,0.03,-1.2904250412689426
2955,2020,9.956803422123379,0.10518792221848992,1.0473354639111083,0.20946709278222167,0.023870097844907744,0.02,0.04774019568981549,0.04,-1.0903904558364994
3003,2020,11.570690672850969,0.10487570632004922,1.213484356926051,0.24269687138521018,0.02060183129457802,0.02,0.04120366258915604,0.04,-1.0777827379061529
3050,2020,9.07118708016554,0.1048194907109332,0.9508372098865491,0.1901674419773098,0.026292618484065135,0.02,0.05258523696813027,0.05,-1.3118459463833239
3087,2020,11.89202410121427,0.1042606097719386,1.23986968421519,0.24797393684303798,0.020163409363319056,0.02,0.04032681872663811,0.04,-0.7957733099814118
3169,2020,4.87484055245746,0.10456364125843615,0.5097310787192385,0.1019462157438477,0.04904546935379249,0.04,0.09809093870758498,0.09,-1.1846214230630716
3202,2020,8.44600641448009,0.10466645002553271,0.884013508296509,0.17680270165930181,0.02828011084149032,0.02,0.05656022168298064,0.05,-1.106559237091935
3302,2020,7.435631623331709,0.10588191420926525,0.7872989096333077,0.15745978192666155,0.03175414025613728,0.03,0.06350828051227456,0.06,-1.121038809558058
3313,2020,7.954866075614291,0.1058172184442019,0.8417618012176485,0.1683523602435297,0.029699613315591546,0.02,0.05939922663118309,0.05,-1.1131382969173098
3378,2020,10.008121175739861,0.10595609533478005,1.0604214414187236,0.21208428828374473,0.02357553235301696,0.02,0.04715106470603392,0.04,-1.0899269687283204
3409,2020,9.43393898048516,0.10635393860343785,1.0033365671190977,0.20066731342381955,0.024916863213490813,0.02,0.049833726426981625,0.04,-1.0954002354543948
3606,2020,13.073000566992148,0.11178947568533516,1.4614238790181415,0.29228477580362827,0.017106604291149442,0.01,0.034213208582298885,0.03,-1.0688441796806785
3638,2020,21.99986698860855,0.11192039198622751,2.462233737009935,0.4924467474019871,0.010153382119749229,0.01,0.020306764239498457,0.02,0.6096288706868479
3755,2020,10.366515130576149,0.11190514507502247,1.1600663796095394,0.23201327592190787,0.02155049093691916,0.02,0.04310098187383832,0.04,-1.0868179893304255
3779,2020,10.29620532782048,0.1106885764896544,1.1396723109816445,0.2279344621963289,0.021936130025363623,0.02,0.043872260050727245,0.04,-1.08741084422318
3799,2020,10.25307370466452,0.11059118406422552,1.1338995612966245,0.2267799122593249,0.02204780815984466,0.02,0.04409561631968932,0.04,-1.087778555575092
3819,2020,12.4834582739868,0.10978669189766457,1.3705175873435405,0.2741035174687081,0.018241283607645802,0.01,0.036482567215291604,0.03,-0.33890498502683325
3859,2020,12.11079551820174,0.11034773012102281,1.3363987953934182,0.2672797590786836,0.01870699082203253,0.01,0.03741398164406506,0.03,-1.0743138630857747
3955,2020,15.4208818408472,0.11174928817905831,1.723272568808041,0.3446545137616082,0.014507281350907874,0.01,0.02901456270181575,0.02,-0.7399284838378595
4033,2020,7.847866502858509,0.11137974982298796,0.8740934077325881,0.17481868154651764,0.02860106228789711,0.02,0.05720212457579422,0.05,-1.1213238651286994
4096,2020,16.92423425765274,0.11082104592195423,1.8755613418612451,0.37511226837224904,0.013329342763692721,0.01,0.026658685527385442,0.02,-0.17513189806130705
4167,2020,14.9496742384537,0.11281959356189973,1.6866161714651493,0.3373232342930299,0.014822578143717612,0.01,0.029645156287435224,0.02,-1.0602019807017298
4185,2020,11.566380503984421,0.11177933998002225,1.2928823786931756,0.2585764757386351,0.019336639134388694,0.01,0.03867327826877739,0.03,0.017877395495949456
4321,2020,8.29529418574267,0.11125303792460296,0.9228766786421676,0.18457533572843351,0.02708920983547077,0.02,0.05417841967094154,0.05,-1.108495248010252
4502,2020,16.10788004252683,0.1124319618890919,1.8110405550554405,0.3622081110110881,0.013804218757119268,0.01,0.027608437514238537,0.02,-0.9188960609126038
4527,2020,14.43148743091413,0.11141075678248452,1.6078229361750564,0.3215645872350113,0.01554897584647844,0.01,0.03109795169295688,0.03,2.924161504627848
4585,2020,8.81740932463987,0.11059630896975327,0.9751729259806545,0.1950345851961309,0.025636478755662204,0.02,0.05127295751132441,0.05,-1.1020707973128265
4639,2020,9.06291210529971,0.11062902614626752,1.002621140258526,0.20052422805170517,0.0249346428039147,0.02,0.0498692856078294,0.04,-1.2578738343202107
4657,2020,8.5253880136284,0.11108871921508519,0.9470744352456181,0.18941488704912363,0.026397080387368283,0.02,0.052794160774736566,0.05,-1.3958308971953446
4737,2020,8.649933590043169,0.11127923492093551,0.9625579920169048,0.19251159840338095,0.025972461095685278,0.02,0.051944922191370556,0.05,-1.1040470415906483
4782,2020,6.79162025161075,0.11101474496599863,0.7539699901384789,0.15079399802769577,0.03315781838400271,0.03,0.06631563676800542,0.06,2.2030506844248756
4969,2020,6.66892522579039,0.11118310580690453,0.7414718189973876,0.1482943637994775,0.03371672308976598,0.03,0.06743344617953197,0.06,-1.134954279667026
4993,2020,7.07310412730754,0.1114834212545105,0.7885338470016433,0.15770676940032866,0.03170440951274461,0.03,0.06340881902548921,0.06,-1.1272425774880863
5093,2020,7.5842640317792,0.11283285821884505,0.8557541881920285,0.17115083763840572,0.029213996665114865,0.02,0.05842799333022973,0.05,-1.1186667547738913
5176,2020,12.09582816258942,0.11139733985629108,1.3474430806712705,0.26948861613425407,0.018553659415094164,0.01,0.03710731883018833,0.03,-1.074405818923835
5200,2020,13.492171917696929,0.11140195675251766,1.5030543524728064,0.30061087049456126,0.016632798380757364,0.01,0.03326559676151473,0.03,0.6703709192338172
5259,2020,18.05648007909396,0.11067725442029192,1.9984416396488147,0.39968832792976294,0.01250974734713456,0.01,0.02501949469426912,0.02,-1.0498436016353672
5340,2020,16.28319762183757,0.11311236447476228,1.8418309842158735,0.3683661968431747,0.013573449580469134,0.01,0.02714689916093827,0.02,4.867206222193696
5385,2020,14.472974142915248,0.11185162703794684,1.6188257059632045,0.3237651411926409,0.015443293189568516,0.01,0.03088658637913703,0.03,-1.062184868922734
5531,2020,11.87170312418937,0.11367337325886548,1.3494965404544177,0.2698993080908835,0.018525427261622856,0.01,0.03705085452324571,0.03,-1.0758105210841074
5583,2020,8.49983726576719,0.11341736533823361,0.9640291484870501,0.19280582969741003,0.025932825827139218,0.02,0.051865651654278436,0.05,2.733325431697963
5698,2020,10.510085112843159,0.1152105986751656,1.2108731979776057,0.24217463959552113,0.020646257627763894,0.02,0.04129251525552779,0.04,-1.0856320372610222
5716,2020,10.68400138754423,0.11458121754459923,1.2241858872330054,0.24483717744660105,0.02042173517986458,0.02,0.04084347035972916,0.04,-1.0842381021261518
5744,2020,9.184297991271979,0.11534910835451746,1.0594005841554086,0.2118801168310817,0.023598250155705623,0.02,0.047196500311411246,0.04,-1.0979933361108254
5817,2020,10.01441625033629,0.11586840414617074,1.160354429381945,0.23207088587638902,0.021545141180110014,0.02,0.04309028236022003,0.04,-1.0898704405232218
5864,2020,5.91784084305572,0.11644811366036285,0.68912140311609,0.13782428062321803,0.036278077980097904,0.03,0.07255615596019581,0.07,-1.1520824949281676
5883,2020,8.13558484057287,0.11575857974567182,0.9417637465451333,0.18835274930902665,0.02654593584825565,0.02,0.0530918716965113,0.05,-1.1106251139453773
5953,2020,10.00056574928883,0.11681414228755345,1.168207510393459,0.2336415020786918,0.021400307546028233,0.02,0.04280061509205647,0.04,-1.089994908544429
6033,2020,10.81270160613091,0.11839322446378044,1.280150608314536,0.25603012166290723,0.01952895216986644,0.01,0.03905790433973288,0.03,-1.0832354422403634
6056,2020,10.684317987030969,0.1176503539728991,1.2570137931332062,0.25140275862664124,0.019888405470623774,0.01,0.03977681094124755,0.03,-1.0842356059687206
6130,2020,7.3632399218827596,0.11764195005210948,0.8662259031118301,0.17324518062236605,0.028860831695508057,0.02,0.057721663391016115,0.05,-1.1222288027482117
6180,2020,6.413622819200319,0.11772553941207704,0.7550472059759639,0.15100944119519277,0.0331105125641586,0.03,0.0662210251283172,0.06,-1.9489764759129575
6289,2021,3.12641288734094,0.11878590281012263,0.3713737773799958,0.07427475547599915,0.0673176231676142,0.06,0.1346352463352284,0.13,-1.2878698471476693
6350,2021,11.65046887402651,0.11931842406154919,1.3901155856269747,0.27802311712539496,0.01798411603933238,0.01,0.03596823207866476,0.03,-1.0772501098223035
6369,2021,11.68711956796707,0.11866907412592814,1.3868996583296695,0.2773799316659339,0.018025817404922484,0.01,0.03605163480984497,0.03,2.314215167353266
6409,2021,13.12032272756411,0.11701128902200209,1.5352258747369467,0.30704517494738937,0.01628424872938233,0.01,0.03256849745876466,0.03,0.017300202573226175
6483,2021,11.88469047412961,0.11676982220086499,1.3877731935764284,0.27755463871528563,0.018014471035841625,0.01,0.03602894207168325,0.03,-1.075727676876267
6529,2021,9.25543041675359,0.11640186645585485,1.0773493753624084,0.21546987507248166,0.023205100009075774,0.02,0.04641020001815155,0.04,-1.1776869912250592
6555,2021,7.80792933577259,0.11628799169254733,0.9079684217343196,0.1815936843468639,0.027533997220131567,0.02,0.055067994440263134,0.05,-1.1152674366399762
6632,2021,7.05615799804154,0.11731348180169053,0.8277824628930993,0.16555649257861987,0.030201171347149603,0.03,0.060402342694299206,0.06,-0.048375822533528616
6708,2021,6.59403056375647,0.11670261733721088,0.7695406255919442,0.15390812511838886,0.03248691384001924,0.03,0.06497382768003848,0.06,4.960705114059164
6745,2021,9.44740082384302,0.11589253754199247,1.0948832546514777,0.21897665093029553,0.022833484660387815,0.02,0.04566696932077563,0.04,1.4897396602294124
6779,2021,9.1006080711169,0.1151635632085276,1.0480584528341075,0.2096116905668215,0.02385363138133779,0.02,0.04770726276267558,0.04,0.11121582861655822
6844,2021,6.06610708568912,0.11432118024179357,0.693484521509087,0.1386969043018174,0.036049831286209054,0.03,0.07209966257241811,0.07,4.739280199185121
6876,2021,8.43854328345953,0.11335894475880472,0.9565843619144715,0.1913168723828943,0.02613465261962463,0.02,0.05226930523924926,0.05,-1.1066534791335345
6985,2021,6.61810970445012,0.11572861109255884,0.7659046441541975,0.1531809288308395,0.032641139064521485,0.03,0.06528227812904297,0.06,2.3129793891853243
7016,2021,7.99154316765421,0.11531102751177992,0.9215130540669514,0.18430261081339028,0.027129295553293003,0.02,0.054258591106586006,0.05,1.7901652395382197
7136,2021,10.95597665986118,0.1145570577668526,1.255084451116006,0.2510168902232012,0.019918978342668738,0.01,0.039837956685337475,0.03,-1.0821469438956428
7178,2021,11.05792706933225,0.11528020019716387,1.2747600463182593,0.25495200926365186,0.019611534007678216,0.01,0.03922306801535643,0.03,4.529592122172477
7251,2021,13.354972835646889,0.11338538343155287,1.5142587156877954,0.3028517431375591,0.016509728318548713,0.01,0.033019456637097426,0.03,-1.0673906275269915
7273,2021,10.74497981722757,0.1126382262138647,1.2102954673162896,0.2420590934632579,0.020656113052654017,0.02,0.041312226105308034,0.04,-1.0837600456501306
7307,2021,8.070997620228571,0.11289357844465837,0.9111638029659253,0.18223276059318505,0.027437437613986215,0.02,0.05487487522797243,0.05,-1.1115103785614204
7328,2021,8.29602220442853,0.11230915496896147,0.9317192433831092,0.18634384867662182,0.02683211726874291,0.02,0.05366423453748582,0.05,11.09700925859983
7381,2021,11.15670168215832,0.10909734936655288,1.2171665811968344,0.2434333162393669,0.02053950575558656,0.02,0.04107901151117312,0.04,1.2037541016616764
7471,2021,11.1907990401973,0.10956363836460685,1.2261046590511664,0.24522093181023327,0.02038977652963696,0.02,0.04077955305927392,0.04,1.1951633164415514
7553,2021,9.18009412334403,0.10894328292629343,1.0001095913694724,0.20002191827389448,0.024997260515986996,0.02,0.04999452103197399,0.04,-1.098038210491958
7670,2021,11.128456919105869,0.10859824068462712,1.2085308429495631,0.24170616858991265,0.020686273871988677,0.02,0.041372547743977355,0.04,-1.08087374615744
7682,2021,9.23958343616096,0.10847940061150847,1.0023044730547628,0.20046089461095254,0.024942520633282735,0.02,0.04988504126656547,0.04,6.764569454538565
7752,2021,8.26223831160127,0.1071280314616561,0.8851173257889211,0.17702346515778422,0.028244843109038735,0.02,0.05648968621807747,0.05,8.405282326516481
7957,2021,12.478364795787911,0.10818148688046647,1.3499280574452046,0.26998561148904093,0.018519505437433123,0.01,0.037039010874866246,0.03,-1.073858652098646
8072,2021,9.843856560581768,0.110097196192996,1.0837810070460818,0.21675620140921636,0.02306739077125847,0.02,0.04613478154251694,0.04,-1.0914275817065382
8221,2021,11.516285709242199,0.11180576771744664,1.2875871649752837,0.25751743299505675,0.019416161235561783,0.01,0.038832322471123566,0.03,-1.0781501972704968
8233,2021,9.76508951926813,0.11150707190073489,1.088876539142144,0.2177753078284288,0.02295944407039562,0.02,0.04591888814079124,0.04,5.913994853253091
8294,2021,14.15618371782886,0.11113742118450398,1.5732817522135634,0.3146563504427127,0.01589035146745057,0.01,0.03178070293490114,0.03,-1.7872048360135473
8319,2021,13.59268195215664,0.1100803058573885,1.4962865867156074,0.2992573173431215,0.016708029211753964,0.01,0.03341605842350793,0.03,0.42435604512413083
8509,2021,12.552407081033428,0.11118973945841039,1.3956988729160125,0.2791397745832025,0.017912173238177,0.01,0.035824346476354,0.03,3.1360692571412607
8628,2021,9.77659597038684,0.11196881449208895,1.0946738605723485,0.21893477211446968,0.022837852350771206,0.02,0.04567570470154241,0.04,-1.779760568269872
8725,2021,10.33686126115989,0.11250022953047245,1.1628992645051364,0.23257985290102726,0.021497992786708466,0.02,0.04299598557341693,0.04,-1.0870670484262166
8752,2021,9.27432751779036,0.11187379112467803,1.0375541795471324,0.20751083590942648,0.024095127264498035,0.02,0.04819025452899607,0.04,7.737896515562675
8862,2021,8.10238873228246,0.11128567783326651,0.9016798221406745,0.1803359644281349,0.027726028004760712,0.02,0.055452056009521425,0.05,-1.111078353524871
8893,2021,8.84218200448356,0.11043797344184272,0.976512661379095,0.195302532275819,0.02560130655622362,0.02,0.05120261311244724,0.05,1.2884532732382683
8991,2021,10.49591472525206,0.11116422485358246,1.1667702245619471,0.23335404491238942,0.021426669513601972,0.02,0.042853339027203945,0.04,-1.0857476478761918
9039,2021,10.22176336333489,0.11031790143142203,1.1276434831716995,0.2255286966343399,0.022170127680499706,0.02,0.04434025536099941,0.04,-1.0880474305664154
9062,2021,8.69825768810478,0.11019875618271749,0.9585371781859066,0.19170743563718132,0.026081408805983003,0.02,0.052162817611966006,0.05,0.3908508135417138
9115,2021,11.17010652582553,0.10869278328150987,1.2141099678429335,0.2428219935685867,0.0205912155094292,0.02,0.0411824310188584,0.04,-0.478537869740054
9193,2021,10.98795934826173,0.10790394517368918,1.1856441630855592,0.23712883261711185,0.021085584341712763,0.02,0.042171168683425526,0.04,4.383699644659236
9241,2021,9.84212751070068,0.10750889840054065,1.0581162865930853,0.21162325731861706,0.02362689273075534,0.02,0.04725378546151068,0.04,-1.09144364356394
9327,2021,10.93949329087015,0.10689030979827088,1.1693258268972162,0.2338651653794432,0.0213798407808515,0.02,0.042759681561703,0.04,3.873610801009404
9512,2021,9.76336841087418,0.10788068161174293,1.053278838991666,0.21065576779833323,0.023735405169568596,0.02,0.04747081033913719,0.04,3.806856482449111
9649,2021,11.59856586479944,0.1071401280838367,1.2426718323434283,0.24853436646868565,0.020117942122221476,0.02,0.04023588424444295,0.04,-1.0775958002473403
9680,2021,8.41273407609363,0.10658381832499117,0.8966613203828259,0.17933226407656516,0.0278812071310563,0.02,0.0557624142621126,0.05,0.08870355053789135
9879,2021,15.25444556700335,0.10823098292941477,1.6510036377600263,0.3302007275520053,0.015142304612919183,0.01,0.030284609225838366,0.03,-0.9393946283456975
9913,2021,8.84905073723372,0.10764701063955656,0.952573858860974,0.19051477177219478,0.026244684091891183,0.02,0.052489368183782366,0.05,-1.1017058243562283
9961,2021,8.26074222274743,0.1063805682693615,0.87878245198258,0.175756490396516,0.028448451540649986,0.02,0.05689690308129997,0.05,2.6830563743816174
10095,2021,12.524700033691518,0.10689567081793712,1.3388362118948944,0.26776724237897886,0.018672933834540342,0.01,0.037345867669080685,0.03,1.143753737875887
10130,2021,10.41893310490618,0.10608987743985474,1.1053433361535419,0.22106866723070837,0.022617406901820125,0.02,0.04523481380364025,0.04,-1.0863812053439201
10177,2021,8.48670624889349,0.10651985907928156,0.9040027536793929,0.18080055073587858,0.02765478301724988,0.02,0.05530956603449976,0.05,-0.6534024904170311
10236,2021,8.85058599636613,0.1067147351384772,0.9444879404225269,0.18889758808450538,0.026469369200009033,0.02,0.052938738400018066,0.05,0.5954171692797213
10286,2021,9.7655943022282,0.10707213064074704,1.0456229889127127,0.20912459778254253,0.023909191233444628,0.02,0.047818382466889256,0.04,-2.068486502187663
10336,2021,11.51623071011897,0.10733863194078172,1.2361364495385874,0.24722728990771747,0.020224304533153884,0.02,0.04044860906630777,0.04,-1.0781505704995054
10345,2021,9.082551074024089,0.10710506973494371,0.9727872661545379,0.1945574532309076,0.025699349559565963,0.02,0.051398699119131926,0.05,-1.0990911025619696
10447,2021,6.30182199409406,0.10801532274207931,0.6806933365552037,0.13613866731104074,0.036727258307710085,0.03,0.07345451661542017,0.07,4.475867998408592
10542,2021,6.30232487068582,0.1071139891196745,0.6750671576272949,0.13501343152545897,0.0370333524858019,0.03,0.0740667049716038,0.07,-1.1428044441482086
10572,2021,6.120881063036,0.10748480104845462,0.6579016833016779,0.13158033666033558,0.03799959877673145,0.03,0.0759991975534629,0.07,-4.166066900726761
10622,2021,10.72159558859367,0.10721073174290509,1.1494701085046306,0.22989402170092613,0.021749151904892086,0.02,0.04349830380978417,0.04,1.6372872697397192
10723,2021,11.25977010894855,0.10646959690275563,1.1988231847174489,0.23976463694348976,0.020853784209964425,0.02,0.04170756841992885,0.04,-1.07993058395434
10730,2021,9.57672526944428,0.10641588087523211,1.0191156554480076,0.20382313108960154,0.024531072470876616,0.02,0.04906214494175323,0.04,-1.0939778446888972
10753,2021,8.536969871495229,0.10644409797131928,0.9087100573796391,0.18174201147592783,0.027511525592761817,0.02,0.055023051185523635,0.05,1.998787238647853
10802,2021,9.18060653656497,0.10513586198832513,0.9652109817974102,0.19304219635948203,0.02590107289646161,0.02,0.05180214579292322,0.05,1.6232828469963445
10856,2021,11.484456543267509,0.10369639204266304,1.1908967081075943,0.23817934162151885,0.02099258468832825,0.02,0.0419851693766565,0.04,-1.0783667905058805
10932,2021,10.58137919706419,0.1042744798454141,1.103367811820954,0.22067356236419078,0.022657902226403546,0.02,0.04531580445280709,0.04,2.0039131422500196
10993,2021,8.88760927070433,0.10333494268905458,0.918400594630942,0.1836801189261884,0.027221236730629747,0.02,0.054442473461259494,0.05,-0.17213539262861657
11017,2021,9.720962111504319,0.10300266092358076,1.001284964222255,0.200256992844451,0.024967917119796835,0.02,0.04993583423959367,0.04,7.954573837371595
11077,2021,12.09656781166035,0.10178974467484833,1.2313065489908959,0.24626130979817917,0.020303636020200234,0.02,0.04060727204040047,0.04,-2.1163027727024484
11112,2021,11.950870264072979,0.10178604357103344,1.2164318014107,0.24328636028214,0.020551912545370334,0.02,0.04110382509074067,0.04,1.2137474487651274
11184,2021,10.09778250791946,0.10148749803702606,1.0247986824507922,0.20495973649015845,0.024395035267036878,0.02,0.048790070534073755,0.04,-1.0891284793759923
11283,2021,10.91263780644607,0.10182161355456062,1.1111423895888397,0.22222847791776795,0.022499366628655797,0.02,0.044998733257311595,0.04,0.5864986762154549
11364,2021,12.08030483253726,0.10228494151533245,1.2356332732834616,0.2471266546566923,0.020232540301838287,0.02,0.040465080603676574,0.04,-1.07450143125327
11377,2021,11.63015937054524,0.10123779072313958,1.1774116404320198,0.23548232808640399,0.021233015830238365,0.02,0.04246603166047673,0.04,-0.049276488069823016
11439,2021,10.54052779647691,0.1014702530202872,1.0695500224758823,0.21391000449517644,0.02337431581005248,0.02,0.04674863162010496,0.04,-1.0853847186191423
11450,2021,11.88997321523361,0.10161611029843295,1.208212829684592,0.2416425659369184,0.02069171869870504,0.02,0.04138343739741008,0.04,-1.075694030903922
11557,2021,11.50969591200955,0.1018555410599062,1.1723263045527232,0.23446526091054465,0.02132512074745114,0.02,0.04265024149490228,0.04,6.158368069512805
11642,2021,9.926453601056249,0.09969338320966457,0.9896017427630555,0.1979203485526111,0.025262687927567497,0.02,0.050525375855134995,0.05,-1.601780518906296
11722,2021,13.57310483663924,0.09908654563323184,1.3449120717802938,0.26898241435605874,0.01858857580697218,0.01,0.03717715161394436,0.03,-1.0663075995383764
11751,2021,15.452834670770448,0.09805640775345138,1.5152494574237376,0.30304989148474754,0.01649893347759753,0.01,0.03299786695519506,0.03,0.15725937458264663
11785,2021,14.356231157535989,0.0976179931396813,1.401426474648027,0.2802852949296054,0.017838966547480725,0.01,0.03567793309496145,0.03,-1.0626905481058757
11959,2021,15.06415331245037,0.0995307773044391,1.4993468886214265,0.2998693777242853,0.01667392662080103,0.01,0.03334785324160206,0.03,-1.0597444795822502
12002,2021,11.99316508995582,0.09941839459283217,1.1923412193302072,0.23846824386604143,0.020967152350938306,0.02,0.04193430470187661,0.04,-1.0750427425328999
12036,2021,15.928808194984631,0.09913324777158532,1.5790744894994702,0.31581489789989403,0.01583205869402932,0.01,0.03166411738805864,0.03,-0.8150068348131865
12128,2021,9.54940164144939,0.09912199670968706,0.9465557580832266,0.1893111516166453,0.026411545000396965,0.02,0.05282309000079393,0.05,-1.0942467427585507
12145,2021,8.310344967512819,0.09905213270142178,0.8231573925166724,0.16463147850333448,0.03037086251945875,0.03,0.0607417250389175,0.06,-1.108298753363146
12246,2021,10.068496715883269,0.0991673993318094,0.9984666344950076,0.19969332689900154,0.02503839300813912,0.02,0.05007678601627824,0.05,-1.0893877234502807
12273,2021,9.47869102783613,0.09862457564833933,0.9348318803220597,0.1869663760644119,0.02674277645664719,0.02,0.05348555291329438,0.05,-1.0949498192689988
12301,2021,7.684342653223809,0.0989195289671222,0.7601315556788653,0.15202631113577306,0.03288904376252709,0.03,0.06577808752505418,0.06,-1.1171212738180236
12313,2021,7.8315481841687005,0.0990319195452558,0.7755732496893889,0.15511464993787777,0.03223422160319778,0.03,0.06446844320639555,0.06,-1.1149198062547963
12345,2021,6.553510897856279,0.0986020267559695,0.6461894568959626,0.12923789137919253,0.038688344003769526,0.03,0.07737668800753905,0.07,1.0687563977125587
12393,2021,6.80814096237252,0.09808429785124828,0.6677717259666304,0.13355434519332607,0.037437943278912186,0.03,0.07487588655782437,0.07,-1.1321946776623195
12410,2021,8.2559680511365,0.09863166130574633,0.8142998445707579,0.16285996891415158,0.030701221628229903,0.03,0.061402443256459806,0.06,-0.45684852114024405
12457,2022,7.48734647714754,0.09863903065652883,0.7385445986954093,0.14770891973908187,0.0338503592662662,0.03,0.0677007185325324,0.06,-1.175316252140814
12481,2022,8.848589279555108,0.09796477122087732,0.8668500243991238,0.17337000487982476,0.02884005225394012,0.02,0.05768010450788024,0.05,6.38373228365142
12697,2022,14.02342597474271,0.09965405783174633,1.3974913030862235,0.2794982606172447,0.017889198984487372,0.01,0.035778397968974744,0.03,1.848682117922536
12840,2022,13.213848981410939,0.09930962489911928,1.3122623858175297,0.26245247716350595,0.019051068041110685,0.01,0.03810213608222137,0.03,-1.0681103591592591
12850,2022,13.59185547702495,0.09892556985986838,1.3445820485176663,0.26891640970353325,0.018593138312058558,0.01,0.037186276624117116,0.03,-1.066216124908187
12874,2022,10.18305151089462,0.09884987999509467,1.0065934198358006,0.20131868396716013,0.024836244214747692,0.02,0.049672488429495384,0.04,14.062582306177452
13020,2022,9.92743764692645,0.09827149313386568,0.9755841205568123,0.19511682411136247,0.025625673351193243,0.02,0.051251346702386485,0.05,-1.0906578345802007
13033,2022,9.953522273618761,0.09968305382860526,0.9921974965853604,0.19843949931707208,0.02519659653046626,0.02,0.05039319306093252,0.05,-1.3060703178870343
13083,2022,10.63901381790631,0.09909577188830226,1.0542812864157394,0.21085625728314786,0.023712836718360986,0.02,0.04742567343672197,0.04,-1.0845943068976458
13129,2022,8.48884386829757,0.0988632133055125,0.8392343820686945,0.1678468764137389,0.029789055994554874,0.02,0.05957811198910975,0.05,-1.1060215046906046
13215,2022,14.65996231131422,0.09787291027690181,1.434813175958019,0.2869626351916038,0.01742387121815187,0.01,0.03484774243630374,0.03,-1.0613916994388097
13334,2022,12.742222765750219,0.09842232693759599,1.2541192149623466,0.2508238429924693,0.019934309036761386,0.01,0.03986861807352277,0.03,-1.070631318926502
13384,2022,19.65168048112167,0.09622912769348022,1.8910640704093298,0.3782128140818659,0.013220070325057063,0.01,0.026440140650114127,0.02,-1.0457976100753297
13410,2022,15.12393204749224,0.0972062789571952,1.470141157538195,0.294028231507639,0.017005169790541345,0.01,0.03401033958108269,0.03,-1.0595083340214997
13475,2022,11.801792340324809,0.09626978342357352,1.1361559926130582,0.22723119852261164,0.02200402071770287,0.02,0.04400804143540574,0.04,1.663430708365632
13561,2022,12.34403485678088,0.09403517583588074,1.160773488281631,0.23215469765632618,0.02153736301904098,0.02,0.04307472603808196,0.04,0.9964328252018517
13609,2022,11.23997584595622,0.09524769709346913,1.0705818147135475,0.21411636294270953,0.02335178839805828,0.02,0.04670357679611656,0.04,-1.0271547018738494
13633,2022,11.716547511524599,0.09458508900163384,1.1082106891694257,0.22164213783388512,0.02255888726243638,0.02,0.04511777452487276,0.04,16.967455626707174
13705,2022,17.55661131075363,0.09302797567918077,1.6332560100256188,0.32665120200512376,0.015306847087376006,0.01,0.030613694174752012,0.03,-1.0512627399484933
13739,2022,13.331797179451248,0.09274193548387097,1.2364166739007207,0.24728333478014414,0.020219720849548654,0.02,0.04043944169909731,0.04,0.3491072451615491
13770,2022,10.699578650182719,0.09228103656086784,0.9873682086033924,0.19747364172067847,0.02531983487230349,0.02,0.05063966974460698,0.05,9.454516619941334
13830,2022,16.00794842370008,0.09030358361915101,1.4455751090506568,0.2891150218101313,0.017294154999955756,0.01,0.03458830999991151,0.03,2.510520570878357
13874,2022,23.12110117077,0.08916101839722047,2.0615009268510196,0.4123001853702039,0.012127086471015057,0.01,0.024254172942030115,0.02,4.01225869293678
13971,2022,27.23795286685839,0.09021993525080121,2.4574063440123393,0.49148126880246784,0.010173327687915528,0.01,0.020346655375831055,0.02,-1.0330421307503868
14024,2022,16.667005251016057,0.08941647736987372,1.4903048978510438,0.2980609795702088,0.016775090812657822,0.01,0.033550181625315645,0.03,-1.0539989030089665
14041,2022,17.0331516884757,0.08789778595404078,1.4971763212363456,0.29943526424726913,0.01669810004699739,0.01,0.03339620009399478,0.03,-1.0528381368557311
14087,2022,13.72620537144346,0.08762158024094444,1.2027118053576156,0.24054236107152313,0.020786359532378975,0.02,0.04157271906475795,0.04,-1.065568012108623
14101,2022,13.635161400789562,0.08712714721464118,1.1879927146619853,0.23759854293239707,0.021043900094213242,0.02,0.042087800188426484,0.04,-1.0660058193332138
14114,2022,14.757020744570301,0.08718328581953298,1.28656555741865,0.25731311148373004,0.019431578791958105,0.01,0.03886315758391621,0.03,3.2716049788319914
14167,2022,20.11038703423747,0.08588657209051383,1.727212205784171,0.3454424411568342,0.01447419136819367,0.01,0.02894838273638734,0.02,-1.0447529924942882
14209,2022,18.29922123609271,0.08549292878159902,1.5644540178959983,0.31289080357919963,0.015980015848354547,0.01,0.03196003169670909,0.03,0.01754792552854959
14233,2022,12.02229592640131,0.08537324055037167,1.0263823620924124,0.2052764724184825,0.02435739440127779,0.02,0.04871478880255558,0.04,-1.0748609088904135
14257,2022,14.32272751728385,0.08455734722047936,1.2110918438232847,0.24221836876465694,0.020642530232123216,0.02,0.04128506046424643,0.04,7.85074732400099
14344,2022,30.8377184997279,0.0837082095168636,2.5813702011972834,0.5162740402394567,0.00968477903262561,0.01,0.01936955806525122,0.01,-1.029185038445966
14414,2022,24.94294967889263,0.08219629664266342,2.050218090949285,0.410043618189857,0.01219382470107099,0.01,0.02438764940214198,0.02,9.109248855193401
14539,2022,24.80174429281139,0.08207028466995013,2.035486214422342,0.40709724288446836,0.012282077777222797,0.01,0.024564155554445594,0.02,7.031763489737697
14593,2022,19.8117574960467,0.08041076303132717,1.5930785372487308,0.31861570744974615,0.01569288607903497,0.01,0.03138577215806994,0.03,-0.7946721712806288
14665,2022,22.03615753331648,0.0806441617995631,1.7770874535574355,0.3554174907114871,0.014067962693650292,0.01,0.028135925387300583,0.02,-1.819736491689603
14702,2022,21.338032682235948,0.08150620301333415,1.7391820237034823,0.3478364047406965,0.014374573597974534,0.01,0.02874914719594907,0.02,-1.4809237791779186
14786,2022,20.63709343976958,0.08346716128224393,1.7225196065339856,0.34450392130679713,0.014513622895883564,0.01,0.029027245791767128,0.02,-1.0436107925094582
14833,2022,19.43386749884683,0.08407557248910012,1.6339135356428636,0.3267827071285727,0.015300687248523065,0.01,0.03060137449704613,0.03,-1.046310905436286
14881,2022,15.25132477902808,0.08450796301255493,1.2888583903185675,0.25777167806371354,0.01939701070947037,0.01,0.03879402141894074,0.03,4.540588598131048
14929,2022,19.099349746204,0.08309346388015304,1.587031128270612,0.3174062256541224,0.015752684087074274,0.01,0.03150536817414855,0.03,4.046969512888276
14977,2022,20.10567537741448,0.0820687965203541,1.6500485814533228,0.3300097162906645,0.015151069053967252,0.01,0.030302138107934504,0.03,-1.278246043346989
15001,2022,20.47198834980142,0.08054656923738207,1.6489484270441592,0.32978968540883186,0.015161177626891597,0.01,0.030322355253783195,0.03,10.311651042046972
15097,2022,24.38487029620461,0.07769927643674752,1.8946867780190355,0.3789373556038071,0.013194793086664392,0.01,0.026389586173328785,0.02,-1.036908131520426
15139,2022,31.135653799567493,0.07701572036249306,2.3979348063308845,0.4795869612661769,0.010425637900578653,0.01,0.020851275801157306,0.02,-1.0289057684734215
15202,2022,57.19276865571899,0.07815620846605632,4.4699699498073056,0.8939939899614612,0.005592878762211302,0.01,0.011185757524422604,0.01,1.7659575217976624
15348,2022,22.58708020738602,0.07805872275063508,1.7631186316547025,0.35262372633094047,0.014179420233644335,0.01,0.02835884046728867,0.02,-1.0398457875802276
15361,2022,18.68532033774224,0.07826865450778735,1.4624748818820799,0.29249497637641597,0.017094310685067726,0.01,0.03418862137013545,0.03,-1.6376492051993967
15394,2022,23.58957088245405,0.0769770627751771,1.8158558786581553,0.3631711757316311,0.013767612448667456,0.01,0.027535224897334912,0.02,-0.5155178134072234
15481,2022,18.50689380386594,0.07652314237511919,1.4162056694744445,0.28324113389488886,0.01765280321838955,0.01,0.0353056064367791,0.03,-1.0486305270639995
15536,2022,25.38000016309585,0.07489439853076217,1.9008198469257096,0.3801639693851419,0.013152219575376248,0.01,0.026304439150752496,0.02,-1.0354609926799445
15565,2022,27.98929717143136,0.074462073621793,2.0841411066013644,0.41682822132027286,0.011995349029302445,0.01,0.02399069805860489,0.02,-1.0321551482513704
15578,2022,24.83165129601688,0.07399366571311809,1.8373849051021887,0.36747698102043774,0.013606294429968439,0.01,0.027212588859936878,0.02,-1.0362440656592493
15637,2022,21.72527302764551,0.07288542029996511,1.5834556557514385,0.31669113115028774,0.01578825394269478,0.01,0.03157650788538956,0.03,-1.0414264068789125
15649,2022,22.95284801447944,0.07268395976707252,1.668303881624154,0.3336607763248308,0.014985279525731006,0.01,0.029970559051462013,0.02,3.277373702654308
15768,2022,15.77915607445624,0.07352539704321072,1.1601687153811853,0.23203374307623703,0.021548590018466405,0.02,0.04309718003693281,0.04,-1.057037270925808
15851,2022,18.26754088347384,0.07427793673211032,1.3568752459939084,0.27137504919878164,0.018424685743078432,0.01,0.036849371486156864,0.03,-1.049267715109611
15865,2022,18.101784868466638,0.0740069488036671,1.3396578660156062,0.2679315732031212,0.018661481139475328,0.01,0.037322962278950655,0.03,-1.0497188540544011
15984,2022,37.44465019600064,0.0759507294905525,2.8439484979048077,0.5687896995809615,0.008790595194820859,0.01,0.017581190389641718,0.01,-1.024035476237268
16045,2022,39.46986008989377,0.07535737588231803,2.974345082816628,0.5948690165633256,0.008405211669765517,0.01,0.016810423339531033,0.01,0.07013444347263192
16105,2022,16.638919106451088,0.07560309209649474,1.2579537335911475,0.2515907467182295,0.01987354489471657,0.01,0.03974708978943314,0.03,-1.069781028810761
16153,2022,28.74397516677395,0.07737611210298112,2.2240970447896067,0.4448194089579213,0.011240516711520081,0.01,0.022481033423040163,0.02,-0.09057538619588139
16208,2022,20.86502966492657,0.07582054115398398,1.5819978403886616,0.31639956807773234,0.01580280286214427,0.01,0.03160560572428854,0.03,2.128294289259738
16232,2022,21.20424173177623,0.07532954031259041,1.5973057823317494,0.31946115646634987,0.015651355098398857,0.01,0.031302710196797714,0.03,0.08572474498127897
16265,2022,25.978870518047845,0.07420966649986756,1.9278833171875722,0.38557666343751446,0.012967589779484376,0.01,0.025935179558968752,0.02,4.452741749458253
16321,2022,22.05363636599503,0.07249810407187027,1.5988468244250904,0.3197693648850181,0.015636269602617773,0.01,0.031272539205235546,0.03,-1.0408095964341146
16407,2022,27.914731816196618,0.07302619099730065,2.0385065372479994,0.40770130744959987,0.012263880219756473,0.01,0.024527760439512946,0.02,3.8161081400859054
16455,2022,25.9119776262071,0.07204994016983117,1.8669564376502255,0.3733912875300451,0.013390778432658724,0.01,0.026781556865317448,0.02,-1.0347329722564624
16486,2022,20.9221849403357,0.07228989300506213,1.51246251076899,0.302492502153798,0.016529335320377037,0.01,0.03305867064075407,0.03,4.360389439420532
16565,2022,15.46599485853928,0.07051424763012173,1.0905729913012283,0.21811459826024565,0.02292372926838303,0.02,0.04584745853676606,0.04,19.200418304777035
16693,2022,44.00031752024357,0.06957761725336721,3.0614372514501347,0.612287450290027,0.008166099105300315,0.01,0.01633219821060063,0.01,-1.0204543978480571
16809,2022,19.04468035192797,0.0696639222755016,1.3267271317984823,0.2653454263596965,0.01884336228664484,0.01,0.03768672457328968,0.03,-1.0472572909268514
16829,2022,17.37423108489206,0.06919758532298736,1.2022548379181177,0.24045096758362353,0.020794260261236465,0.02,0.04158852052247293,0.04,-1.051800853551602
16851,2022,41.49376970431613,0.06779498367242676,2.813069439611548,0.5626138879223096,0.008887089542820603,0.01,0.017774179085641207,0.01,-1.0216900032562581
16897,2022,34.31984173115133,0.06679464975064166,2.2923818079297082,0.4584763615859417,0.01090568766229128,0.01,0.02181137532458256,0.02,2.5815969867827464
17017,2022,15.277324103375358,0.06774454269135122,1.034955334930721,0.2069910669861442,0.02415563179996891,0.02,0.04831126359993782,0.04,-0.13261926149249553
17102,2022,15.59815047282711,0.06781496538538524,1.0577880343908008,0.21155760687816016,0.023634224615140358,0.02,0.047268449230280715,0.04,-1.0576991484706293
17137,2022,15.350829383114739,0.06700629493309485,1.0286022011126046,0.20572044022252092,0.024304828409815123,0.02,0.04860965681963025,0.04,-1.058628754026177
17165,2022,12.19608700229383,0.06638314218295562,0.8096145775489683,0.16192291550979365,0.030878890639154673,0.03,0.061757781278309345,0.06,-1.073794160359095
17185,2022,16.46309253024151,0.06633460278824262,1.0920727036596547,0.21841454073193095,0.022892248763495576,0.02,0.04578449752699115,0.04,3.614481709927173
17241,2022,21.0357673235425,0.06602391366166095,1.3888636855763588,0.27777273711527173,0.018000326640857742,0.01,0.036000653281715485,0.03,4.164997827148539
17310,2022,14.33206257189942,0.0657864976813592,0.9428562011553563,0.18857124023107127,0.0265151779978384,0.02,0.0530303559956768,0.05,2.5572998857968767
17356,2022,13.77424401872001,0.06495461648435683,0.8947007375979041,0.17894014751958082,0.027942304001134607,0.02,0.055884608002269215,0.05,5.497112470009177
17480,2022,38.145210746094506,0.06734447489080007,2.5688691872946388,0.5137738374589278,0.009731908547016489,0.01,0.019463817094032977,0.01,2.7318635761301424
17576,2022,33.9679914047074,0.06600325405237539,2.241997966333806,0.4483995932667612,0.011150768366164436,0.01,0.02230153673232887,0.02,-0.6820985741289916
17821,2022,36.65523508629724,0.07344070257344569,2.6919862177324863,0.5383972435464973,0.009286823177370498,0.01,0.018573646354740996,0.01,-1.0245531094775784
17861,2022,22.0494783942987,0.07312741477575939,1.612421352129026,0.32248427042580524,0.015504632189960914,0.01,0.03100926437992183,0.03,4.435284393221981
17962,2022,31.246878731022896,0.07462281620993094,2.3317300886791217,0.4663460177358243,0.010721652613816036,0.01,0.021443305227632072,0.02,-1.0288028768488122
18038,2022,32.50762077854716,0.07439963816757723,2.418555223612724,0.4837110447225448,0.010336749707396045,0.01,0.02067349941479209,0.02,-1.0276858157700832
18112,2022,39.48082095818891,0.07715172863283853,3.046013584767875,0.609202716953575,0.008207448622362319,0.01,0.016414897244724638,0.01,0.12604953225314655
18149,2022,29.76468808137117,0.07618697547802922,2.2676815609666137,0.4535363121933227,0.011024475583486949,0.01,0.022048951166973897,0.02,-1.0302371722337542
18218,2022,28.16746444481598,0.07678001387925051,2.1626983110162663,0.4325396622032533,0.011559633571014504,0.01,0.02311926714202901,0.02,-0.4797752020498176
18297,2022,32.67021912903724,0.07769283716298347,2.5382420148712783,0.5076484029742556,0.009849336609167989,0.01,0.019698673218335978,0.01,2.2935522307721894
18361,2022,25.314994394313487,0.0772318339100346,1.9551234424950763,0.3910246884990153,0.012786916394442936,0.01,0.02557383278888587,0.02,-1.0355520521150714
18423,2022,28.849549409081572,0.08020534843455843,2.3138881625353966,0.4627776325070793,0.010804325120280123,0.01,0.021608650240560245,0.02,0.7541640687700327
18467,2022,19.79979425828954,0.07981233707206768,1.5802678533001953,0.31605357066003903,0.01582010286913739,0.01,0.03164020573827478,0.03,-1.0454550177774602
18489,2022,17.617395172754268,0.07998843609440351,1.4091878879257076,0.2818375775851415,0.017740714502449656,0.01,0.03548142900489931,0.03,2.9776130044959617
18624,2023,33.82060989885464,0.08053566794388384,2.7237654084737883,0.5447530816947576,0.00917847033456831,0.01,0.01835694066913662,0.01,-1.0266109926074822
18640,2023,41.90806700959624,0.08029348040181208,3.364944557112843,0.6729889114225686,0.007429542916882487,0.01,0.014859085833764975,0.01,3.4422372765511393
18746,2023,26.09131633890736,0.0809606433458814,2.1123697565388473,0.4224739513077695,0.011835049201311664,0.01,0.023670098402623328,0.02,-1.0344942351052187
18842,2023,28.480717431088948,0.08392423807788624,2.3902225103157133,0.47804450206314264,0.01045927728155228,0.01,0.02091855456310456,0.02,-1.0316003275611694
18867,2023,48.04991953264309,0.08220209091117059,3.9498038536967583,0.7899607707393517,0.0063294282263160065,0.01,0.012658856452632013,0.01,-1.0187305204411419
18914,2023,28.092487191519275,0.08413952187893192,2.363688440684451,0.4727376881368902,0.010576690044970891,0.01,0.021153380089941783,0.02,2.4090052547896788
18950,2023,31.71454867916415,0.083069350134352,2.6345069485824375,0.5269013897164875,0.009489441663250072,0.01,0.018978883326500145,0.01,-1.0283781430757568
18975,2023,30.20505413297777,0.08337240854478786,2.5182681132920557,0.5036536226584111,0.009927457631712716,0.01,0.01985491526342543,0.01,-3.287529284431331
19025,2023,33.685924541937275,0.08334918978639823,2.80769451777622,0.5615389035552439,0.008904102580148487,0.01,0.017808205160296974,0.01,-1.02671739048986
19058,2023,20.33273227362766,0.08358653032982241,1.6995425428777373,0.33990850857554744,0.014709840659633587,0.01,0.029419681319267175,0.02,-1.0442636035279333
19166,2023,31.81329403484323,0.08316695696210301,2.6458148558185353,0.529162971163707,0.009448884885131448,0.01,0.018897769770262897,0.01,6.888334377103767
19249,2023,23.9814573810166,0.08147472305224181,1.9538825985074677,0.3907765197014936,0.012795036927549795,0.01,0.02559007385509959,0.02,-1.0375289952442055
19274,2023,26.55425282639498,0.08150600671293835,2.1643311091252113,0.43286622182504225,0.011550912840736558,0.01,0.023101825681473117,0.02,-1.0338928760633552
19298,2023,28.24684384104284,0.08097967177276108,2.287420142864087,0.45748402857281734,0.010929343294449358,0.01,0.021858686588898717,0.02,1.6964270016125291
19335,2023,36.59350551915797,0.08097873141351401,2.963295654914836,0.5926591309829672,0.008436552714048537,0.01,0.016873105428097075,0.01,2.48218593332973
19383,2023,25.252103289418997,0.07939894334448608,2.0049903184056896,0.40099806368113794,0.012468888139010705,0.01,0.02493777627802141,0.02,-1.0356405955450085
19394,2023,25.843503611161562,0.0791296724198138,2.0449879749314896,0.40899759498629795,0.012225010761169653,0.01,0.024450021522339306,0.02,-1.034824999486982
19448,2023,17.22750406047741,0.0792013422320547,1.3644414448979834,0.27288828897959666,0.018322515849604086,0.01,0.03664503169920817,0.03,-0.07996718921441946
19501,2023,14.883685065546208,0.07844549090344567,1.1675579814190553,0.23351159628381105,0.021412212838984566,0.02,0.04282442567796913,0.04,-1.0604688957094532
19524,2023,23.73251334871265,0.07794854784018872,1.8499149521300453,0.3699829904260091,0.013514134782906794,0.01,0.027028269565813588,0.02,5.347094854025883
19613,2023,21.04128311542572,0.07792692566677402,1.6396825052693274,0.32793650105386546,0.015246854143810972,0.01,0.030493708287621945,0.03,-1.0427730569026128
19693,2023,19.504388534375337,0.07833013816354863,1.5277814486931538,0.30555628973863075,0.016363597045496725,0.01,0.03272719409099345,0.03,5.4266918989021695
19832,2023,32.3874185030316,0.07975732553131451,2.5831338806652098,0.516626776133042,0.009678166581734426,0.01,0.019356333163468853,0.01,-1.0277885685738168
19945,2023,27.11046641815423,0.08122567506411221,2.2020659361175214,0.44041318722350425,0.011352975217480401,0.01,0.022705950434960803,0.02,-1.0331975107369114
20018,2023,25.85198370948253,0.08234961097382776,2.1289008013776187,0.4257801602755238,0.011743149320918295,0.01,0.02348629864183659,0.02,-1.0348135760147146
20065,2023,24.74294898938026,0.08251186564439576,2.041586882657882,0.4083173765315764,0.012245376482559113,0.01,0.024490752965118226,0.02,3.6145869255621297
20099,2023,23.34601783317014,0.08205654285972905,1.9156935129315242,0.3831387025863049,0.0130501042213915,0.01,0.026100208442783,0.02,-1.0385504717092375
20113,2023,24.9725904662377,0.08199618314875202,2.0476571015684053,0.40953142031368106,0.01220907542617913,0.01,0.02441815085235826,0.02,-1.0360395130499593
20143,2023,24.87619664190814,0.08098130106262683,2.0145067695514696,0.4029013539102939,0.012409985599386324,0.01,0.024819971198772647,0.02,-1.0361791640801874
20223,2023,26.402100433079873,0.08299145623694701,2.191148762655428,0.4382297525310856,0.011409540249427332,0.01,0.022819080498854664,0.02,1.6130855117502247
20307,2023,18.60298553224328,0.08157006022025971,1.5174466501417045,0.30348933002834094,0.016475043783361617,0.01,0.032950087566723234,0.03,-1.0483793312874388
20367,2023,27.81094680636052,0.08226814606573556,2.287955034092069,0.4575910068184138,0.010926788169995994,0.01,0.02185357633999199,0.02,2.5242888731185698
20431,2023,16.0499171529755,0.08136239822463688,1.305859750872823,0.26117195017456457,0.019144475494623572,0.01,0.038288950989247145,0.03,-0.6967943992838282
20507,2023,18.9331310655332,0.08180562158307583,1.5488365553297863,0.30976731106595723,0.01614114795649104,0.01,0.03228229591298208,0.03,-1.0475357190991585
20577,2023,20.30920613435853,0.08257438174031972,1.6770201401813642,0.33540402803627284,0.014907394014538389,0.01,0.029814788029076777,0.02,-1.0443148783880107
20594,2023,24.40091693688142,0.08218467091231783,2.005381328416402,0.40107626568328036,0.012466456950480265,0.01,0.02493291390096053,0.02,-1.0368838598290189
20617,2023,26.672866863814388,0.0805281373244847,2.1479162856469425,0.4295832571293885,0.01163918732171171,0.01,0.02327837464342342,0.02,1.118398869262022
20725,2023,26.03905892937881,0.08142196051675293,2.1201512280412844,0.4240302456082569,0.011791611687575896,0.01,0.023583223375151792,0.02,-1.0345634610851824
20737,2023,19.20434861606373,0.08171883572307646,1.5693570097248026,0.31387140194496055,0.015930091015035463,0.01,0.031860182030070926,0.03,-1.0468643856655604
20761,2023,17.1924172422574,0.08138212405500062,1.399155432814723,0.27983108656294464,0.017867921900361527,0.01,0.035735843800723054,0.03,-1.052348659721152
20790,2023,14.918008468694248,0.08100661821190097,1.2084574165054205,0.24169148330108411,0.020687530779772298,0.02,0.041375061559544596,0.04,-1.0603297686744908
20839,2023,17.90260396076384,0.08103797299401597,1.4507907362949435,0.2901581472589887,0.01723198210090965,0.01,0.0344639642018193,0.03,5.052281196571676
20895,2023,18.41551356107795,0.0795280201440534,1.4645493334484958,0.2929098666896992,0.017070097557679288,0.01,0.034140195115358575,0.03,-1.0488718382474134
20910,2023,15.22642950466318,0.07932168701118339,1.2077860754667409,0.24155721509334818,0.020699029826402756,0.02,0.04139805965280551,0.04,8.714678712109706
20992,2023,24.17992127995972,0.07799880185063553,1.8860048886795437,0.3772009777359087,0.013255532978763036,0.01,0.026511065957526073,0.02,-1.0372209648484991
21002,2023,21.809506844886357,0.07789609528203943,1.6988754232435588,0.33977508464871176,0.014715616965173957,0.01,0.029431233930347914,0.02,-1.0412664076451017
21039,2023,21.60281253540725,0.07735135795548465,1.671006885271517,0.3342013770543034,0.014961039490832393,0.01,0.029922078981664785,0.02,3.0701636716432392
21085,2023,22.17159958738536,0.07657658299548988,1.697825335946184,0.3395650671892368,0.014724718421089945,0.01,0.02944943684217989,0.02,1.242556990206309
21127,2023,20.11016993584275,0.07619278482817625,1.5322498507797258,0.30644997015594516,0.016315876935656472,0.01,0.032631753871312945,0.03,-1.044753475623045
21210,2023,24.98491848174194,0.07651582287527514,1.9117415971021545,0.3823483194204309,0.013077081148359882,0.01,0.026154162296719765,0.02,-0.8792534883457616
21280,2023,24.6333091812746,0.07634462293491596,1.880620701083613,0.3761241402167226,0.013293483361953322,0.01,0.026586966723906643,0.02,-1.0365358950913484
21350,2023,20.101006920910898,0.07706026443581773,1.5489889087515962,0.30979778175031925,0.016139560366606298,0.01,0.032279120733212596,0.03,-1.044773876430204
21373,2023,20.88060713594285,0.0773920945675196,1.6159939220921136,0.3231987844184227,0.015470355214971516,0.01,0.030940710429943032,0.03,2.7693878048719984
21409,2023,23.02860725461413,0.07684746532013276,1.769690097369917,0.3539380194739834,0.014126767187743533,0.01,0.028253534375487065,0.02,1.0630550847181652
21447,2023,32.25455660856734,0.07704321583946185,2.484994766599994,0.4969989533199988,0.010060383360165126,0.01,0.020120766720330252,0.02,0.5891184452883519
21518,2023,22.91910746846902,0.07690098410508385,1.7625019191354445,0.3525003838270889,0.01418438171815619,0.01,0.02836876343631238,0.02,-1.0392685448696888
21542,2023,22.10456736898657,0.0769047602372765,1.6999464536606381,0.33998929073212764,0.01470634557115925,0.01,0.0294126911423185,0.02,4.347005195663566
21609,2023,17.47634425160672,0.07602622576966932,1.328660493701115,0.265732098740223,0.018815942912820436,0.01,0.03763188582564087,0.03,-1.0514981844626143
21632,2023,17.64440148280619,0.07599777885749984,1.3409353219632472,0.2681870643926494,0.01864370308584146,0.01,0.03728740617168292,0.03,-1.0510076808713085
21655,2023,17.13479107645347,0.07557292099648072,1.2949262123120209,0.2589852424624042,0.019306119346648987,0.01,0.038612238693297975,0.03,-1.6341022119888051
21673,2023,17.82710148403123,0.07510445946972576,1.3388948208701112,0.26777896417402225,0.018672116442838418,0.01,0.037344232885676835,0.03,-1.0504849316533875
21751,2023,12.126408722265118,0.07536517826237453,0.913908955035924,0.18278179100718478,0.027355022469407034,0.02,0.05471004493881407,0.05,-1.9049333177748196
21926,2023,31.1510493056732,0.08102062771203512,2.5238775686341985,0.5047755137268397,0.009905393316494666,0.01,0.01981078663298933,0.01,-0.7118981403745654
21950,2023,30.024993587054848,0.0806993328732459,2.4229969519988126,0.4845993903997625,0.01031780084550938,0.01,0.02063560169101876,0.02,-1.0299750272182278
21987,2023,27.08676277079437,0.08057151062607697,2.1824213944130846,0.4364842788826169,0.011455166295564662,0.01,0.022910332591129325,0.02,0.08063588780848877
22023,2023,26.812136091625497,0.07943087114466843,2.1297113270072185,0.4259422654014437,0.011738680112638225,0.01,0.02347736022527645,0.02,-1.0335668891477257
22040,2023,28.10304310665876,0.07841745882982996,2.20376922580935,0.44075384516187005,0.011344200521185954,0.01,0.02268840104237191,0.02,-0.2666847342567707
22143,2023,30.95342917492167,0.0780134150146062,2.4147827163483835,0.4829565432696767,0.010352898350127674,0.01,0.02070579670025535,0.02,-1.0290759384013755
22178,2023,42.63301026291753,0.07771882166166871,3.3133873215237797,0.6626774643047559,0.007545148687447399,0.01,0.015090297374894798,0.01,2.8978630659766855
22253,2023,22.42157958091626,0.07608589623890416,1.7059659775059266,0.3411931955011853,0.014654454033455746,0.01,0.029308908066911492,0.02,-1.0401399016849633
22321,2023,18.87581798495345,0.07669311449326942,1.4476452698741489,0.28952905397482975,0.01726942402276034,0.01,0.03453884804552068,0.03,3.9574443904655547
22393,2023,17.28293811726636,0.07593963140327963,1.3124599501908991,0.26249199003817986,0.019048200287074445,0.01,0.03809640057414889,0.03,-1.052074479113136
22417,2023,14.80308120996511,0.07547030539669837,1.117193059728194,0.2234386119456388,0.022377511015045457,0.02,0.044755022030090914,0.04,-1.0607981532516257
22441,2023,15.6594876407088,0.07500361050553955,1.1745181117200334,0.2349036223440067,0.021285325232991537,0.02,0.04257065046598307,0.04,-1.0574731447573897
22477,2023,15.571918582107289,0.07479408839968454,1.164687454982823,0.2329374909965646,0.02146498607248131,0.02,0.04292997214496262,0.04,-1.0577963463689868
22489,2023,16.0544772969479,0.07424387311822081,1.1919465754139567,0.23838931508279135,0.02097409440630142,0.02,0.04194818881260284,0.04,-1.0560591281393201
22546,2023,18.25321774395752,0.07467946741223473,1.3631405796783005,0.2726281159356601,0.01834000129751839,0.01,0.03668000259503678,0.03,0.6288668187365689
22621,2023,19.76073290664014,0.07429004762754438,1.4680257887894794,0.29360515775789586,0.01702967358673908,0.01,0.03405934717347816,0.03,-1.0455448694263207
22633,2023,16.99223076260705,0.07385652218535117,1.2549870682970943,0.25099741365941886,0.019920523989082034,0.01,0.03984104797816407,0.03,-1.0529653823900247
22670,2023,15.06345848790811,0.07365693674528334,1.109528209009049,0.2219056418018098,0.022532099496891753,0.02,0.04506419899378351,0.04,-1.0597472353856523
22691,2023,13.60316253140258,0.07344039908384703,0.9990216851086403,0.19980433702172806,0.02502448182321621,0.02,0.05004896364643242,0.05,-0.6011273319265155
22769,2023,27.816124696087,0.07379878595429878,2.0527962325246087,0.41055924650492176,0.012178510269991106,0.01,0.024357020539982212,0.02,5.784414678822487
22825,2023,17.559089141694482,0.07259662596422789,1.2747306266921297,0.2549461253384259,0.019611986624086933,0.01,0.039223973248173866,0.03,-1.0512555060650357
22849,2023,16.89987901406985,0.07263564316195895,1.2275335815462562,0.24550671630925125,0.020366041610453443,0.02,0.040732083220906885,0.04,-1.053254819117425
22933,2023,18.97120441564618,0.07274129123417207,1.37998990546153,0.275997981092306,0.01811607454595031,0.01,0.03623214909190062,0.03,0.31871010874275024
22998,2023,15.328621920640709,0.0721786021556367,1.1063985032040975,0.2212797006408195,0.022595836787198044,0.02,0.04519167357439609,0.04,1.5779546256511296
23047,2023,9.82191781013184,0.07231978976884056,0.7103190311555655,0.1420638062311131,0.035195452892947766,0.03,0.07039090578589553,0.07,-2.138075313390819
23070,2023,9.84426408303322,0.07220660006218824,0.710820839550144,0.14216416791002878,0.03517060644398342,0.03,0.07034121288796684,0.07,-0.9805298793461352
23089,2023,15.91633779719305,0.07166675655996332,1.1406723062375772,0.22813446124751544,0.021916899238538227,0.02,0.043833798477076455,0.04,-1.0565456709620262
23137,2023,12.9387282857473,0.07177731808717801,0.9287072158096514,0.18574144316193028,0.02691914047227993,0.02,0.05383828094455986,0.05,3.225933029523661
23194,2023,11.301210727220349,0.07076807602350937,0.7997649399016293,0.15995298798032587,0.03125918473379814,0.03,0.06251836946759629,0.06,1.2253764524030397
23257,2023,15.91624207441639,0.07058096663015308,1.1233837507318216,0.22467675014636432,0.022254194066554638,0.02,0.044508388133109276,0.04,-1.0565460110365466
23365,2023,17.86763255999668,0.07027937149781417,1.255725986470447,0.2511451972940894,0.019908801975396854,0.01,0.03981760395079371,0.03,-1.0503704112438665
23439,2023,16.7747641588306,0.07127353995248385,1.1955968234679069,0.23911936469358136,0.020910058900529584,0.02,0.04182011780105917,0.04,-1.0536520210644067
23461,2023,15.68820834213597,0.07076483919057137,1.1101735405194324,0.22203470810388648,0.022519001838489955,0.02,0.04503800367697991,0.04,0.10959180647254944
23533,2023,16.95371200470749,0.07039146430216797,1.193396613368604,0.2386793226737208,0.020948609808295358,0.02,0.041897219616590715,0.04,-1.05308571950198
23559,2023,11.3446546251132,0.07034197444366595,0.7980054057119295,0.1596010811423859,0.031328108583044745,0.03,0.06265621716608949,0.06,-1.07933251647948
23585,2023,10.885231301740431,0.07075323669433187,0.7701653467645909,0.1540330693529182,0.032460562014407945,0.03,0.06492112402881589,0.06,-0.9245727980674426
23674,2023,7.31996888191374,0.07049830917713287,0.5160454294041464,0.10320908588082929,0.04844534720299012,0.04,0.09689069440598023,0.09,-1.1229513423510629
23691,2023,10.8470433850144,0.07010311334490119,0.7604115118767252,0.15208230237534504,0.03287693519828366,0.03,0.06575387039656733,0.06,-1.082971918527107
23764,2023,20.66193861671507,0.0705597922008725,1.4579020952625983,0.29158041905251963,0.01714792788983336,0.01,0.03429585577966672,0.03,6.019073956611614
23882,2023,13.22409946592544,0.07135024582628276,0.9435427477249946,0.1887085495449989,0.02649588485553864,0.02,0.05299176971107728,0.05,6.238610062830986
23935,2023,12.52025490097696,0.07094371628874724,0.8882334115577066,0.17764668231154132,0.0281457550174308,0.02,0.0562915100348616,0.05,7.03659795242084
24056,2023,15.121212525457288,0.07165705071012682,1.0835414927352978,0.21670829854705953,0.023072489763995906,0.02,0.04614497952799181,0.04,-1.0595190364849982
24150,2023,26.03996485707881,0.07322737893803885,1.9068383741225248,0.38136767482450495,0.01311070740932845,0.01,0.0262214148186569,0.02,1.3664708941063521
24193,2023,15.541793443176518,0.07295260134163552,1.1338142611941013,0.22676285223882028,0.022049466879760976,0.02,0.04409893375952195,0.04,-1.0579083748147071
24303,2023,31.112145345569306,0.07384666378050761,2.2975281368245413,0.45950562736490824,0.010881259558611104,0.01,0.02176251911722221,0.02,-1.7710125543575532
24387,2023,22.21791930573173,0.0732882014232169,1.6283113452832465,0.3256622690566493,0.015353329123707129,0.01,0.030706658247414257,0.03,-1.0405078435840551
24457,2023,38.68178716135987,0.07404481480717531,2.8641857667734634,0.5728371533546927,0.00872848412628025,0.01,0.0174569682525605,0.01,1.093741036698887
24585,2023,25.97434615962032,0.07661903826179717,1.9901294222291137,0.3980258844458227,0.01256199708459055,0.01,0.0251239941691811,0.02,0.35987320549250446
24603,2023,30.04945130101606,0.07610281565507006,2.2868478528972305,0.45736957057944605,0.010932078392678048,0.01,0.021864156785356095,0.02,-1.0299506300792245
24730,2023,10.66191449472292,0.07739021083173506,0.8251278106165387,0.16502556212330774,0.030298336425383484,0.03,0.06059667285076697,0.06,-1.669493786393459
24745,2023,13.95985235727778,0.07738004249261989,1.0802139685968546,0.2160427937193709,0.023143562966949766,0.02,0.04628712593389953,0.04,-1.0644705958892344
24802,2023,24.089837575853988,0.07798815816402144,1.8787220630112875,0.3757444126022575,0.013306917767244957,0.01,0.026613835534489913,0.02,-1.0373601522703022
24841,2024,8.26469960649953,0.07805485050092267,0.6450998922203552,0.12901997844407107,0.03875368807449811,0.03,0.07750737614899622,0.07,4.3284985149032815
24872,2024,20.932673455217092,0.0768783491849732,1.609269379265199,0.3218538758530398,0.015535000120001743,0.01,0.031070000240003486,0.03,2.2082820510147556
24894,2024,27.39657381057795,0.07613254741301227,2.0857709545879164,0.41715419091758327,0.011985975710808202,0.01,0.023971951421616403,0.02,-1.0328508231073699
24913,2024,22.673604118033268,0.0756584219980655,1.7154491085792365,0.3430898217158473,0.014573443114675327,0.01,0.029146886229350653,0.02,1.0775500285171093
24985,2024,23.802953767261457,0.07550901968370655,1.7973377045425023,0.3594675409085004,0.013909461720419174,0.01,0.027818923440838347,0.02,1.9380218089622492
25066,2024,21.44891573041867,0.07510297105826788,1.61087729733286,0.322175459466572,0.015519493658140605,0.01,0.03103898731628121,0.03,9.664824208619939
25154,2024,20.21855200210443,0.073427361150458,1.4845949197978379,0.29691898395956756,0.016839610365502484,0.01,0.03367922073100497,0.03,-1.0445135734698086
25204,2024,21.49185201558301,0.07363394257286542,1.5825297970999612,0.3165059594199922,0.015797490856610308,0.01,0.031594981713220616,0.03,-1.041876335243134
25282,2024,20.12483347449462,0.07350192338949992,1.4792139682687468,0.2958427936537494,0.01690086798548805,0.01,0.0338017359709761,0.03,-1.0447208669398735
25297,2024,17.31434063424193,0.0732113683926281,1.267606570648936,0.2535213141297872,0.019722207646179643,0.01,0.039444415292359286,0.03,-1.0519800331420928
25406,2024,28.46448331889717,0.07302890533064615,2.078730057581498,0.4157460115162996,0.012026573584588609,0.01,0.024053147169177218,0.02,1.4171964848116863
25490,2024,19.348308574410318,0.07267193787789931,1.4060790787619732,0.2812158157523946,0.017779938822510638,0.01,0.035559877645021276,0.03,3.746276649223186
25563,2024,12.53666835084104,0.07197734218780304,0.902356067783486,0.1804712135566972,0.027705249504676212,0.02,0.055410499009352424,0.05,-1.071789408063932
25646,2024,15.54739658502346,0.07142657770216386,1.1104973302465353,0.22209946604930708,0.022512435932151128,0.02,0.045024871864302256,0.04,-1.0578875051574175
25681,2024,9.21647776926211,0.0716625296963486,0.6604761118354827,0.13209522236709653,0.03785148251694412,0.03,0.07570296503388824,0.07,-1.0976511876372714
25729,2024,12.36788073352545,0.07204196632315665,0.8910064472934585,0.17820128945869168,0.02805815836231104,0.02,0.05611631672462208,0.05,-1.072769136393888
25762,2024,11.36936889442946,0.07178493710524919,0.8161494310129953,0.16322988620259907,0.03063164544386227,0.03,0.06126329088772454,0.06,-1.0791600666982495
25792,2024,11.48751488197941,0.07195559475572473,0.8265909655980674,0.1653181931196135,0.03024470510866475,0.03,0.0604894102173295,0.06,-1.0783459267950999
25829,2024,11.83165577930469,0.07192876446722755,0.8510363818069187,0.17020727636138372,0.029375947414751004,0.02,0.05875189482950201,0.05,-1.0760671216934166
25881,2024,16.82586949996578,0.07178404503930316,1.2078289740109809,0.24156579480219617,0.02069829465754538,0.02,0.04139658931509076,0.04,-1.0534890633735807
26043,2024,20.17102981602915,0.07420584842933714,1.4968083811918993,0.29936167623837984,0.016702204713800878,0.01,0.033404409427601756,0.03,-1.044618445771419
26102,2024,20.574844800369522,0.07368307339139829,1.516017799442257,0.30320355988845143,0.016490571554765056,0.01,0.03298114310953011,0.03,0.6731898606207694
26137,2024,15.35016021639396,0.07296382441064692,1.1200063947042667,0.22400127894085334,0.02232130112667897,0.02,0.04464260225335794,0.04,-1.0586313098568871
26162,2024,13.506209353434109,0.07277785216925547,0.9829529076912431,0.19659058153824863,0.02543356838805221,0.02,0.05086713677610442,0.05,-1.066636017290187
26185,2024,20.22557849245408,0.07186507726502964,1.4535127610901342,0.2907025522180268,0.01719971139520647,0.01,0.03439942279041294,0.03,-0.011483785808642621
26234,2024,19.775716975361178,0.07155717649231337,1.4150944698679573,0.2830188939735914,0.017666665040626407,0.01,0.03533333008125281,0.03,-1.0455103600602806
26296,2024,12.065372650151659,0.07148495248152059,0.8624925905679295,0.1724985181135859,0.02898575625274431,0.02,0.05797151250548862,0.05,-1.074593634701372
26306,2024,11.73602502075824,0.07126736454012773,0.8363955734064376,0.16727911468128753,0.02989016297417862,0.02,0.05978032594835724,0.05,-1.0766869530704057
26390,2024,8.261509668230559,0.0708728583953539,0.5855168048483516,0.1171033609696703,0.04269732276339188,0.04,0.08539464552678376,0.08,-1.061206218235715
26402,2024,9.277932157506099,0.07075770861215314,0.6564852201241418,0.13129704402482836,0.03808158848613909,0.03,0.07616317697227817,0.07,-1.2071655418321763
26437,2024,8.49982591382889,0.07098678883864215,0.6033753473101899,0.12067506946203799,0.04143357880206485,0.04,0.0828671576041297,0.08,-1.1058845215332112
26497,2024,11.26255503324951,0.07134743735875661,0.8035544397343184,0.1607108879468637,0.031111768865673645,0.03,0.06222353773134729,0.06,-0.4857556264846137
26557,2024,11.16441521056613,0.07058800411347424,0.7880737868079764,0.15761475736159528,0.031722917851715764,0.03,0.06344583570343153,0.06,4.833731344816622
26617,2024,13.24056209317668,0.06932253275336649,0.9178692993772231,0.1835738598754446,0.027236993346397544,0.02,0.05447398669279509,0.05,4.835843722330261
26737,2024,11.87651990675427,0.06891261746615876,0.8184420731633765,0.16368841463267528,0.030545839247207822,0.03,0.061091678494415644,0.06,-0.7408021826833134
26790,2024,7.5072015947772,0.06908583931994657,0.5186413231192243,0.10372826462384485,0.04820286946987649,0.04,0.09640573893975297,0.09,-1.1198848850183718
26809,2024,11.289343019404809,0.06887613261943985,0.7775662869908732,0.15551325739817462,0.03215159970058404,0.03,0.06430319940116808,0.06,-0.44470057574910293
26836,2024,16.05103792114135,0.06864176190018886,1.101771523233887,0.22035430464677738,0.022690729858964538,0.02,0.045381459717929076,0.04,-0.6336806861956161
26858,2024,37.77935723728984,0.06722260916489406,2.5396269660632464,0.5079253932126493,0.00984396540675943,0.01,0.01968793081351886,0.01,-1.0238225334101574
26905,2024,24.90656169247627,0.0675692802960691,1.6829184482102661,0.3365836896420532,0.014855146443124894,0.01,0.029710292886249788,0.02,-1.0361350559387286
26977,2024,30.67981750558789,0.07012581073689148,2.1514470758392266,0.43028941516784536,0.011620085978758327,0.01,0.023240171957516653,0.02,5.5606588914333654
27049,2024,18.85218649187856,0.06905390899683114,1.3018171704014714,0.2603634340802943,0.019203925534558876,0.01,0.03840785106911775,0.03,-1.047739820544821
27097,2024,10.86858911144319,0.06910385985176629,0.7510614587436033,0.15021229174872067,0.033286224061903937,0.03,0.06657244812380787,0.06,-1.0828074362523408
27121,2024,11.18981287065318,0.06897411472884075,0.7718074367346913,0.15436148734693828,0.03239149923945828,0.03,0.06478299847891655,0.06,0.3416110843794086
27193,2024,21.84316740226235,0.06970074252818977,1.5224849871052357,0.30449699742104713,0.016420523165573898,0.01,0.032841046331147795,0.03,-0.34320618504259437
27229,2024,16.17261664491593,0.06957541276644819,1.1252164785835563,0.22504329571671128,0.02221794692472907,0.02,0.04443589384945814,0.04,-1.0556496218120688
27241,2024,12.77991500351123,0.06940356213932859,0.8869716250815294,0.1773943250163059,0.028185794554253105,0.02,0.05637158910850621,0.05,-1.0704230035765598
27276,2024,12.88550971961109,0.06916418596926066,0.8912157905558972,0.17824315811117944,0.02805156760564825,0.02,0.0561031352112965,0.05,-1.0698458981899213
27290,2024,12.794552211704069,0.06907013245540157,0.8837214159699511,0.17674428319399021,0.028289458134903984,0.02,0.05657891626980797,0.05,-1.0703424383369313
27370,2024,10.798408344574199,0.06934203731918936,0.7487836344173099,0.14975672688346198,0.033387481845078726,0.03,0.06677496369015745,0.06,-1.0833456164353037
27385,2024,11.17051892300978,0.0690095074565169,0.7708720089106066,0.15417440178212133,0.03243080525822945,0.03,0.0648616105164589,0.06,-1.3070117960163112
27460,2024,16.97500168842803,0.06893990890090274,1.1702550699928984,0.2340510139985797,0.02136286408069286,0.02,0.04272572816138572,0.04,-1.0530191405290665
27519,2024,29.55274934109724,0.06956385355517287,2.0558031273168202,0.41116062546336407,0.012160697523906064,0.01,0.02432139504781213,0.02,-1.030454019340591
27565,2024,32.5487757700806,0.06896582481714622,2.2447531677719526,0.44895063355439047,0.011137081955792025,0.01,0.02227416391158405,0.02,-1.0276508095529662
27580,2024,21.41584184138032,0.06842219153147534,1.4653188322787079,0.29306376645574156,0.017061133351519587,0.01,0.034122266703039174,0.03,-1.0420249648211786
27601,2024,14.44249997390295,0.06845737474478275,0.9886956329649893,0.19773912659299786,0.02528584042090664,0.02,0.05057168084181328,0.05,-1.062316081123414
27674,2024,18.35627284351769,0.0682799082143107,1.2533646249122319,0.25067292498244637,0.019946310517380886,0.01,0.03989262103476177,0.03,-1.0490295610481972
27727,2024,13.867691310212448,0.06786863889609115,0.9411813338552699,0.18823626677105398,0.02656236274639545,0.02,0.0531247254927909,0.05,-1.0648990505966829
27772,2024,10.39758253988616,0.06791994688418855,0.7062032538330343,0.14124065076660686,0.0354005732263458,0.03,0.0708011464526916,0.07,5.901711320935616
27817,2024,13.36238421076634,0.06695514406126908,0.8946803598338876,0.17893607196677752,0.027942940431420298,0.02,0.055885880862840596,0.05,-1.0673532496748455
27865,2024,11.48045228610944,0.06704406058330203,0.7696961385936296,0.15393922771872592,0.032480350032260005,0.03,0.06496070006452001,0.06,5.725616387347747
27913,2024,15.42864167782849,0.06641748880872703,1.024731635971033,0.20494632719420658,0.024396631393457532,0.02,0.048793262786915065,0.04,-1.0583330677316807
27949,2024,15.68987579363467,0.06664022213407378,1.0455768081438415,0.2091153616287683,0.02391024724848403,0.02,0.04782049449696806,0.04,-1.0573618307651047
27965,2024,14.81293551319677,0.06634860365597249,0.982817587346572,0.1965635174693144,0.02543707023751522,0.02,0.05087414047503044,0.05,-1.0607577072889107
27990,2024,12.04852564595423,0.06636651854964805,0.7996187007781317,0.15992374015562635,0.031264901603316415,0.03,0.06252980320663283,0.06,-1.074697936199566
28083,2024,14.8772901813181,0.06722881092828313,1.0001825287250377,0.20003650574500753,0.02499543761464044,0.02,0.04999087522928088,0.04,-1.060494887780673
28106,2024,13.371191541263698,0.0669585030896685,0.8953149701282547,0.17906299402565093,0.027923134130571643,0.02,0.055846268261143285,0.05,-1.0673088854664583
28201,2024,24.279353059805118,0.06870627716414239,1.668143960693039,0.3336287921386078,0.014986716128273257,0.01,0.029973432256546514,0.02,-0.3006669898500948
28273,2024,24.74813675973763,0.06916936052382557,1.7118127938272323,0.34236255876544647,0.014604400720773658,0.01,0.029208801441547316,0.02,-1.0363663741128146
28401,2024,41.65678787364237,0.07036282870205246,2.9310894294308345,0.5862178858861669,0.00852925187098592,0.01,0.01705850374197184,0.01,-1.0216051223807896
28445,2024,26.238331163390722,0.06998396524078002,1.8362624561148113,0.3672524912229623,0.01361461152611884,0.01,0.02722922305223768,0.02,-0.5976532254133289
28561,2024,88.33946582030426,0.07568508287292816,6.685979791559932,1.3371959583119866,0.003739167747943066,0.01,0.007478335495886132,0.01,-1.0101879719516254
28586,2024,79.76641019224432,0.07433994129784874,5.929830251231566,1.1859660502463132,0.004215972286020793,0.01,0.008431944572041586,0.01,-0.7001917681896997
28670,2024,25.26004861103401,0.07385932523178673,1.8656901457331037,0.37313802914662075,0.013399867098604686,0.01,0.026799734197209372,0.02,-1.0356293851155431
28730,2024,28.260922735628153,0.0746404182744146,2.1094070938081986,0.42188141876163976,0.011851671530537275,0.01,0.02370334306107455,0.02,-1.031846093930477
28921,2024,27.956746719100188,0.0771472604633162,2.156786420845383,0.4313572841690766,0.011591319269434614,0.01,0.02318263853886923,0.02,-1.0321925869645774
28981,2024,29.5165300415738,0.07625058470682111,2.2506526741864534,0.45013053483729065,0.011107888963381161,0.01,0.022215777926762322,0.02,-1.0304913890193654
29005,2024,23.12025147359874,0.07596227814715092,1.7562669732695835,0.3512533946539167,0.014234737873284912,0.01,0.028469475746569824,0.02,-1.0389269122366047
29017,2024,20.48716212128596,0.07560236637827857,1.5488779367446517,0.30977558734893035,0.016140716712992668,0.01,0.032281433425985336,0.03,-1.043929949627642
29041,2024,20.1205080172169,0.07544128880886122,1.5179170563078677,0.3035834112615735,0.016469938127455522,0.01,0.032939876254911044,0.03,-2.6043080003328214
29209,2024,33.39032555642676,0.07722129071635528,2.578444036906578,0.5156888073813155,0.00969576986824702,0.01,0.01939153973649404,0.01,-1.0269539150937699
29294,2024,31.851218905251887,0.07847056083670315,2.4993830108277177,0.4998766021655435,0.010002468565920507,0.01,0.020004937131841014,0.02,-0.18897903307159905
29324,2024,44.62029961923898,0.07810274901770589,3.4849680622562595,0.6969936124512519,0.00717366688973739,0.01,0.01434733377947478,0.01,-1.0201701917665456
29329,2024,46.122962914496426,0.0771052063982411,3.556320575220667,0.7112641150441334,0.007029737469167489,0.01,0.014059474938334978,0.01,-1.0195130569054562
29363,2024,45.099723746643676,0.07738045709213956,3.4898372382445086,0.6979674476489017,0.007163657870925734,0.01,0.014327315741851468,0.01,-1.0199557763381142
29407,2024,30.65532404646346,0.07693628333287182,2.3585066964997115,0.4717013392999423,0.010599927503747521,0.01,0.021199855007495043,0.02,-1.0293586849265137
29442,2024,28.17600565355511,0.07697092854476838,2.16873331783678,0.433746663567356,0.011527466191618454,0.01,0.023054932383236908,0.02,-0.8537418800075538
29473,2024,30.554519784695998,0.07686606196578255,2.3486056111051714,0.4697211222210343,0.01064461392827716,0.01,0.02128922785655432,0.02,-1.0294555439372388
29521,2024,33.469057160371975,0.07747347180183001,2.592964056147915,0.518592811229583,0.009641475723786076,0.01,0.019282951447572153,0.01,-1.0268905095141194
29555,2024,35.85799759535887,0.07648205227439218,2.7424932465432663,0.5484986493086533,0.00911579273039628,0.01,0.01823158546079256,0.01,4.690664795018601
29605,2024,37.28378271639374,0.07391696933350404,2.755904223684704,0.5511808447369408,0.009071432811469209,0.01,0.018142865622938417,0.01,-1.024139181553737
29666,2024,22.84767452029665,0.07400098468345126,1.690750412228952,0.3381500824457904,0.014786333819101053,0.01,0.029572667638202106,0.02,3.2082979396785856
29737,2024,16.594500348604278,0.07317373937752997,1.2142816436090995,0.2428563287218199,0.020588304312741453,0.02,0.041176608625482905,0.04,1.8880966812940227
29801,2024,23.0243290498488,0.07257016553925465,1.670879370577797,0.3341758741155594,0.014962181256301523,0.01,0.029924362512603046,0.02,-1.0390890869415528
29817,2024,17.51445304535385,0.07252101738863123,1.2701659538544718,0.25403319077089437,0.019682467416273032,0.01,0.039364934832546064,0.03,-1.216138462608074
29871,2024,19.22512440798511,0.07221088729239909,1.3882632918073636,0.27765265836147274,0.018008111391789948,0.01,0.036016222783579896,0.03,13.347117789959452
29977,2024,24.63436875573463,0.07013851423817168,1.727818023722465,0.345563604744493,0.014469116340237743,0.01,0.028938232680475486,0.02,-1.0365343236080078
30049,2024,24.2789324466031,0.07071861359046193,1.716972442080253,0.3433944884160506,0.0145605132541967,0.01,0.0291210265083934,0.02,-1.0370691751780843
30121,2024,22.83389550770131,0.07141872057056169,1.6307676028019236,0.3261535205603847,0.015330203983109513,0.01,0.030660407966219026,0.03,-1.039415087964173
30145,2024,35.16616888522345,0.07079941147621382,2.4897440609469625,0.4979488121893925,0.010041192744322228,0.01,0.020082385488644456,0.02,2.2496250701375464
30219,2024,26.27006648169158,0.06988406420457877,1.8358590126650869,0.3671718025330174,0.013617603436610256,0.01,0.02723520687322051,0.02,0.12119365324934003
30265,2024,20.41541542921464,0.06864464884024787,1.4014090230662173,0.2802818046132435,0.01783918869403393,0.01,0.03567837738806786,0.03,-1.6996960027736383
30289,2024,24.197255928393318,0.06775071054167976,1.6393812823075202,0.32787625646150403,0.015249655629110948,0.01,0.030499311258221896,0.03,0.7107272893764124
30385,2024,32.93326415140888,0.06850508170135233,2.256095951384483,0.4512191902768966,0.011081088986777544,0.01,0.02216217797355509,0.02,0.5772252347192025
30632,2024,31.759108724963397,0.06988200884102767,2.2193903167010514,0.44387806334021024,0.011264354814866692,0.01,0.022528709629733384,0.02,-0.6353924885754905
30683,2024,25.41394854434829,0.07032609995614791,1.7872638856102376,0.3574527771220475,0.01398786167016634,0.01,0.02797572334033268,0.02,-1.0354136232876217
30709,2024,21.71144249836656,0.07005269262634632,1.5209450078126652,0.30418900156253303,0.016437149187894406,0.01,0.03287429837578881,0.03,3.677691199511053
30754,2024,32.022720012534,0.06879829085594825,2.203108405420909,0.4406216810841818,0.011347603203948418,0.01,0.022695206407896837,0.02,-1.0281050454067677
30793,2024,25.99542904137957,0.06858463270623044,1.782886952843894,0.3565773905687788,0.014022201441388275,0.01,0.02804440288277655,0.02,4.8316186588061765
30884,2024,25.0050273408026,0.0670493774485086,1.6765715162837507,0.3353143032567501,0.014911382996303324,0.01,0.029822765992606647,0.02,8.82138380925792
30961,2024,18.20169361161399,0.06620504432720027,1.2050439323870221,0.24100878647740442,0.020746131595782178,0.02,0.041492263191564356,0.04,-1.098798849533365
31009,2024,9.7891602082248,0.06604581432872987,0.6465330575466057,0.12930661150932116,0.03866778304402147,0.03,0.07733556608804294,0.07,3.7111253154971418
31057,2024,15.77377357868798,0.06608024437078956,1.0423348127292056,0.2084669625458411,0.0239846157824673,0.02,0.0479692315649346,0.04,-1.0713986679023546
31128,2025,8.1900047935593,0.06574031138241852,0.5384134653520887,0.10768269307041774,0.046432716878006694,0.04,0.09286543375601339,0.09,-3.553111473497885
31146,2025,29.01403099065951,0.06516844658344868,1.8907993287853189,0.37815986575706373,0.013221921342684429,0.01,0.026443842685368858,0.02,-1.0310194746910786
31177,2025,21.16952305306449,0.0653643371506519,1.3837318421590052,0.27674636843180106,0.018067084414992628,0.01,0.036134168829985255,0.03,-1.0425139478930736
31201,2025,27.95975503861688,0.06557051897518823,1.8333356483012428,0.36666712966024856,0.013636346417615804,0.01,0.027272692835231607,0.02,-1.0321891232150353
31236,2025,21.922148946660478,0.06493378674220678,1.4234881446333443,0.2846976289266689,0.017562492595566637,0.01,0.03512498519113327,0.03,-1.0410543693590375
31277,2025,16.74917808398653,0.0649828610386905,1.088409511943977,0.21768190238879537,0.02296929577117368,0.02,0.04593859154234736,0.04,-1.0537339799891845
31322,2025,35.65717261373308,0.06498065825353543,2.317026547900312,0.46340530958006243,0.010789690788245385,0.01,0.02157938157649077,0.02,0.028137721582420814
31427,2025,22.144951831109648,0.06600827677960355,1.461750109738874,0.2923500219477748,0.017102786470435758,0.01,0.034205572940871516,0.03,-1.0406413166695174
31480,2025,27.290030035591077,0.06652555900343511,1.8154845033382305,0.3630969006676461,0.013770428750028511,0.01,0.027540857500057022,0.02,-1.0113776983322416
31651,2025,29.090891584018607,0.0668269540667019,1.9440556756446163,0.3888111351289233,0.012859714005726927,0.01,0.025719428011453854,0.02,-0.47587908334319484
31785,2025,29.206886839047556,0.06786207077808587,1.9820398218789899,0.39640796437579795,0.01261326827243047,0.01,0.02522653654486094,0.02,-1.0308146501529192
31816,2025,21.55705105979104,0.06787800427916987,1.4632496040827796,0.2926499208165559,0.01708526004739359,0.01,0.03417052009478718,0.03,6.921064850886836
31925,2025,18.38747779419964,0.06879712109051198,1.2650055363566526,0.2530011072713305,0.019762759356771353,0.01,0.03952551871354271,0.03,-1.048946354147884
31947,2025,20.93990110676505,0.06880085850472704,1.4406831731495193,0.28813663462990385,0.017352878457896313,0.01,0.03470575691579263,0.03,-1.0429801456755776
32041,2025,24.26778839725299,0.06973501812753251,1.6923146637975603,0.33846293275951206,0.014772666416480673,0.01,0.029545332832961346,0.02,-1.0370861977724424
32098,2025,28.3971794169313,0.06994614650552883,1.9862732718404645,0.39725465436809293,0.01258638494230716,0.01,0.02517276988461432,0.02,-1.0316932885053531
32120,2025,34.328516813153946,0.06908291490661779,2.3715140058735122,0.4743028011747024,0.010541788890170024,0.01,0.02108357778034005,0.02,-0.8722495886694378
32148,2025,31.794672882626738,0.06915152476923483,2.198650109372682,0.43973002187453636,0.011370613220096668,0.01,0.022741226440193336,0.02,-1.0283066287022804
32186,2025,39.99520594110974,0.07083350019355786,2.833000427770983,0.5666000855541965,0.008824566263715713,0.01,0.017649132527431426,0.01,-1.0225026969813849
32293,2025,34.83843131255545,0.07387276430741745,2.5736112251925607,0.5147222450385122,0.009713976903457697,0.01,0.019427953806915393,0.01,-1.0258335397459928
32305,2025,34.21875801766459,0.07369064587822821,2.5216023794725038,0.5043204758945008,0.009914330746003567,0.01,0.019828661492007134,0.01,-0.041855685226505235
32354,2025,26.52585680803866,0.07312359611194678,1.939666039754353,0.3879332079508706,0.012888816676486278,0.01,0.025777633352972555,0.02,0.8606972518034203
32401,2025,23.13792453793574,0.07306310104599571,1.6905285185098224,0.3381057037019645,0.014788274629071122,0.01,0.029576549258142244,0.02,-1.0388971793266533
32431,2025,24.68230951896044,0.07314365721635674,1.8053543867628614,0.36107087735257226,0.013847696708914262,0.01,0.027695393417828524,0.02,-1.6449027984519928
32473,2025,22.865747169423607,0.07277581025971239,1.664073277448528,0.3328146554897056,0.015023376878169526,0.01,0.030046753756339053,0.03,-0.41527115061559805
32497,2025,20.797328805882557,0.07232193513506298,1.5041030648816152,0.30082061297632307,0.016621201421438296,0.01,0.03324240284287659,0.03,-1.043274788238511
32521,2025,19.21061153149736,0.07169832609878804,1.3773686901424356,0.2754737380284871,0.018150550523560047,0.01,0.036301101047120095,0.03,-1.4627332375092221
32578,2025,21.837207931727807,0.07137755338673664,1.5586864749641702,0.31173729499283404,0.016039146038381247,0.01,0.032078292076762494,0.03,-1.041214060094754
32593,2025,21.15878952980158,0.07161544533701268,1.5152961349688614,0.30305922699377225,0.016498425240498445,0.01,0.03299685048099689,0.03,-1.0492093590104143
32671,2025,21.42481405487397,0.07211817920639269,1.5451185794730418,0.30902371589460836,0.01617998795181544,0.01,0.03235997590363088,0.03,-1.042007365743956
32751,2025,62.68603002962749,0.07377619778184791,4.624736949624655,0.9249473899249311,0.005405712859415497,0.01,0.010811425718830994,0.01,-1.0143572658784477
32803,2025,73.282847051864,0.07412131289371941,5.431820836073794,1.086364167214759,0.004602508211237393,0.01,0.009205016422474786,0.01,-1.0122811822439388
33020,2025,31.01684326388745,0.08073338091570147,2.5040946220260345,0.5008189244052069,0.00998364829351887,0.01,0.01996729658703774,0.01,1.007866216526105
33042,2025,44.53924766272902,0.07894810228952286,3.5162890803755222,0.7032578160751044,0.0071097681187606235,0.01,0.014219536237521247,0.01,-1.02020689722501
33076,2025,28.53236156101414,0.07879539045364342,2.2482185697646364,0.4496437139529273,0.011119915268121472,0.01,0.022239830536242945,0.02,-1.0315431303530613
33152,2025,22.20672153822454,0.07964186248303082,1.7685846629462374,0.3537169325892475,0.014135596968455654,0.01,0.02827119393691131,0.02,-1.0405282697156184
33170,2025,22.81259025929214,0.07904057699565295,1.803120296859863,0.36062405937197256,0.013864854188340924,0.01,0.027729708376681848,0.02,-1.0394518987002552
33193,2025,31.845135208091378,0.07757432822684891,2.4703649710608633,0.49407299421217266,0.01011996214845295,0.01,0.0202399242969059,0.02,-1.4256494658708136
33294,2025,28.45495365413324,0.07828667188333137,2.22764362017653,0.445528724035306,0.011222620967540071,0.01,0.022445241935080143,0.02,4.775416585113735
33338,2025,25.224538527462318,0.07699607127919973,1.9421903664454085,0.38843807328908175,0.01287206467085661,0.01,0.02574412934171322,0.02,-1.0356795427206646
33481,2025,22.518351827844608,0.07753768219964666,1.7460208076872477,0.34920416153744954,0.014318271517688622,0.01,0.028636543035377243,0.02,-1.7408023597681344
33606,2025,22.72499214451505,0.0793535615454856,1.8033090627604518,0.36066181255209034,0.013863402849942287,0.01,0.027726805699884574,0.02,2.534245062636774
33626,2025,23.61716455169012,0.07826649238919203,1.8484326296391507,0.36968652592783013,0.01352497223817158,0.01,0.02704994447634316,0.02,-1.0381078769226977
33649,2025,30.88940233944046,0.07700803281724827,2.3787321090608162,0.47574642181216326,0.010509800538182769,0.01,0.021019601076365538,0.02,-1.0909890592790248
33735,2025,25.935662157292448,0.07911768792552451,2.0519696247024997,0.4103939249404999,0.01218341621583437,0.01,0.02436683243166874,0.02,-1.0347012539931033
33798,2025,26.23633852412342,0.07941107037715936,2.0834557249781422,0.4166911449956285,0.011999295065539383,0.01,0.023998590131078766,0.02,2.043461849252774
33842,2025,21.46003526641711,0.07856842221470907,1.6860811115544059,0.33721622231088116,0.014827281931266275,0.01,0.02965456386253255,0.02,-1.041938421294632
33876,2025,19.51465902474648,0.07899937123865983,1.5416457928918104,0.3083291585783621,0.01621643578263535,0.01,0.0324328715652707,0.03,-2.920881165677368
33923,2025,31.63487363612006,0.0797979587730436,2.5243983422055525,0.5048796684411104,0.009903349872333399,0.01,0.019806699744666798,0.01,-1.0284496157737626
33937,2025,23.921664602305718,0.07994942672070386,1.9125233711592964,0.38250467423185924,0.013071735685429029,0.01,0.026143471370858058,0.02,-1.0376227998746468
33961,2025,24.13067102819419,0.0797385169743073,1.9241439213830878,0.38482878427661754,0.012992791091234916,0.01,0.02598558218246983,0.02,-1.0372969321470145
33985,2025,24.222882121788878,0.07916729812766075,1.9176601304468437,0.38353202608936876,0.013036720951263988,0.01,0.026073441902527975,0.02,-1.0371549510695677
34018,2025,20.86518590001373,0.07875830450776916,1.643306664724493,0.3286613329448986,0.01521322863020905,0.01,0.0304264572604181,0.03,-1.0431340513481089
34046,2025,18.68696244135144,0.07891512181749649,1.4746839174582305,0.2949367834916461,0.016952785409832142,0.01,0.033905570819664284,0.03,7.798011927450615
34118,2025,22.434493876038218,0.07967069546537085,1.7873717295175682,0.3574743459035136,0.013987017690353525,0.01,0.02797403538070705,0.02,-1.0401167953676302
34232,2025,23.09072923933064,0.0817905243489918,1.8886028520854494,0.3777205704170899,0.01323729865831468,0.01,0.02647459731662936,0.02,-1.0389766815362218
34261,2025,27.026021886130607,0.08111730608466156,2.1922780895880187,0.43845561791760373,0.011403662755530296,0.01,0.022807325511060593,0.02,-1.0333012384801195
34299,2025,15.46157479550726,0.08124736765792327,1.2562122519810583,0.2512424503962117,0.019901095504023917,0.01,0.039802191008047834,0.03,14.675089892262031
34394,2025,20.10611732789607,0.0794138053001034,1.5967032868185738,0.31934065736371475,0.015657260936571642,0.01,0.031314521873143285,0.03,0.9722580680985394
34432,2025,20.1349557325198,0.0790126799943133,1.590916813993251,0.31818336279865017,0.015714209429498215,0.01,0.03142841885899643,0.03,4.131363050763543
34631,2025,22.09191396571161,0.07995265531573326,1.766307182565374,0.3532614365130748,0.01415382343839544,0.01,0.02830764687679088,0.02,-1.0407388876037615
34659,2025,18.19527553959226,0.0795839200606586,1.4480513540245672,0.28961027080491347,0.017264581073397383,0.01,0.034529162146794766,0.03,-1.049463389440878
34681,2025,18.87459239696247,0.07798318875302003,1.471900901528641,0.2943801803057282,0.016984839111135998,0.01,0.033969678222271996,0.03,-1.0476831489164118
34717,2025,25.015253395155227,0.07701189525732804,1.9264720743032142,0.38529441486064286,0.012977089226192002,0.01,0.025954178452384003,0.02,-1.0359780485044159
34736,2025,30.936321662361898,0.07650066161433898,2.3666490750846925,0.4733298150169385,0.010563458800542854,0.01,0.021126917601085708,0.02,1.4874784756562456
34833,2025,19.62501638980208,0.07831122355790371,1.5368590458293152,0.30737180916586304,0.016266943977617396,0.01,0.03253388795523479,0.03,-1.04585983431163
34882,2025,25.234060217004988,0.07877846790890271,1.987900603016646,0.3975801206033292,0.01257608150128956,0.01,0.02515216300257912,0.02,-1.0356660795868913
34908,2025,16.297198857533008,0.0786536770177931,1.281834615235148,0.2563669230470296,0.019503296059307805,0.01,0.03900659211861561,0.03,0.22875535362573687
35029,2025,19.02166482370329,0.07897332512498562,1.502204120540822,0.3004408241081644,0.016642212371910898,0.01,0.033284424743821796,0.03,-0.9135613766676591
35099,2025,17.70890593057819,0.07877829155512289,1.3950773545213335,0.2790154709042667,0.017920153258152324,0.01,0.03584030651630465,0.03,-1.0508218860910168
35113,2025,17.51621530708317,0.07818468228910716,1.369499728691893,0.2738999457383786,0.018254841148365383,0.01,0.03650968229673077,0.03,-1.051380962395216
35189,2025,17.37674757258841,0.07857239503700597,1.3653326747317511,0.2730665349463502,0.018310555707539766,0.01,0.03662111141507953,0.03,-1.051793351790464
35282,2025,15.177728679832269,0.07922566926041051,1.2024657125126383,0.24049314250252765,0.02079061360324421,0.02,0.04158122720648842,0.04,3.632233251174688
35312,2025,23.78516523242932,0.07835462291198363,1.8636776526862229,0.37273553053724456,0.013414336950365906,0.01,0.026828673900731813,0.02,-1.0378387112809155
35377,2025,24.38498270590516,0.0790934251383826,1.9286918041502643,0.38573836083005286,0.012962153904632994,0.01,0.025924307809265988,0.02,-1.0369079613815775
35425,2025,19.87777616677117,0.07932751672388293,1.5768546213031414,0.3153709242606283,0.015854346787746068,0.01,0.031708693575492136,0.03,-1.0452766945582515
35455,2025,14.755160128729031,0.07910108405852022,1.167149161639521,0.23342983232790424,0.021419712939588567,0.02,0.042839425879177134,0.04,-1.0609956104947746
35570,2025,23.69278873170547,0.08041945189440868,1.905361083653776,0.3810722167307552,0.013120872581305834,0.01,0.026241745162611668,0.02,2.3909508587425243
35605,2025,24.364520662008072,0.07946588018832189,1.9361480797730266,0.3872296159546053,0.012912235516061733,0.01,0.025824471032123465,0.02,-1.407784724182238
35619,2025,16.540674702901708,0.07909610613741774,1.3083029618852142,0.26166059237704287,0.01910872384174378,0.01,0.03821744768348756,0.03,-1.054411323368896
35669,2025,14.10936997435456,0.07981024770586366,1.1260723126269128,0.22521446252538255,0.022201060908495076,0.02,0.04440212181699015,0.04,12.672429762986765
35834,2025,19.47984616196834,0.07941293997331544,1.546951853949811,0.30939037078996223,0.016160813238090016,0.01,0.03232162647618003,0.03,-1.0462015968974703
35857,2025,30.72827241607316,0.07820701995686806,2.403166614083912,0.4806333228167824,0.010402940792155608,0.01,0.020805881584311216,0.02,9.359458810628285
35935,2025,23.633119487127722,0.07590156009093997,1.7937906388885891,0.3587581277777179,0.013936966476472246,0.01,0.02787393295294449,0.02,-1.0380821499459436
36001,2025,18.595919587650002,0.07584383895892641,1.410385930498872,0.2820771860997744,0.01772564477522629,0.01,0.03545128955045258,0.03,-1.0483977141199492
36097,2025,19.94884697680237,0.0772692045281419,1.5414315371511473,0.30828630743022944,0.016218689833091555,0.01,0.03243737966618311,0.03,-1.0451153894281193
36125,2025,21.79341984748724,0.07679437679437681,1.6736120954059852,0.33472241908119704,0.014937750550814163,0.01,0.029875501101628326,0.02,1.9709796042358987
36169,2025,18.351429478691212,0.0761270216186071,1.3970396686566695,0.27940793373133394,0.017894982197634284,0.01,0.03578996439526857,0.03,1.7404883826277835
36217,2025,15.24148829204139,0.07613831910229986,1.1604612991734147,0.23209225983468293,0.021543157034023677,0.02,0.04308631406804735,0.04,-1.0590493515302613
36283,2025,28.226518731668648,0.075778714270757,2.1389692978252888,0.4277938595650577,0.011687872296913166,0.01,0.023375744593826332,0.02,-1.0318849096679354
36292,2025,31.54572890716671,0.07602723136844172,2.3983344303113037,0.47966688606226077,0.010423900722116974,0.01,0.020847801444233947,0.02,2.392407879753142
36361,2025,11.6788033313348,0.07456845160955886,0.8708702810701938,0.17417405621403875,0.028706915993594404,0.02,0.05741383198718881,0.05,-1.077062689940671
36457,2025,21.32979469573838,0.0750648438871229,1.6011177089799833,0.32022354179599666,0.015614092492879013,0.01,0.031228184985758026,0.03,0.4255694234189954
36509,2025,16.16122323733945,0.07482993197278912,1.2093432354471696,0.24186864708943392,0.020672377590763916,0.02,0.04134475518152783,0.04,-1.0556888539179248
36580,2025,17.34578117573812,0.07500743710793507,1.3010625906271813,0.2602125181254362,0.019215063272204815,0.01,0.03843012654440963,0.03,0.9685022064701713
36634,2025,18.287468631509608,0.07405771778575682,1.354328190928219,0.2708656381856438,0.01845933664192997,0.01,0.03691867328385994,0.03,6.6401791993020645
36793,2025,14.91042949008505,0.07416691712975693,1.1058605883602217,0.22117211767204434,0.022606827897782473,0.02,0.045213655795564946,0.04,-1.0603604343253268
36849,2025,16.96047595703087,0.07445901324015003,1.2628603038438078,0.25257206076876154,0.019796330539416523,0.01,0.039592661078833045,0.03,-1.0530645485587307
36946,2025,16.056761387140412,0.07491013613009843,1.2028141813191964,0.24056283626383929,0.02078459032847538,0.02,0.04156918065695076,0.04,7.953035915591031
37109,2025,21.64076439949685,0.07559747860162937,1.6359872236138657,0.3271974447227731,0.015281292933801439,0.01,0.030562585867602878,0.03,1.3178126345853356
37156,2025,19.75917396194155,0.07510508239997948,1.484014388567149,0.29680287771342984,0.016846197848619304,0.01,0.03369239569723861,0.03,6.584293647067398
37273,2025,12.07854123819766,0.075409678719742,0.9108389141756402,0.18216778283512805,0.027447224323552743,0.02,0.054894448647105486,0.05,-1.1839178024889068
