entry_i,entry,stop,atr_entry,d,sig_i,exit_i,exit,reason,gross_pips,net_pips,year
32,108.795,108.75887625582433,0.036123744175674044,2020-01-02,31,36,108.75887625582433,stop,-3.612374417566855,-4.512374417566855,2020
112,108.615,108.50867427021228,0.1063257297877082,2020-01-07,111,117,108.50867427021228,stop,-10.632572978771293,-11.532572978771293,2020
131,108.686,108.51292466827266,0.1730753317273463,2020-01-08,130,179,109.622,time,93.59999999999928,92.69999999999928,2020
201,109.7,109.64259948299942,0.0574005170005909,2020-01-13,200,223,109.96657547903168,stop,26.657547903167256,25.757547903167257,2020
273,110.046,109.98318712725772,0.0628128727422798,2020-01-16,272,274,109.98318712725772,stop,-6.281287274228475,-7.181287274228476,2020
289,110.27,110.19970643140547,0.07029356859452471,2020-01-17,288,290,110.182,stop,-8.799999999999386,-9.699999999999386,2020
448,109.151,109.03371462661373,0.11728537338626746,2020-01-28,447,463,109.03371462661373,stop,-11.728537338626666,-12.628537338626666,2020
505,109.06,108.93389425411812,0.12610574588189316,2020-01-31,504,513,108.93389425411812,stop,-12.610574588188683,-13.510574588188684,2020
558,108.823,108.71111696668183,0.11188303331816138,2020-02-04,557,606,109.901,time,107.8000000000003,106.90000000000029,2020
675,109.885,109.81030873633605,0.07469126366394509,2020-02-11,674,685,109.81030873633605,stop,-7.4691263663950735,-8.369126366395074,2020
705,110.116,110.03927745291477,0.07672254708523026,2020-02-12,704,706,109.991,stop,-12.5,-13.4,2020
783,109.924,109.87741592864045,0.046584071359555564,2020-02-17,782,789,109.87741592864045,stop,-4.658407135956111,-5.558407135956111,2020
817,109.92,109.85472890390865,0.06527109609134511,2020-02-19,816,865,112.006,time,208.59999999999985,207.69999999999985,2020
1158,104.711,104.16263612698835,0.5483638730116499,2020-03-10,1157,1159,104.16263612698835,stop,-54.836387301165246,-55.736387301165244,2020
1215,105.071,104.56529480992367,0.5057051900763204,2020-03-12,1214,1223,104.56529480992367,stop,-50.5705190076327,-51.470519007632696,2020
1233,105.852,105.35326597853627,0.49873402146373386,2020-03-13,1232,1248,106.494,stop,64.19999999999959,63.29999999999959,2020
1288,107.418,106.9569092738187,0.461090726181304,2020-03-17,1287,1301,106.9569092738187,stop,-46.10907261813111,-47.00907261813111,2020
1310,107.965,107.61046431051149,0.3545356894885207,2020-03-18,1309,1347,110.00124586480167,stop,203.62458648016712,202.72458648016712,2020
1360,111.308,110.84279291368517,0.4652070863148296,2020-03-20,1359,1364,110.84279291368517,stop,-46.52070863148339,-47.420708631483386,2020
1385,111.232,110.78588585998895,0.4461141400110505,2020-03-23,1384,1391,110.78588585998895,stop,-44.61141400110478,-45.511414001104775,2020
1409,111.488,111.11404558868215,0.3739544113178513,2020-03-24,1408,1414,111.11404558868215,stop,-37.39544113178539,-38.29544113178539,2020
1513,108.533,108.20946253004163,0.3235374699583654,2020-03-31,1512,1516,108.20946253004163,stop,-32.35374699583673,-33.25374699583673,2020
1575,107.946,107.68936383153542,0.2566361684645857,2020-04-02,1574,1623,109.106,time,115.99999999999966,115.09999999999965,2020
1790,107.847,107.68670016035942,0.16029983964057218,2020-04-15,1789,1791,107.416,stop,-43.09999999999974,-43.99999999999974,2020
1802,107.9,107.72655997741357,0.17344002258642915,2020-04-16,1801,1806,107.72655997741357,stop,-17.344002258643343,-18.24400225864334,2020
1910,107.856,107.72866360221117,0.12733639778881922,2020-04-22,1909,1913,107.72866360221117,stop,-12.733639778882377,-13.633639778882378,2020
1934,107.839,107.68862807690398,0.1503719230960223,2020-04-23,1933,1935,107.616,stop,-22.299999999999898,-23.199999999999896,2020
2041,106.796,106.66982581392035,0.12617418607965866,2020-04-30,2040,2042,106.66982581392035,stop,-12.617418607965192,-13.517418607965192,2020
2170,106.458,106.33781798335805,0.12018201664194773,2020-05-07,2169,2176,106.33781798335805,stop,-12.018201664194805,-12.918201664194806,2020
2197,106.675,106.55690470210033,0.11809529789967833,2020-05-08,2196,2198,106.55690470210033,stop,-11.809529789967144,-12.709529789967144,2020
2209,106.982,106.86088281707525,0.12111718292474428,2020-05-11,2208,2210,106.86088281707525,stop,-12.111718292474905,-13.011718292474905,2020
2298,107.266,107.14033906788984,0.1256609321101622,2020-05-14,2297,2310,107.14033906788984,stop,-12.566093211016494,-13.466093211016494,2020
2341,107.458,107.35810734993899,0.09989265006100898,2020-05-18,2340,2343,107.35810734993899,stop,-9.989265006100823,-10.889265006100823,2020
2359,107.52,107.41925114465025,0.10074885534975019,2020-05-19,2358,2360,107.41925114465025,stop,-10.074885534974953,-10.974885534974954,2020
2449,107.682,107.60322538797809,0.07877461202191492,2020-05-25,2448,2481,107.70766912572032,stop,2.566912572031299,1.666912572031299,2020
2510,107.776,107.66915811260232,0.10684188739767156,2020-05-27,2509,2513,107.66915811260232,stop,-10.68418873976782,-11.58418873976782,2020
2604,107.914,107.81877530315643,0.09522469684357449,2020-06-02,2603,2652,108.77543679663076,stop,86.14367966307555,85.24367966307554,2020
2665,109.06400000000001,108.93235061655753,0.13164938344248403,2020-06-05,2664,2688,109.51032414127748,stop,44.63241412774721,43.73241412774721,2020
2789,107.148,106.9796398637836,0.16836013621639642,2020-06-12,2788,2812,107.15484091849419,stop,0.6840918494191328,-0.21590815058086732,2020
2835,107.627,107.4797616917499,0.14723830825009446,2020-06-16,2834,2836,107.446,stop,-18.09999999999974,-18.999999999999737,2020
2955,107.175,107.07543196577876,0.0995680342212338,2020-06-23,2954,2960,107.07543196577876,stop,-9.956803422123528,-10.856803422123528,2020
3003,107.205,107.0892930932715,0.11570690672850974,2020-06-25,3002,3007,107.0892930932715,stop,-11.570690672850503,-12.470690672850504,2020
3050,107.278,107.18728812919835,0.09071187080165544,2020-06-29,3049,3051,107.168,stop,-10.999999999999943,-11.899999999999944,2020
3087,107.879,107.76007975898786,0.11892024101214278,2020-06-30,3086,3097,107.79336644618598,stop,-8.563355381402005,-9.463355381402005,2020
3169,107.669,107.62025159447542,0.04874840552457469,2020-07-06,3168,3174,107.62025159447542,stop,-4.8748405524577265,-5.774840552457727,2020
3202,107.744,107.6595399358552,0.0844600641448009,2020-07-07,3201,3204,107.6595399358552,stop,-8.446006414480678,-9.346006414480678,2020
3302,107.272,107.19764368376669,0.07435631623331718,2020-07-13,3301,3304,107.19764368376669,stop,-7.4356316233320285,-8.335631623332029,2020
3313,107.256,107.17645133924385,0.07954866075614296,2020-07-14,3312,3314,107.17645133924385,stop,-7.954866075614575,-8.854866075614575,2020
3378,107.31700000000001,107.21691878824261,0.10008121175739862,2020-07-16,3377,3388,107.21691878824261,stop,-10.00812117573986,-10.90812117573986,2020
3409,107.392,107.29766061019514,0.09433938980485168,2020-07-20,3408,3412,107.29766061019514,stop,-9.433938980485834,-10.333938980485835,2020
3606,105.286,105.15526999433008,0.13073000566992157,2020-07-30,3605,3607,105.15526999433008,stop,-13.073000566991766,-13.973000566991766,2020
3638,105.687,105.46700133011392,0.21999866988608557,2020-07-31,3637,3650,105.83011754067526,stop,14.311754067526294,13.411754067526294,2020
3755,105.67,105.56633484869424,0.1036651513057615,2020-08-07,3754,3756,105.56633484869424,stop,-10.366515130576204,-11.266515130576204,2020
3779,106.17,106.0670379467218,0.1029620532782048,2020-08-10,3778,3780,106.0670379467218,stop,-10.296205327820473,-11.196205327820474,2020
3799,106.176,106.07346926295335,0.10253073704664528,2020-08-11,3798,3800,106.07346926295335,stop,-10.253073704664928,-11.153073704664928,2020
3819,106.722,106.59716541726013,0.124834582739868,2020-08-12,3818,3840,106.68869293760571,stop,-3.3307062394285936,-4.230706239428594,2020
3859,106.926,106.80489204481799,0.12110795518201749,2020-08-13,3858,3870,106.80489204481799,stop,-12.1107955182012,-13.010795518201201,2020
3955,105.91,105.75579118159152,0.15420881840847203,2020-08-19,3954,3972,105.80489650280059,stop,-10.510349719940848,-11.410349719940848,2020
4033,106.003,105.92452133497142,0.07847866502858517,2020-08-25,4032,4034,105.924,stop,-7.899999999999352,-8.799999999999352,2020
4096,106.422,106.25275765742347,0.16924234257652748,2020-08-27,4095,4109,106.40136026731223,stop,-2.0639732687769197,-2.96397326877692,2020
4167,106.015,105.86550325761546,0.14949674238453706,2020-09-01,4166,4175,105.86550325761546,stop,-14.949674238454236,-15.849674238454236,2020
4185,106.2,106.08433619496016,0.11566380503984429,2020-09-02,4184,4214,106.21106776758727,stop,1.1067767587263688,0.2067767587263687,2020
4321,106.191,106.10804705814257,0.08295294185742677,2020-09-10,4320,4323,106.10804705814257,stop,-8.295294185742819,-9.195294185742819,2020
4502,104.605,104.44392119957473,0.16107880042526837,2020-09-21,4501,4514,104.4659853247927,stop,-13.901467520730648,-14.801467520730649,2020
4527,104.988,104.84368512569085,0.14431487430914133,2020-09-22,4526,4575,105.419,time,43.09999999999974,42.19999999999974,2020
4585,105.52,105.4318259067536,0.08817409324639877,2020-09-25,4584,4587,105.4318259067536,stop,-8.817409324639414,-9.717409324639414,2020
4639,105.665,105.57437087894701,0.0906291210529971,2020-09-29,4638,4640,105.56,stop,-10.500000000000398,-11.400000000000398,2020
4657,105.802,105.71674611986373,0.085253880136284,2020-09-30,4656,4658,105.692,stop,-11.000000000001364,-11.900000000001365,2020
4737,105.646,105.55950066409957,0.08649933590043171,2020-10-05,4736,4741,105.55950066409957,stop,-8.649933590042735,-9.549933590042736,2020
4782,105.757,105.6890837974839,0.0679162025161075,2020-10-07,4781,4824,105.91562283643665,stop,15.86228364366491,14.96228364366491,2020
4969,105.389,105.3223107477421,0.06668925225790395,2020-10-19,4968,4978,105.3223107477421,stop,-6.66892522579019,-7.56892522579019,2020
4993,105.56400000000001,105.49326895872693,0.07073104127307545,2020-10-20,4992,5000,105.49326895872693,stop,-7.073104127307772,-7.9731041273077725,2020
5093,104.906,104.83015735968222,0.07584264031779209,2020-10-26,5092,5095,104.83015735968222,stop,-7.584264031778787,-8.484264031778787,2020
5176,104.69500000000001,104.57404171837412,0.12095828162589428,2020-10-29,5175,5183,104.57404171837412,stop,-12.095828162588873,-12.995828162588873,2020
5200,104.561,104.42607828082303,0.13492171917696932,2020-10-30,5199,5220,104.66044759690928,stop,9.944759690927185,9.044759690927185,2020
5259,105.204,105.02343519920906,0.1805648007909396,2020-11-04,5258,5260,105.02343519920906,stop,-18.056480079093262,-18.95648007909326,2020
5340,104.212,104.04916802378163,0.1628319762183757,2020-11-09,5339,5353,105.01353680782218,stop,80.1536807822174,79.2536807822174,2020
5385,105.517,105.37227025857085,0.1447297414291525,2020-11-11,5384,5386,105.37227025857085,stop,-14.472974142914552,-15.372974142914552,2020
5531,104.126,104.0072829687581,0.11871703124189378,2020-11-19,5530,5532,104.0072829687581,stop,-11.871703124189992,-12.771703124189992,2020
5583,104.053,103.96800162734233,0.08499837265767193,2020-11-23,5582,5600,104.29432821363815,stop,24.132821363815538,23.23282136381554,2020
5698,104.042,103.93689914887157,0.10510085112843164,2020-11-30,5697,5699,103.93689914887157,stop,-10.51008511284266,-11.41008511284266,2020
5716,104.441,104.33415998612456,0.1068400138754423,2020-12-01,5715,5719,104.33415998612456,stop,-10.684001387544129,-11.584001387544129,2020
5744,104.57000000000001,104.47815702008728,0.0918429799127198,2020-12-02,5743,5750,104.47815702008728,stop,-9.184297991272672,-10.084297991272672,2020
5817,104.233,104.13285583749663,0.10014416250336299,2020-12-07,5816,5821,104.13285583749663,stop,-10.014416250336922,-10.914416250336922,2020
5864,104.229,104.16982159156944,0.0591784084305572,2020-12-09,5863,5865,104.16982159156944,stop,-5.917840843055444,-6.8178408430554445,2020
5883,104.436,104.35464415159427,0.08135584840572871,2020-12-10,5882,5893,104.35464415159427,stop,-8.135584840573529,-9.035584840573529,2020
5953,104.112,104.01199434250711,0.10000565749288833,2020-12-15,5952,5962,104.01199434250711,stop,-10.000565749288626,-10.900565749288626,2020
6033,103.47,103.3618729839387,0.1081270160613091,2020-12-18,6032,6035,103.3618729839387,stop,-10.812701606130304,-11.712701606130304,2020
6056,103.607,103.50015682012969,0.10684317987030977,2020-12-21,6055,6061,103.50015682012969,stop,-10.684317987031022,-11.584317987031023,2020
6130,103.661,103.58736760078118,0.07363239921882762,2020-12-24,6129,6141,103.58736760078118,stop,-7.363239921882325,-8.263239921882326,2020
6180,103.701,103.636863771808,0.06413622819200325,2020-12-28,6179,6181,103.585,stop,-11.599999999999966,-12.499999999999966,2020
6289,103.071,103.0397358711266,0.03126412887340944,2021-01-04,6288,6290,103.0397358711266,stop,-3.1264128873402797,-4.02641288734028,2021
6350,103.183,103.06649531125974,0.11650468874026514,2021-01-06,6349,6356,103.06649531125974,stop,-11.650468874026387,-12.550468874026388,2021
6369,103.4,103.28312880432034,0.11687119567967079,2021-01-07,6368,6397,103.67946509366861,stop,27.94650936686054,27.04650936686054,2021
6409,104.06700000000001,103.93579677272437,0.13120322727564113,2021-01-11,6408,6449,104.07826984241014,stop,1.1269842410129627,0.22698424101296255,2021
6483,104.044,103.92515309525871,0.11884690474129614,2021-01-14,6482,6495,103.92515309525871,stop,-11.884690474128945,-12.784690474128945,2021
6529,103.823,103.73044569583246,0.09255430416753599,2021-01-18,6528,6530,103.723,stop,-9.999999999999432,-10.899999999999432,2021
6555,104.061,103.98292070664228,0.07807929335772591,2021-01-19,6554,6556,103.98292070664228,stop,-7.807929335773167,-8.707929335773168,2021
6632,103.682,103.61143842001958,0.07056157998041548,2021-01-22,6631,6653,103.68758652552918,stop,0.558652552918204,-0.3413474470817961,2021
6708,103.844,103.77805969436243,0.06594030563756473,2021-01-27,6707,6739,104.18011041139889,stop,33.61104113988915,32.711041139889154,2021
6745,104.468,104.37352599176157,0.09447400823843023,2021-01-29,6744,6756,104.61774167693363,stop,14.974167693362972,14.074167693362972,2021
6779,104.913,104.82199391928883,0.09100608071116902,2021-02-01,6778,6817,104.93212131667543,stop,1.9121316675438038,1.0121316675438037,2021
6844,105.125,105.0643389291431,0.06066107085689122,2021-02-04,6843,6872,105.42148981197343,stop,29.648981197343005,28.748981197343006,2021
6876,105.622,105.5376145671654,0.08438543283459536,2021-02-05,6875,6877,105.5376145671654,stop,-8.43854328345941,-9.33854328345941,2021
6985,104.758,104.69181890295549,0.06618109704450123,2021-02-12,6984,7002,104.9200755134176,stop,16.207551341760507,15.307551341760506,2021
7016,105.19,105.11008456832346,0.07991543167654212,2021-02-15,7015,7041,105.34206182789003,stop,15.20618278900372,14.306182789003719,2021
7136,105.825,105.7154402334014,0.10955976659861184,2021-02-22,7135,7137,105.7154402334014,stop,-10.955976659860767,-11.855976659860767,2021
7178,105.426,105.31542072930668,0.11057927069332252,2021-02-24,7177,7226,105.93587899340805,stop,50.98789934080514,50.087899340805144,2021
7251,106.654,106.52045027164353,0.13354972835646892,2021-03-01,7250,7252,106.52045027164353,stop,-13.354972835647061,-14.254972835647061,2021
7273,106.888,106.78055020182772,0.10744979817227575,2021-03-02,7272,7274,106.78055020182772,stop,-10.744979817228284,-11.644979817228284,2021
7307,106.96,106.87929002379771,0.0807099762022857,2021-03-03,7306,7309,106.87929002379771,stop,-8.070997620228582,-8.970997620228582,2021
7328,107.168,107.08503977795571,0.08296022204428537,2021-03-04,7327,7359,108.09761035212094,stop,92.96103521209318,92.06103521209317,2021
7381,108.69200000000001,108.58043298317843,0.1115670168215832,2021-03-08,7380,7399,108.83529925410915,stop,14.329925410913802,13.429925410913802,2021
7471,108.869,108.75709200959803,0.11190799040197308,2021-03-12,7470,7497,109.01174832494513,stop,14.274832494513134,13.374832494513134,2021
7553,109.251,109.15919905876656,0.09180094123344038,2021-03-17,7552,7554,109.15919905876656,stop,-9.180094123344418,-10.080094123344418,2021
7670,108.888,108.77671543080895,0.11128456919105871,2021-03-24,7669,7672,108.77671543080895,stop,-11.128456919105645,-12.028456919105645,2021
7682,108.928,108.83560416563839,0.09239583436160966,2021-03-25,7681,7730,109.56201803884915,stop,63.4018038849149,62.5018038849149,2021
7752,109.846,109.76337761688399,0.08262238311601273,2021-03-30,7751,7784,110.5494644565797,stop,70.34644565796953,69.44644565796952,2021
7957,109.885,109.76021635204212,0.12478364795787915,2021-04-09,7956,7958,109.76,stop,-12.5,-13.4,2021
8072,108.901,108.80256143439418,0.09843856560581778,2021-04-16,8071,8073,108.80256143439418,stop,-9.843856560581798,-10.743856560581799,2021
8221,108.082,107.96683714290756,0.11516285709242204,2021-04-26,8220,8222,107.96683714290756,stop,-11.51628570924288,-12.41628570924288,2021
8233,108.14,108.04234910480731,0.09765089519268132,2021-04-27,8232,8270,108.72650689158507,stop,58.65068915850742,57.75068915850742,2021
8294,109.201,109.0594381628217,0.14156183717828866,2021-04-29,8293,8295,108.957,stop,-24.399999999999977,-25.299999999999976,2021
8319,109.294,109.15807318047843,0.13592681952156646,2021-04-30,8318,8340,109.36068136755847,stop,6.668136755847343,5.768136755847342,2021
8509,109.008,108.88247592918967,0.1255240708103343,2021-05-12,8508,8539,109.41065217949951,stop,40.26521794995119,39.365217949951194,2021
8628,109.191,109.09323404029614,0.09776595970386841,2021-05-19,8627,8629,109.026,stop,-16.500000000000625,-17.400000000000624,2021
8725,108.986,108.8826313873884,0.10336861261159895,2021-05-25,8724,8726,108.8826313873884,stop,-10.33686126116038,-11.23686126116038,2021
8752,109.11,109.01725672482209,0.09274327517790368,2021-05-26,8751,8799,109.83663786584097,stop,72.66378658409707,71.76378658409706,2021
8862,109.723,109.64197611267717,0.08102388732282466,2021-06-02,8861,8869,109.64197611267717,stop,-8.102388732282861,-9.002388732282862,2021
8893,109.971,109.88257817995517,0.08842182004483569,2021-06-03,8892,8915,110.09392738346246,stop,12.292738346245358,11.392738346245357,2021
8991,109.604,109.49904085274748,0.10495914725252065,2021-06-09,8990,9006,109.49904085274748,stop,-10.49591472525151,-11.39591472525151,2021
9039,109.771,109.66878236636666,0.10221763363334893,2021-06-11,9038,9043,109.66878236636666,stop,-10.221763363334446,-11.121763363334447,2021
9062,109.921,109.83401742311896,0.08698257688104784,2021-06-14,9061,9103,109.96399721093792,stop,4.29972109379122,3.3997210937912197,2021
9115,110.514,110.40229893474174,0.1117010652582553,2021-06-16,9114,9132,110.46954681018362,stop,-4.4453189816380245,-5.345318981638025,2021
9193,110.269,110.15912040651739,0.10987959348261733,2021-06-22,9192,9227,110.75967913490506,stop,49.06791349050508,48.16791349050508,2021
9241,111.028,110.929578724893,0.0984212751070068,2021-06-24,9240,9245,110.929578724893,stop,-9.842127510700038,-10.742127510700039,2021
9327,110.981,110.8716050670913,0.10939493290870153,2021-06-30,9326,9368,111.41375339369084,stop,43.27533936908452,42.37533936908452,2021
9512,110.057,109.95936631589126,0.09763368410874183,2021-07-12,9511,9558,110.43767742325475,stop,38.06774232547525,37.16774232547525,2021
9649,109.967,109.851014341352,0.11598565864799447,2021-07-21,9648,9654,109.851014341352,stop,-11.598565864800037,-12.498565864800037,2021
9680,110.346,110.26187265923907,0.08412734076093635,2021-07-23,9679,9697,110.36246239382281,stop,1.646239382280612,0.7462393822806119,2021
9879,109.572,109.41945554432996,0.1525444556700335,2021-08-04,9878,9899,109.43770055775965,stop,-13.429944224034784,-14.329944224034785,2021
9913,109.872,109.78350949262766,0.08849050737233721,2021-08-06,9912,9918,109.78350949262766,stop,-8.849050737234165,-9.749050737234166,2021
9961,110.334,110.25139257777253,0.08260742222747432,2021-08-10,9960,9996,110.56464037077866,stop,23.064037077865862,22.164037077865864,2021
10095,109.602,109.47675299966309,0.1252470003369152,2021-08-17,10094,10124,109.7542517247931,stop,15.225172479308924,14.325172479308923,2021
10130,110.116,110.01181066895094,0.10418933104906185,2021-08-19,10129,10134,110.01181066895094,stop,-10.418933104905648,-11.318933104905648,2021
10177,109.875,109.79013293751106,0.08486706248893491,2021-08-23,10176,10189,109.82854765001535,stop,-4.645234998464787,-5.545234998464787,2021
10236,109.895,109.80649414003634,0.08850585996366134,2021-08-25,10235,10276,109.95669790860423,stop,6.169790860423063,5.269790860423063,2021
10286,110.175,110.07734405697772,0.09765594302228207,2021-08-27,10285,10287,109.982,stop,-19.299999999999784,-20.199999999999783,2021
10336,110.06,109.94483769289882,0.11516230710118973,2021-08-31,10335,10337,109.94483769289882,stop,-11.516230710118691,-12.416230710118692,2021
10345,110.191,110.10017448925976,0.09082551074024095,2021-09-01,10344,10356,110.10017448925976,stop,-9.082551074024536,-9.982551074024537,2021
10447,109.928,109.86498178005905,0.06301821994094069,2021-09-07,10446,10471,110.21906123395033,stop,29.106123395033023,28.206123395033025,2021
10542,110.043,109.97997675129315,0.0630232487068582,2021-09-13,10541,10549,109.97997675129315,stop,-6.302324870685538,-7.202324870685539,2021
10572,110.122,110.06079118936964,0.061208810630360024,2021-09-14,10571,10573,109.876,stop,-24.59999999999951,-25.49999999999951,2021
10622,109.677,109.56978404411407,0.10721595588593671,2021-09-16,10621,10658,109.86154331968503,stop,18.454331968501947,17.55433196850195,2021
10723,109.865,109.75240229891051,0.11259770108948551,2021-09-22,10722,10725,109.75240229891051,stop,-11.25977010894843,-12.15977010894843,2021
10730,109.893,109.79723274730556,0.09576725269444282,2021-09-23,10729,10731,109.79723274730556,stop,-9.576725269444353,-10.476725269444353,2021
10753,110.378,110.29263030128504,0.08536969871495233,2021-09-24,10752,10779,110.55763586435866,stop,17.963586435865864,17.063586435865865,2021
10802,111.1,111.00819393463435,0.0918060653656497,2021-09-28,10801,10832,111.25802721115828,stop,15.802721115828433,14.902721115828433,2021
10856,111.879,111.76415543456733,0.11484456543267517,2021-09-30,10855,10861,111.76415543456733,stop,-11.48445654326764,-12.38445654326764,2021
10932,111.227,111.12118620802936,0.10581379197064196,2021-10-05,10931,10953,111.44804164836128,stop,22.104164836127893,21.204164836127894,2021
10993,111.726,111.63712390729296,0.08887609270704333,2021-10-08,10992,11003,111.71970127888657,stop,-0.6298721113424222,-1.5298721113424223,2021
11017,112.307,112.20979037888496,0.09720962111504321,2021-10-11,11016,11046,113.08926110886253,stop,78.2261108862528,77.32611088625279,2021
11077,113.67,113.5490343218834,0.12096567811660355,2021-10-13,11076,11078,113.423,stop,-24.69999999999999,-25.599999999999987,2021
11112,113.84,113.72049129735927,0.11950870264072984,2021-10-15,11111,11126,113.99405338293542,stop,15.405338293541604,14.505338293541604,2021
11184,114.553,114.4520221749208,0.10097782507919464,2021-10-20,11183,11185,114.4520221749208,stop,-10.097782507919817,-10.997782507919817,2021
11283,113.931,113.82187362193554,0.10912637806446077,2021-10-26,11282,11307,114.00400247627499,stop,7.3002476274993455,6.400247627499345,2021
11364,113.876,113.75519695167463,0.12080304832537261,2021-10-29,11363,11366,113.75519695167463,stop,-12.080304832537081,-12.980304832537081,2021
11377,114.077,113.96069840629454,0.11630159370545248,2021-11-01,11376,11393,114.08026906590527,stop,0.3269065905271873,-0.5730934094728128,2021
11439,114.081,113.97559472203524,0.10540527796476919,2021-11-03,11438,11441,113.97559472203524,stop,-10.54052779647634,-11.44052779647634,2021
11450,114.218,114.09910026784766,0.11889973215233614,2021-11-04,11449,11456,114.09910026784766,stop,-11.889973215234306,-12.789973215234307,2021
11557,113.276,113.1609030408799,0.11509695912009552,2021-11-10,11556,11600,113.99380943794321,stop,71.78094379432167,70.88094379432167,2021
11642,114.3,114.20073546398943,0.0992645360105625,2021-11-16,11641,11643,114.15,stop,-14.999999999999147,-15.899999999999148,2021
11722,114.013,113.87726895163361,0.13573104836639246,2021-11-19,11721,11723,113.87726895163361,stop,-13.573104836639516,-14.473104836639516,2021
11751,114.617,114.4624716532923,0.15452834670770457,2021-11-22,11750,11767,114.65030103115855,stop,3.330103115854399,2.430103115854399,2021
11785,115.207,115.06343768842463,0.14356231157535992,2021-11-24,11784,11786,115.06343768842463,stop,-14.35623115753657,-15.25623115753657,2021
11959,113.354,113.2033584668755,0.15064153312450376,2021-12-03,11958,11965,113.2033584668755,stop,-15.064153312449946,-15.964153312449946,2021
12002,113.56400000000001,113.44406834910045,0.11993165089955828,2021-12-07,12001,12024,113.44406834910045,stop,-11.993165089955937,-12.893165089955938,2021
12036,113.706,113.54671191805015,0.1592880819498463,2021-12-08,12035,12052,113.5851791245066,stop,-12.08208754934077,-12.98208754934077,2021
12128,113.72,113.62450598358551,0.09549401641449395,2021-12-14,12127,12129,113.62450598358551,stop,-9.549401641449151,-10.449401641449152,2021
12145,113.763,113.67989655032488,0.08310344967512827,2021-12-15,12144,12150,113.67989655032488,stop,-8.310344967512151,-9.210344967512151,2021
12246,113.737,113.63631503284117,0.10068496715883277,2021-12-21,12245,12247,113.63631503284117,stop,-10.068496715882702,-10.968496715882702,2021
12273,114.306,114.21121308972164,0.0947869102783613,2021-12-22,12272,12275,114.21121308972164,stop,-9.47869102783585,-10.37869102783585,2021
12301,114.368,114.29115657346776,0.07684342653223812,2021-12-23,12300,12302,114.29115657346776,stop,-7.684342653223553,-8.584342653223553,2021
12313,114.37,114.29168451815832,0.07831548184168706,2021-12-24,12312,12333,114.29168451815832,stop,-7.831548184168469,-8.731548184168469,2021
12345,114.636,114.57046489102143,0.06553510897856281,2021-12-27,12344,12373,114.71504106699562,stop,7.904106699562874,7.004106699562874,2021
12393,114.995,114.92691859037627,0.06808140962372528,2021-12-29,12392,12395,114.92691859037627,stop,-6.808140962372988,-7.708140962372989,2021
12410,115.039,114.95644031948864,0.08255968051136509,2021-12-30,12409,12441,115.01028273205257,stop,-2.8717267947428127,-3.771726794742813,2021
12457,115.287,115.21212653522853,0.07487346477147543,2022-01-03,12456,12458,115.208,stop,-7.900000000000773,-8.800000000000773,2022
12481,115.397,115.30851410720446,0.08848589279555118,2022-01-04,12480,12505,115.97087025048668,stop,57.387025048667795,56.487025048667796,2022
12697,114.338,114.19776574025256,0.1402342597474271,2022-01-17,12696,12729,114.60624856831517,stop,26.824856831517252,25.924856831517253,2022
12840,114.021,113.88886151018589,0.1321384898141094,2022-01-25,12839,12841,113.88886151018589,stop,-13.213848981411047,-14.113848981411047,2022
12850,114.062,113.92608144522974,0.13591855477024956,2022-01-25,12849,12853,113.92608144522974,stop,-13.59185547702566,-14.491855477025661,2022
12874,114.134,114.03216948489106,0.10183051510894621,2022-01-26,12873,12922,115.575,time,144.10000000000025,143.20000000000024,2022
13020,114.843,114.74372562353074,0.09927437646926454,2022-02-03,13019,13022,114.74372562353074,stop,-9.927437646926762,-10.827437646926763,2022
13033,114.968,114.86846477726381,0.09953522273618767,2022-02-04,13032,13034,114.847,stop,-12.100000000000932,-13.000000000000933,2022
13083,115.392,115.28560986182093,0.1063901381790631,2022-02-08,13082,13090,115.28560986182093,stop,-10.639013817906573,-11.539013817906573,2022
13129,115.582,115.49711156131701,0.08488843868297578,2022-02-10,13128,13130,115.49711156131701,stop,-8.48884386829809,-9.38884386829809,2022
13215,115.823,115.67640037688685,0.14659962311314226,2022-02-15,13214,13216,115.67640037688685,stop,-14.6599623113147,-15.5599623113147,2022
13334,115.128,115.0005777723425,0.1274222276575022,2022-02-22,13333,13336,115.0005777723425,stop,-12.742222765750455,-13.642222765750455,2022
13384,115.612,115.41548319518878,0.19651680481121675,2022-02-24,13383,13385,115.41548319518878,stop,-19.651680481121048,-20.551680481121046,2022
13410,115.759,115.60776067952507,0.15123932047492245,2022-02-25,13409,13411,115.60776067952507,stop,-15.123932047492872,-16.02393204749287,2022
13475,115.285,115.16698207659675,0.11801792340324817,2022-03-02,13474,13506,115.4903146379265,stop,20.531463792650584,19.631463792650585,2022
13561,115.454,115.33055965143218,0.12344034856780883,2022-03-08,13560,13598,115.58600001526732,stop,13.200001526732308,12.300001526732308,2022
13609,115.976,115.86360024154044,0.11239975845956225,2022-03-10,13608,13616,115.86954805960877,stop,-10.64519403912243,-11.54519403912243,2022
13633,116.327,116.20983452488476,0.11716547511524607,2022-03-11,13632,13681,118.324,time,199.7,198.79999999999998,2022
13705,118.894,118.71843388689247,0.17556611310753636,2022-03-17,13704,13707,118.71843388689247,stop,-17.556611310753567,-18.456611310753566,2022
13739,119.083,118.94968202820549,0.13331797179451257,2022-03-18,13738,13763,119.1385422698637,stop,5.554226986370736,4.654226986370736,2022
13770,119.379,119.27200421349818,0.10699578650182721,2022-03-21,13769,13788,120.39959344174522,stop,102.05934417452198,101.15934417452198,2022
13830,121.447,121.286920515763,0.1600794842370008,2022-03-24,13829,13849,121.85788283815259,stop,41.08828381525882,40.18828381525882,2022
13874,122.979,122.7477889882923,0.23121101170770003,2022-03-28,13873,13882,123.91567839162693,stop,93.6678391626927,92.7678391626927,2022
13971,122.663,122.39062047133142,0.2723795286685839,2022-04-01,13970,13973,122.39062047133142,stop,-27.237952866857995,-28.137952866857994,2022
14024,122.914,122.74732994748985,0.16667005251016068,2022-04-05,14023,14025,122.74732994748985,stop,-16.66700525101561,-17.56700525101561,2022
14041,123.839,123.66866848311524,0.170331516884757,2022-04-06,14040,14042,123.66866848311524,stop,-17.03315168847581,-17.93315168847581,2022
14087,124.136,123.99873794628556,0.1372620537144346,2022-04-07,14086,14088,123.99873794628556,stop,-13.726205371443712,-14.626205371443712,2022
14101,124.405,124.26864838599211,0.13635161400789567,2022-04-08,14100,14103,124.26864838599211,stop,-13.635161400789286,-14.535161400789287,2022
14114,124.759,124.6114297925543,0.147570207445703,2022-04-11,14113,14136,125.25079142540663,stop,49.17914254066318,48.27914254066318,2022
14167,126.14,125.93889612965762,0.2011038703423747,2022-04-13,14166,14171,125.93889612965762,stop,-20.11038703423793,-21.01038703423793,2022
14209,126.313,126.13000778763907,0.1829922123609271,2022-04-15,14208,14227,126.32521113371482,stop,1.2211133714814082,0.32111337148140806,2022
14233,126.57000000000001,126.449777040736,0.12022295926401314,2022-04-18,14232,14234,126.449777040736,stop,-12.022295926401227,-12.922295926401228,2022
14257,127.318,127.17477272482716,0.14322727517283856,2022-04-19,14256,14283,128.4514411472871,stop,113.34411472871153,112.44411472871153,2022
14344,128.795,128.4866228150027,0.30837718499727906,2022-04-22,14343,14345,128.4866228150027,stop,-30.83771849972834,-31.737718499728338,2022
14414,128.136,127.88657050321108,0.24942949678892634,2022-04-27,14413,14453,130.417115358076,stop,228.11153580759935,227.21153580759935,2022
14539,128.789,128.54098255707189,0.24801744292811392,2022-05-04,14538,14587,130.542,time,175.30000000000143,174.40000000000143,2022
14593,130.855,130.65688242503953,0.19811757496046709,2022-05-09,14592,14604,130.7065614765373,stop,-14.843852346268704,-15.743852346268705,2022
14665,129.48999999999998,129.26963842466682,0.22036157533316486,2022-05-16,14664,14666,129.098,stop,-39.19999999999675,-40.09999999999675,2022
14702,129.59799999999998,129.38461967317764,0.21338032682235955,2022-05-17,14701,14703,129.291,stop,-30.699999999998795,-31.599999999998793,2022
14786,127.969,127.7626290656023,0.20637093439769588,2022-05-24,14785,14787,127.7626290656023,stop,-20.63709343976967,-21.53709343976967,2022
14833,127.459,127.26466132501153,0.19433867498846835,2022-05-26,14832,14838,127.26466132501153,stop,-19.433867498847235,-20.333867498847233,2022
14881,127.063,126.91048675220972,0.1525132477902808,2022-05-30,14880,14910,127.76449991398049,stop,70.14999139804843,69.24999139804842,2022
14929,128.92299999999997,128.73200650253793,0.19099349746204006,2022-06-01,14928,14961,129.70494486138875,stop,78.194486138878,77.294486138878,2022
14977,130.83599999999998,130.63494324622584,0.20105675377414484,2022-06-06,14976,14978,130.588,stop,-24.799999999999045,-25.699999999999044,2022
15001,132.23299999999998,132.02828011650197,0.20471988349801426,2022-06-07,15000,15049,134.353,time,212.0000000000033,211.1000000000033,2022
15097,134.969,134.72515129703794,0.2438487029620461,2022-06-13,15096,15098,134.72515129703794,stop,-24.384870296205463,-25.28487029620546,2022
15139,135.253,134.94164346200432,0.3113565379956749,2022-06-14,15138,15144,134.94164346200432,stop,-31.1356537995664,-32.0356537995664,2022
15202,134.78199999999998,134.2100723134428,0.57192768655719,2022-06-17,15201,15250,135.801,time,101.90000000000055,101.00000000000054,2022
15348,135.444,135.21812919792612,0.22587080207386026,2022-06-27,15347,15349,135.21812919792612,stop,-22.58708020738709,-23.487080207387088,2022
15361,135.452,135.2651467966226,0.1868532033774224,2022-06-28,15360,15362,135.155,stop,-29.699999999999704,-30.599999999999703,2022
15394,136.528,136.29210429117546,0.23589570882454058,2022-06-29,15393,15413,136.41539155999462,stop,-11.260844000537418,-12.160844000537418,2022
15481,136.05499999999998,135.86993106196132,0.18506893803865943,2022-07-05,15480,15488,135.86993106196132,stop,-18.50689380386541,-19.406893803865408,2022
15536,136.13799999999998,135.884199998369,0.2538000016309585,2022-07-07,15535,15538,135.884199998369,stop,-25.380000163096383,-26.280000163096382,2022
15565,136.432,136.15210702828568,0.2798929717143136,2022-07-08,15564,15566,136.15210702828568,stop,-27.989297171430394,-28.889297171430393,2022
15578,137.11399999999998,136.8656834870398,0.2483165129601688,2022-07-11,15577,15583,136.8656834870398,stop,-24.8316512960173,-25.731651296017297,2022
15637,137.59099999999998,137.37374726972354,0.2172527302764551,2022-07-13,15636,15638,137.37374726972354,stop,-21.72527302764422,-22.62527302764422,2022
15649,137.92299999999997,137.69347151985517,0.2295284801447944,2022-07-14,15648,15678,138.68425060483673,stop,76.12506048367607,75.22506048367606,2022
15768,138.426,138.26820843925543,0.1577915607445624,2022-07-21,15767,15769,138.26820843925543,stop,-15.779156074455614,-16.679156074455612,2022
15851,136.653,136.47032459116525,0.18267540883473843,2022-07-26,15850,15852,136.47032459116525,stop,-18.267540883474,-19.167540883473997,2022
15865,137.07299999999998,136.89198215131532,0.1810178486846664,2022-07-27,15864,15867,136.89198215131532,stop,-18.101784868466098,-19.001784868466096,2022
15984,133.35,132.97555349804,0.37444650196000645,2022-08-03,15983,15987,132.97555349804,stop,-37.44465019599943,-38.34465019599943,2022
16045,134.682,134.28730139910104,0.3946986008989377,2022-08-05,16044,16067,134.71868196671346,stop,3.6681966713473457,2.7681966713473454,2022
16105,135.224,135.05761080893546,0.16638919106451097,2022-08-10,16104,16106,135.055,stop,-16.899999999998272,-17.79999999999827,2022
16153,133.278,132.99056024833226,0.2874397516677395,2022-08-12,16152,16176,133.26096503348464,stop,-1.7034966515353744,-2.603496651535375,2022
16208,133.67299999999997,133.4643497033507,0.20865029664926577,2022-08-16,16207,16224,134.12606923481096,stop,45.30692348109824,44.40692348109824,2022
16232,134.802,134.58995758268222,0.21204241731776236,2022-08-17,16231,16248,134.82917728214977,stop,2.7177282149779103,1.8177282149779102,2022
16265,135.648,135.3882112948195,0.25978870518047853,2022-08-18,16264,16303,136.81377201359481,stop,116.57720135948182,115.67720135948181,2022
16321,137.253,137.03246363634003,0.2205363636599503,2022-08-23,16320,16333,137.03246363634003,stop,-22.053636365996,-22.953636365995997,2022
16407,137.30599999999998,137.02685268183802,0.2791473181619662,2022-08-26,16406,16444,138.380256353121,stop,107.42563531210294,106.52563531210293,2022
16455,138.897,138.6378802237379,0.259119776262071,2022-08-30,16454,16458,138.6378802237379,stop,-25.911977626208227,-26.811977626208225,2022
16486,139.077,138.86777815059665,0.20922184940335703,2022-08-31,16485,16525,139.99828874263443,stop,92.1288742634431,91.22887426344309,2022
16565,140.93099999999998,140.7763400514146,0.1546599485853928,2022-09-06,16564,16601,143.90953570783483,stop,297.8535707834851,296.95357078348513,2022
16693,144.416,143.97599682479756,0.4400031752024357,2022-09-13,16692,16694,143.97599682479756,stop,-44.00031752024347,-44.90031752024347,2022
16809,143.66799999999998,143.4775531964807,0.19044680351927973,2022-09-20,16808,16811,143.4775531964807,stop,-19.044680351927923,-19.94468035192792,2022
16829,144.027,143.85325768915106,0.1737423108489206,2022-09-21,16828,16830,143.85325768915106,stop,-17.374231084892244,-18.274231084892243,2022
16851,144.56799999999998,144.1530623029568,0.41493769704316136,2022-09-22,16850,16856,144.1530623029568,stop,-41.493769704317174,-42.39376970431717,2022
16897,143.802,143.45880158268847,0.34319841731151335,2022-09-26,16896,16945,144.697,time,89.50000000000102,88.60000000000102,2022
17017,144.78799999999998,144.63522675896624,0.15277324103375364,2022-10-03,17016,17021,144.77673932559827,stop,-1.1260674401711412,-2.0260674401711416,2022
17102,144.78699999999998,144.63101849527172,0.1559815047282711,2022-10-06,17101,17124,144.63101849527172,stop,-15.598150472825978,-16.498150472825976,2022
17137,145.5,145.34649170616885,0.1535082938311474,2022-10-10,17136,17138,145.34649170616885,stop,-15.350829383115183,-16.25082938311518,2022
17165,145.78799999999998,145.66603912997704,0.1219608700229383,2022-10-11,17164,17166,145.66603912997704,stop,-12.196087002294576,-13.096087002294576,2022
17185,146.135,145.97036907469757,0.1646309253024151,2022-10-12,17184,17221,146.73905546839396,stop,60.40554683939661,59.50554683939661,2022
17241,147.694,147.48364232676457,0.21035767323542504,2022-10-14,17240,17289,148.57913925194956,stop,88.51392519495676,87.61392519495675,2022
17310,149.30499999999998,149.161679374281,0.14332062571899423,2022-10-19,17309,17339,149.6805138197835,stop,37.55138197835208,36.651381978352084,2022
17356,150.368,150.2302575598128,0.13774244018720014,2022-10-21,17355,17365,151.13418568560255,stop,76.61856856025508,75.71856856025508,2022
17480,147.081,146.69954789253904,0.3814521074609451,2022-10-28,17479,17522,148.13207511841063,stop,105.10751184106368,104.20751184106368,2022
17576,147.90599999999998,147.5663200859529,0.33967991404707404,2022-11-03,17575,17598,147.6833048149682,stop,-22.269518503176755,-23.169518503176754,2022
17821,140.314,139.94744764913702,0.36655235086297244,2022-11-17,17820,17834,139.94744764913702,stop,-36.655235086297466,-37.555235086297465,2022
17861,140.444,140.223505216057,0.22049478394298702,2022-11-21,17860,17889,141.43095707400917,stop,98.69570740091831,97.7957074009183,2022
17962,139.396,139.08353121268976,0.31246878731022903,2022-11-25,17961,17968,139.08353121268976,stop,-31.24687873102232,-32.14687873102232,2022
18038,139.392,139.06692379221454,0.3250762077854716,2022-11-30,18037,18042,139.06692379221454,stop,-32.50762077854574,-33.40762077854574,2022
18112,136.32799999999997,135.93319179041808,0.3948082095818891,2022-12-05,18111,18131,136.38676539014747,stop,5.8765390147499375,4.976539014749937,2022
18149,137.414,137.11635311918627,0.29764688081371177,2022-12-07,18148,18157,137.11635311918627,stop,-29.76468808137156,-30.66468808137156,2022
18218,136.86499999999998,136.5833253555518,0.2816746444481598,2022-12-12,18217,18253,136.73885949054755,stop,-12.614050945242639,-13.514050945242639,2022
18297,136.462,136.13529780870962,0.3267021912903724,2022-12-15,18296,18314,137.22030853963219,stop,75.83085396321962,74.93085396321962,2022
18361,137.333,137.07985005605687,0.2531499439431349,2022-12-20,18360,18362,137.07985005605687,stop,-25.314994394312862,-26.21499439431286,2022
18423,132.33599999999998,132.04750450590916,0.2884954940908157,2022-12-22,18422,18456,132.56257293564533,stop,22.657293564535053,21.757293564535054,2022
18467,133.164,132.96600205741709,0.19799794258289544,2022-12-26,18466,18469,132.96600205741709,stop,-19.79979425829015,-20.699794258290147,2022
18489,133.10399999999998,132.92782604827244,0.17617395172754274,2022-12-27,18488,18516,133.63757784971736,stop,53.35778497173749,52.45778497173749,2022
18624,131.30499999999998,130.96679390101144,0.3382060989885464,2023-01-04,18623,18625,130.96679390101144,stop,-33.820609898853604,-34.7206098988536,2023
18640,132.01999999999998,131.60091932990403,0.41908067009596245,2023-01-04,18639,18685,133.47157510448633,stop,145.1575104486352,144.2575104486352,2023
18746,132.398,132.13708683661093,0.2609131633890736,2023-01-11,18745,18749,132.13708683661093,stop,-26.091316338906267,-26.991316338906266,2023
18842,128.81199999999998,128.5271928256891,0.28480717431088953,2023-01-17,18841,18846,128.5271928256891,stop,-28.480717431088465,-29.380717431088463,2023
18867,130.54,130.05950080467355,0.48049919532643093,2023-01-18,18866,18871,130.05950080467355,stop,-48.04991953264448,-48.94991953264448,2023
18914,128.844,128.5630751280848,0.28092487191519283,2023-01-20,18913,18930,129.5297494926448,stop,68.57494926448169,67.67494926448168,2023
18950,130.505,130.18785451320835,0.3171454867916415,2023-01-23,18949,18962,130.18785451320835,stop,-31.714548679164523,-32.61454867916452,2023
18975,131.076,130.77394945867022,0.3020505413297777,2023-01-24,18974,18976,130.092,stop,-98.39999999999804,-99.29999999999805,2023
19025,130.40699999999998,130.07014075458062,0.33685924541937284,2023-01-26,19024,19026,130.07014075458062,stop,-33.685924541936174,-34.58592454193617,2023
19058,130.23399999999998,130.0306726772637,0.2033273227362766,2023-01-30,19057,19059,130.0306726772637,stop,-20.33273227362713,-21.23273227362713,2023
19166,129.951,129.63286705965157,0.3181329403484323,2023-02-03,19165,19203,132.1514060694912,stop,220.04060694912084,219.14060694912084,2023
19249,131.516,131.2761854261898,0.23981457381016602,2023-02-09,19248,19253,131.2761854261898,stop,-23.98145738101789,-24.88145738101789,2023
19274,131.63299999999998,131.36745747173603,0.26554252826394986,2023-02-10,19273,19279,131.36745747173603,stop,-26.554252826394986,-27.454252826394985,2023
19298,131.68599999999998,131.40353156158955,0.2824684384104284,2023-02-13,19297,19320,132.17418708602276,stop,48.81870860227764,47.91870860227764,2023
19335,132.74499999999998,132.3790649448084,0.36593505519157976,2023-02-14,19334,19376,133.66231884650875,stop,91.73188465087776,90.83188465087775,2023
19383,134.357,134.10447896710582,0.25252103289419003,2023-02-16,19382,19384,134.10447896710582,stop,-25.25210328941796,-26.15210328941796,2023
19394,134.641,134.38256496388837,0.2584350361116156,2023-02-17,19393,19407,134.38256496388837,stop,-25.843503611162078,-26.743503611162076,2023
19448,134.593,134.42072495939522,0.1722750406047741,2023-02-21,19447,19465,134.58822364923103,stop,-0.47763507689637663,-1.3776350768963768,2023
19501,134.994,134.84516314934453,0.14883685065546212,2023-02-23,19500,19503,134.84516314934453,stop,-14.88368506554707,-15.78368506554707,2023
19524,135.409,135.17167486651286,0.23732513348712653,2023-02-24,19523,19572,136.687,time,127.800000000002,126.900000000002,2023
19613,136.44699999999997,136.23658716884572,0.21041283115425724,2023-03-02,19612,19617,136.23658716884572,stop,-21.041283115425813,-21.94128311542581,2023
19693,136.17,135.97495611465624,0.19504388534375347,2023-03-07,19692,19715,137.23744307252534,stop,106.74430725253501,105.844307252535,2023
19832,134.881,134.55712581496968,0.323874185030316,2023-03-15,19831,19833,134.55712581496968,stop,-32.387418503031995,-33.287418503031994,2023
19945,132.535,132.26389533581846,0.2711046641815423,2023-03-22,19944,19946,132.26389533581846,stop,-27.110466418153578,-28.010466418153577,2023
20018,130.884,130.62548016290515,0.25851983709482534,2023-03-27,20017,20019,130.62548016290515,stop,-25.85198370948376,-26.75198370948376,2023
20065,131.31699999999998,131.0695705101062,0.24742948989380262,2023-03-29,20064,20095,132.22035539916862,stop,90.3355399168646,89.4355399168646,2023
20099,132.58499999999998,132.35153982166827,0.23346017833170143,2023-03-30,20098,20105,132.35153982166827,stop,-23.346017833171118,-24.246017833171116,2023
20113,133.24599999999998,132.9962740953376,0.24972590466237704,2023-03-31,20112,20114,132.9962740953376,stop,-24.972590466236966,-25.872590466236964,2023
20143,133.595,133.34623803358093,0.2487619664190814,2023-04-03,20142,20145,133.34623803358093,stop,-24.876196641906745,-25.776196641906743,2023
20223,131.76199999999997,131.49797899566917,0.2640210043307987,2023-04-06,20222,20263,132.19688845688373,stop,43.48884568837548,42.58884568837548,2023
20307,133.89499999999998,133.70897014467755,0.1860298553224328,2023-04-12,20306,20308,133.70897014467755,stop,-18.60298553224311,-19.50298553224311,2023
20367,133.46699999999998,133.18889053193638,0.27810946806360526,2023-04-14,20366,20408,134.17802863574187,stop,71.10286357418829,70.20286357418829,2023
20431,134.617,134.45650082847024,0.16049917152975507,2023-04-19,20430,20436,134.51416507618836,stop,-10.283492381162773,-11.183492381162774,2023
20507,134.595,134.40566868934468,0.189331310655332,2023-04-24,20506,20510,134.40566868934468,stop,-18.93313106553194,-19.833131065531937,2023
20577,133.88199999999998,133.67890793865638,0.20309206134358535,2023-04-27,20576,20578,133.67890793865638,stop,-20.30920613435967,-21.20920613435967,2023
20594,134.20299999999997,133.95899083063117,0.24400916936881428,2023-04-28,20593,20595,133.95899083063117,stop,-24.40091693688089,-25.30091693688089,2023
20617,136.67,136.40327133136185,0.2667286686381439,2023-05-01,20616,20654,136.97730904140465,stop,30.730904140466464,29.830904140466465,2023
20725,134.97899999999998,134.7186094107062,0.26039058929378817,2023-05-05,20724,20726,134.7186094107062,stop,-26.039058929379166,-26.939058929379165,2023
20737,134.903,134.71095651383936,0.19204348616063735,2023-05-08,20736,20741,134.71095651383936,stop,-19.204348616062816,-20.104348616062815,2023
20761,135.218,135.04607582757743,0.171924172422574,2023-05-09,20760,20762,135.04607582757743,stop,-17.192417242256397,-18.092417242256396,2023
20790,135.345,135.19581991531305,0.1491800846869425,2023-05-10,20789,20792,135.19581991531305,stop,-14.918008468694666,-15.818008468694666,2023
20839,134.803,134.62397396039236,0.1790260396076384,2023-05-12,20838,20868,135.71648989360637,stop,91.34898936063678,90.44898936063677,2023
20895,136.486,136.3018448643892,0.18415513561077954,2023-05-16,20894,20898,136.3018448643892,stop,-18.415513561078,-19.315513561078,2023
20910,136.79799999999997,136.64573570495335,0.1522642950466318,2023-05-17,20909,20958,138.13393441065725,stop,133.59344106572735,132.69344106572734,2023
20992,138.666,138.4242007872004,0.2417992127995972,2023-05-22,20991,20993,138.4242007872004,stop,-24.17992127996058,-25.07992127996058,2023
21002,138.82,138.60190493155113,0.2180950684488636,2023-05-23,21001,21003,138.60190493155113,stop,-21.809506844886073,-22.70950684488607,2023
21039,138.999,138.7829718746459,0.21602812535407254,2023-05-24,21038,21078,139.67124170251526,stop,67.22417025152652,66.32417025152651,2023
21085,140.083,139.86128400412613,0.22171599587385368,2023-05-26,21084,21101,140.3674947605136,stop,28.44947605136099,27.54947605136099,2023
21127,140.392,140.19089830064158,0.2011016993584275,2023-05-30,21126,21128,140.19089830064158,stop,-20.110169935841782,-21.01016993584178,2023
21210,139.999,139.7491508151826,0.2498491848174194,2023-06-02,21209,21230,139.78831923268893,stop,-21.06807673110609,-21.968076731106088,2023
21280,139.987,139.74066690818725,0.246333091812746,2023-06-07,21279,21292,139.74066690818725,stop,-24.6333091812744,-25.533309181274397,2023
21350,139.67,139.46898993079088,0.201010069209109,2023-06-12,21349,21359,139.46898993079088,stop,-20.101006920910436,-21.001006920910434,2023
21373,139.16199999999998,138.95319392864056,0.20880607135942855,2023-06-13,21372,21396,139.749264987606,stop,58.72649876060336,57.826498760603364,2023
21409,140.37199999999999,140.14171392745385,0.23028607254614133,2023-06-15,21408,21421,140.62580678035994,stop,25.380678035995174,24.480678035995176,2023
21447,141.506,141.18345443391433,0.3225455660856734,2023-06-16,21446,21482,141.70501754242704,stop,19.901754242704328,19.00175424270433,2023
21518,142.259,142.0298089253153,0.2291910746846902,2023-06-21,21517,21519,142.0298089253153,stop,-22.919107468467814,-23.819107468467813,2023
21542,142.301,142.07995432631012,0.2210456736898657,2023-06-22,21541,21576,143.2708866920088,stop,96.98866920087994,96.08866920087993,2023
21609,143.718,143.5432365574839,0.17476344251606726,2023-06-27,21608,21611,143.5432365574839,stop,-17.47634425160811,-18.37634425160811,2023
21632,144.082,143.90555598517193,0.17644401482806193,2023-06-28,21631,21633,143.90555598517193,stop,-17.644401482806416,-18.544401482806414,2023
21655,144.61999999999998,144.44865208923545,0.17134791076453476,2023-06-29,21654,21656,144.349,stop,-27.09999999999866,-27.999999999998657,2023
21673,144.88799999999998,144.70972898515967,0.17827101484031235,2023-06-30,21672,21676,144.70972898515967,stop,-17.82710148403055,-18.72710148403055,2023
21751,144.66899999999998,144.54773591277734,0.12126408722265127,2023-07-05,21750,21752,144.447,stop,-22.199999999998,-23.099999999997998,2023
21926,138.66199999999998,138.35048950694323,0.311510493056732,2023-07-14,21925,21936,138.44923625928573,stop,-21.276374071425153,-22.17637407142515,2023
21950,139.14899999999997,138.84875006412943,0.30024993587054855,2023-07-17,21949,21952,138.84875006412943,stop,-30.024993587053928,-30.924993587053926,2023
21987,139.26,138.98913237229203,0.2708676277079437,2023-07-19,21986,22009,139.2908416516388,stop,3.0841651638809253,2.184165163880925,2023
22023,140.319,140.05087863908372,0.26812136091625505,2023-07-20,22022,22028,140.05087863908372,stop,-26.812136091626826,-27.712136091626824,2023
22040,141.379,141.0979695689334,0.2810304310665876,2023-07-21,22039,22063,141.31305347417293,stop,-6.594652582705862,-7.4946525827058625,2023
22143,141.261,140.95146570825077,0.3095342917492167,2023-07-27,22142,22145,140.95146570825077,stop,-30.95342917492303,-31.85342917492303,2023
22178,141.559,141.13266989737082,0.4263301026291753,2023-07-31,22177,22221,142.80344625832313,stop,124.4446258323137,123.5446258323137,2023
22253,143.702,143.47778420419084,0.22421579580916262,2023-08-03,22252,22254,143.47778420419084,stop,-22.421579580915818,-23.321579580915817,2023
22321,143.01799999999997,142.82924182015043,0.1887581798495345,2023-08-08,22320,22369,143.774,time,75.60000000000286,74.70000000000286,2023
22393,144.82799999999997,144.6551706188273,0.17282938117266364,2023-08-11,22392,22396,144.6551706188273,stop,-17.282938117267577,-18.182938117267575,2023
22417,144.998,144.84996918790034,0.14803081209965116,2023-08-14,22416,22421,144.84996918790034,stop,-14.80308120996483,-15.70308120996483,2023
22441,145.44699999999997,145.29040512359288,0.156594876407088,2023-08-15,22440,22453,145.29040512359288,stop,-15.659487640709813,-16.55948764070981,2023
22477,145.87599999999998,145.7202808141789,0.15571918582107291,2023-08-16,22476,22478,145.7202808141789,stop,-15.571918582108424,-16.471918582108422,2023
22489,146.39999999999998,146.2394552270305,0.16054477296947908,2023-08-17,22488,22495,146.2394552270305,stop,-16.05447729694731,-16.95447729694731,2023
22546,145.77999999999997,145.5974678225604,0.18253217743957523,2023-08-21,22545,22563,145.90378842974346,stop,12.378842974348458,11.478842974348458,2023
22621,145.902,145.70439267093357,0.19760732906640147,2023-08-24,22620,22622,145.70439267093357,stop,-19.760732906641465,-20.660732906641464,2023
22633,146.046,145.8760776923739,0.16992230762607055,2023-08-25,22632,22644,145.8760776923739,stop,-16.992230762608074,-17.892230762608072,2023
22670,146.559,146.40836541512093,0.15063458487908113,2023-08-28,22669,22671,146.40836541512093,stop,-15.063458487907155,-15.963458487907156,2023
22691,146.791,146.65496837468598,0.13603162531402585,2023-08-29,22690,22694,146.71822767201735,stop,-7.277232798264777,-8.177232798264777,2023
22769,146.158,145.8798387530391,0.27816124696087,2023-09-01,22768,22817,147.776,time,161.80000000000234,160.90000000000234,2023
22825,147.78099999999998,147.60540910858305,0.1755908914169448,2023-09-06,22824,22826,147.60540910858305,stop,-17.559089141693107,-18.459089141693106,2023
22849,147.76799999999997,147.59900120985927,0.16899879014069857,2023-09-07,22848,22850,147.59900120985927,stop,-16.899879014070507,-17.799879014070505,2023
22933,147.131,146.94128795584353,0.18971204415646184,2023-09-12,22932,22961,147.20046314622292,stop,6.946314622291538,6.046314622291538,2023
22998,147.41,147.2567137807936,0.15328621920640711,2023-09-15,22997,23021,147.66087869864532,stop,25.08786986453231,24.18786986453231,2023
23047,147.84599999999998,147.74778082189866,0.09821917810131844,2023-09-19,23046,23048,147.645,stop,-20.0999999999965,-20.999999999996497,2023
23070,147.90599999999998,147.80755735916964,0.09844264083033223,2023-09-20,23069,23076,147.8184740492641,stop,-8.752595073588054,-9.652595073588055,2023
23089,148.414,148.25483662202805,0.15916337797193056,2023-09-21,23088,23090,148.25483662202805,stop,-15.916337797193592,-16.81633779719359,2023
23137,148.33999999999997,148.2106127171425,0.129387282857473,2023-09-25,23136,23168,148.76639470937022,stop,42.63947093702427,41.73947093702427,2023
23194,149.18099999999998,149.06798789272779,0.11301210727220357,2023-09-27,23193,23212,149.3284823750878,stop,14.748237508780448,13.848237508780448,2023
23257,149.69199999999998,149.5328375792558,0.15916242074416395,2023-10-02,23256,23294,149.5328375792558,stop,-15.916242074416687,-16.816242074416685,2023
23365,149.42499999999998,149.2463236744,0.17867632559996682,2023-10-06,23364,23366,149.2463236744,stop,-17.867632559998015,-18.767632559998013,2023
23439,149.14399999999998,148.97625235841167,0.167747641588306,2023-10-11,23438,23454,148.97625235841167,stop,-16.774764158830635,-17.674764158830634,2023
23461,149.45499999999998,149.29811791657863,0.15688208342135976,2023-10-12,23460,23484,149.4811929909253,stop,2.619299092532401,1.719299092532401,2023
23533,149.78099999999998,149.6114628799529,0.16953712004707494,2023-10-17,23532,23534,149.6114628799529,stop,-16.953712004706745,-17.853712004706743,2023
23559,149.79199999999997,149.67855345374883,0.113446546251132,2023-10-18,23558,23568,149.67855345374883,stop,-11.344654625114003,-12.244654625114004,2023
23585,149.743,149.6341476869826,0.10885231301740432,2023-10-19,23584,23600,149.65135811237738,stop,-9.16418876226146,-10.06418876226146,2023
23674,149.94299999999998,149.86980031118085,0.07319968881913745,2023-10-25,23673,23681,149.86980031118085,stop,-7.3199688819130415,-8.219968881913042,2023
23691,150.438,150.32952956614983,0.10847043385014409,2023-10-26,23690,23694,150.32952956614983,stop,-10.847043385015809,-11.74704338501581,2023
23764,149.903,149.69638061383284,0.20661938616715073,2023-10-31,23763,23794,151.15565736620977,stop,125.26573662097746,124.36573662097746,2023
23882,150.10399999999998,149.97175900534074,0.13224099465925448,2023-11-07,23881,23930,150.938,time,83.40000000000032,82.50000000000031,2023
23935,150.855,150.72979745099022,0.1252025490097696,2023-11-09,23934,23983,151.745,time,89.00000000000148,88.10000000000147,2023
24056,151.38299999999998,151.2317878747454,0.1512121252545729,2023-11-16,24055,24057,151.2317878747454,stop,-15.121212525457395,-16.021212525457393,2023
24150,148.76199999999997,148.50160035142918,0.2603996485707881,2023-11-22,24149,24170,149.12682854060748,stop,36.48285406075047,35.58285406075047,2023
24193,149.49599999999998,149.3405820655682,0.15541793443176521,2023-11-24,24192,24196,149.3405820655682,stop,-15.541793443176743,-16.441793443176742,2023
24303,148.375,148.06387854654432,0.3111214534556931,2023-11-30,24302,24304,147.833,stop,-54.20000000000016,-55.10000000000016,2023
24387,147.35199999999998,147.12982080694266,0.22217919305731734,2023-12-06,24386,24391,147.12982080694266,stop,-22.21791930573147,-23.11791930573147,2023
24457,145.351,144.9641821283864,0.38681787161359876,2023-12-11,24456,24480,145.7830785799123,stop,43.207857991231435,42.30785799123144,2023
24585,142.38899999999998,142.12925653840378,0.25974346159620326,2023-12-18,24584,24600,142.49147471213033,stop,10.247471213034487,9.347471213034487,2023
24603,143.672,143.37150548698983,0.30049451301016067,2023-12-19,24602,24604,143.37150548698983,stop,-30.04945130101646,-30.94945130101646,2023
24730,142.51199999999997,142.40538085505275,0.10661914494722921,2023-12-26,24729,24731,142.343,stop,-16.899999999998272,-17.79999999999827,2023
24745,142.718,142.57840147642722,0.13959852357277786,2023-12-27,24744,24746,142.57840147642722,stop,-13.959852357277214,-14.859852357277214,2023
24802,141.90699999999998,141.66610162424143,0.24089837575853995,2023-12-29,24801,24803,141.66610162424143,stop,-24.089837575854745,-24.989837575854743,2023
24841,141.15099999999998,141.068353003935,0.08264699606499533,2024-01-02,24840,24854,141.51773739972853,stop,36.673739972854946,35.77373997285495,2024
24872,142.426,142.2166732654478,0.20932673455217093,2024-01-03,24871,24888,142.89725247070908,stop,47.12524707090893,46.22524707090893,2024
24894,143.78599999999997,143.5120342618942,0.27396573810577957,2024-01-04,24893,24895,143.5120342618942,stop,-27.39657381057725,-28.29657381057725,2024
24913,144.808,144.58126395881965,0.22673604118033272,2024-01-05,24912,24926,145.06131942763972,stop,25.331942763972393,24.431942763972394,2024
24985,144.539,144.30097046232737,0.23802953767261467,2024-01-10,24984,25021,145.00930643518672,stop,47.03064351867283,46.130643518672834,2024
25066,145.671,145.4565108426958,0.21448915730418677,2024-01-15,25065,25114,147.753,time,208.19999999999936,207.29999999999936,2024
25154,148.36399999999998,148.16181447997894,0.20218552002104434,2024-01-19,25153,25160,148.16181447997894,stop,-20.21855200210325,-21.11855200210325,2024
25204,147.90099999999998,147.68608147984415,0.21491852015583016,2024-01-23,25203,25206,147.68608147984415,stop,-21.49185201558339,-22.39185201558339,2024
25282,147.84099999999998,147.63975166525503,0.20124833474494624,2024-01-26,25281,25283,147.63975166525503,stop,-20.124833474494608,-21.024833474494606,2024
25297,148.218,148.04485659365756,0.17314340634241937,2024-01-29,25296,25300,148.04485659365756,stop,-17.314340634243308,-18.214340634243307,2024
25406,147.976,147.69135516681104,0.2846448331889717,2024-02-02,25405,25445,148.38839765701522,stop,41.23976570152195,40.33976570152195,2024
25490,148.29899999999998,148.10551691425587,0.19348308574410325,2024-02-08,25489,25525,149.03284116614276,stop,73.38411661427813,72.48411661427812,2024
25563,149.47299999999998,149.34763331649157,0.12536668350841043,2024-02-13,25562,25572,149.34763331649157,stop,-12.536668350841751,-13.436668350841751,2024
25646,150.52599999999998,150.37052603414975,0.1554739658502346,2024-02-16,25645,25647,150.37052603414975,stop,-15.54739658502342,-16.44739658502342,2024
25681,150.279,150.18683522230737,0.09216477769262113,2024-02-20,25680,25690,150.18683522230737,stop,-9.216477769263065,-10.116477769263065,2024
25729,150.39999999999998,150.2763211926647,0.12367880733525458,2024-02-22,25728,25732,150.2763211926647,stop,-12.367880733526704,-13.267880733526704,2024
25762,150.756,150.6423063110557,0.11369368894429469,2024-02-23,25761,25764,150.6423063110557,stop,-11.369368894429499,-12.2693688944295,2024
25792,150.75699999999998,150.64212485118017,0.11487514881979413,2024-02-26,25791,25798,150.64212485118017,stop,-11.487514881980587,-12.387514881980588,2024
25829,150.631,150.51268344220696,0.11831655779304692,2024-02-28,25828,25849,150.51268344220696,stop,-11.831655779303674,-12.731655779303674,2024
25881,150.659,150.49074130500034,0.1682586949996578,2024-03-01,25880,25882,150.49074130500034,stop,-16.82586949996505,-17.72586949996505,2024
26043,147.42899999999997,147.22728970183968,0.20171029816029154,2024-03-12,26042,26046,147.22728970183968,stop,-20.171029816029318,-21.071029816029316,2024
26102,148.004,147.7982515519963,0.20574844800369527,2024-03-14,26101,26118,148.15150776903454,stop,14.750776903454721,13.85077690345472,2024
26137,149.291,149.13749839783605,0.15350160216393963,2024-03-18,26136,26138,149.13749839783605,stop,-15.350160216394215,-16.250160216394214,2024
26162,149.307,149.17193790646564,0.1350620935343411,2024-03-19,26161,26163,149.17193790646564,stop,-13.506209353434429,-14.406209353434429,2024
26185,151.164,150.96174421507544,0.20225578492454083,2024-03-20,26184,26202,151.17067733788735,stop,0.6677337887367685,-0.23226621126323166,2024
26234,151.789,151.5912428302464,0.19775716975361185,2024-03-22,26233,26235,151.5912428302464,stop,-19.77571697536007,-20.675716975360068,2024
26296,151.589,151.46834627349847,0.1206537265015166,2024-03-26,26295,26297,151.46834627349847,stop,-12.065372650152995,-12.965372650152995,2024
26306,151.738,151.62063974979242,0.11736025020758241,2024-03-27,26305,26307,151.62063974979242,stop,-11.736025020758234,-12.636025020758234,2024
26390,151.58499999999998,151.50238490331768,0.08261509668230563,2024-04-01,26389,26400,151.50632834568057,stop,-7.867165431940748,-8.767165431940748,2024
26402,151.783,151.69022067842494,0.09277932157506107,2024-04-02,26401,26403,151.68,stop,-10.299999999998022,-11.199999999998022,2024
26437,151.857,151.7720017408617,0.08499825913828891,2024-04-03,26436,26438,151.7720017408617,stop,-8.49982591383025,-9.39982591383025,2024
26497,151.72,151.6073744496675,0.11262555033249513,2024-04-08,26496,26534,151.67429150524006,stop,-4.570849475993555,-5.470849475993555,2024
26557,152.39299999999997,152.2813558478943,0.11164415210566135,2024-04-10,26556,26604,152.94165783749858,stop,54.86578374986095,53.965783749860954,2024
26617,153.469,153.33659437906823,0.13240562093176683,2024-04-15,26616,26653,154.11829289078412,stop,64.92928907841247,64.02928907841246,2024
26737,154.682,154.56323480093243,0.11876519906754271,2024-04-22,26736,26773,154.60301848130393,stop,-7.898151869605385,-8.798151869605386,2024
26790,154.881,154.80592798405223,0.07507201594777209,2024-04-24,26789,26791,154.80592798405223,stop,-7.507201594776802,-8.407201594776803,2024
26809,155.384,155.27110656980594,0.11289343019404817,2024-04-25,26808,26820,155.3427962265944,stop,-4.120377340558434,-5.020377340558435,2024
26836,155.952,155.79148962078858,0.16051037921141353,2024-04-26,26835,26840,155.8592876727598,stop,-9.271232724020706,-10.171232724020706,2024
26858,159.176,158.7982064276271,0.3777935723728984,2024-04-29,26857,26860,158.7982064276271,stop,-37.779357237289446,-38.679357237289445,2024
26905,157.75199999999998,157.50293438307523,0.24906561692476276,2024-05-01,26904,26918,157.50293438307523,stop,-24.906561692475293,-25.80656169247529,2024
26977,153.42,153.1132018249441,0.3067981750558789,2024-05-06,26976,27025,155.135,time,171.50000000000034,170.60000000000034,2024
27049,155.63299999999998,155.4444781350812,0.18852186491878567,2024-05-09,27048,27062,155.4444781350812,stop,-18.852186491878342,-19.75218649187834,2024
27097,155.93599999999998,155.82731410888556,0.10868589111443197,2024-05-13,27096,27098,155.82731410888556,stop,-10.868589111441906,-11.768589111441907,2024
27121,156.303,156.19110187129345,0.11189812870653182,2024-05-14,27120,27133,156.35022564108746,stop,4.7225641087464965,3.822564108746496,2024
27193,155.45399999999998,155.23556832597737,0.2184316740226235,2024-05-17,27192,27206,155.3880328984662,stop,-6.596710153377217,-7.496710153377217,2024
27229,156.16,155.99827383355083,0.1617261664491593,2024-05-20,27228,27230,155.99827383355083,stop,-16.17261664491707,-17.07261664491707,2024
27241,156.438,156.31020084996487,0.1277991500351123,2024-05-21,27240,27245,156.31020084996487,stop,-12.779915003511633,-13.679915003511633,2024
27276,156.59199999999998,156.46314490280386,0.12885509719611096,2024-05-22,27275,27277,156.46314490280386,stop,-12.885509719612287,-13.785509719612287,2024
27290,156.75199999999998,156.62405447788294,0.1279455221170407,2024-05-23,27289,27294,156.62405447788294,stop,-12.794552211704513,-13.694552211704513,2024
27370,156.95,156.84201591655426,0.107984083445742,2024-05-28,27369,27371,156.84201591655426,stop,-10.798408344572863,-11.698408344572863,2024
27385,157.384,157.2722948107699,0.11170518923009785,2024-05-29,27384,27386,157.247,stop,-13.699999999997203,-14.599999999997204,2024
27460,157.42999999999998,157.2602499831157,0.16975001688428032,2024-06-03,27459,27462,157.2602499831157,stop,-16.975001688427938,-17.875001688427936,2024
27519,156.32299999999998,156.027472506589,0.2955274934109724,2024-06-05,27518,27525,156.027472506589,stop,-29.55274934109866,-30.45274934109866,2024
27565,156.78599999999997,156.46051224229916,0.325487757700806,2024-06-07,27564,27567,156.46051224229916,stop,-32.548775770081306,-33.448775770081305,2024
27580,157.158,156.94384158158618,0.21415841841380323,2024-06-10,27579,27583,156.94384158158618,stop,-21.415841841380256,-22.315841841380255,2024
27601,157.22199999999998,157.07757500026096,0.14442499973902959,2024-06-11,27600,27611,157.07757500026096,stop,-14.44249997390159,-15.34249997390159,2024
27674,157.26399999999998,157.08043727156482,0.18356272843517699,2024-06-14,27673,27675,157.08043727156482,stop,-18.356272843516308,-19.256272843516307,2024
27727,157.97299999999998,157.83432308689785,0.13867691310212457,2024-06-18,27726,27732,157.83432308689785,stop,-13.867691310213104,-14.767691310213104,2024
27772,158.087,157.98302417460113,0.10397582539886166,2024-06-20,27771,27799,158.70963530586008,stop,62.26353058600864,61.36353058600864,2024
27817,159.80499999999998,159.67137615789233,0.13362384210766345,2024-06-24,27816,27818,159.67137615789233,stop,-13.362384210765299,-14.2623842107653,2024
27865,159.72699999999998,159.61219547713887,0.1148045228610944,2024-06-26,27864,27891,160.3933266574351,stop,66.63266574351212,65.73266574351211,2024
27913,161.13,160.9757135832217,0.15428641677828495,2024-06-28,27912,27914,160.9757135832217,stop,-15.428641677829091,-16.32864167782909,2024
27949,161.362,161.20510124206365,0.1568987579363467,2024-07-01,27948,27950,161.20510124206365,stop,-15.689875793634656,-16.589875793634654,2024
27965,161.68499999999997,161.536870644868,0.14812935513196773,2024-07-02,27964,27972,161.536870644868,stop,-14.81293551319709,-15.71293551319709,2024
27990,161.87599999999998,161.75551474354043,0.12048525645954238,2024-07-03,27989,27991,161.75551474354043,stop,-12.048525645954555,-12.948525645954556,2024
28083,161.01199999999997,160.8632270981868,0.148772901813181,2024-07-09,28082,28086,160.8632270981868,stop,-14.877290181317449,-15.777290181317449,2024
28106,161.546,161.41228808458735,0.133711915412637,2024-07-10,28105,28107,161.41228808458735,stop,-13.371191541264693,-14.271191541264693,2024
28201,158.37099999999998,158.12820646940193,0.24279353059805125,2024-07-16,28200,28221,158.307,stop,-6.399999999999295,-7.2999999999992955,2024
28273,157.22,156.97251863240263,0.24748136759737638,2024-07-19,28272,28279,156.97251863240263,stop,-24.74813675973735,-25.648136759737348,2024
28401,154.30599999999998,153.88943212126355,0.41656787873642376,2024-07-26,28400,28405,153.88943212126355,stop,-41.656787873643,-42.556787873642996,2024
28445,154.445,154.1826166883661,0.26238331163390727,2024-07-30,28444,28453,154.29718576750736,stop,-14.781423249263526,-15.681423249263526,2024
28561,145.051,144.16760534179696,0.8833946582030425,2024-08-06,28560,28573,144.16760534179696,stop,-88.33946582030308,-89.23946582030308,2024
28586,146.738,145.94033589807756,0.7976641019224433,2024-08-07,28585,28607,146.18848216205348,stop,-54.95178379465244,-55.85178379465244,2024
28670,147.785,147.53239951388966,0.25260048611034014,2024-08-12,28669,28671,147.53239951388966,stop,-25.26004861103388,-26.16004861103388,2024
28730,147.52599999999998,147.2433907726437,0.2826092273562815,2024-08-15,28729,28732,147.2433907726437,stop,-28.260922735628924,-29.160922735628922,2024
28921,144.85399999999998,144.57443253280897,0.2795674671910019,2024-08-27,28920,28925,144.57443253280897,stop,-27.95674671910149,-28.856746719101487,2024
28981,145.402,145.10683469958425,0.295165300415738,2024-08-29,28980,28983,145.10683469958425,stop,-29.51653004157322,-30.416530041573218,2024
29005,145.642,145.410797485264,0.23120251473598746,2024-08-30,29004,29006,145.410797485264,stop,-23.12025147359975,-24.02025147359975,2024
29017,146.19699999999997,145.9921283787871,0.20487162121285968,2024-09-02,29016,29018,145.9921283787871,stop,-20.487162121287383,-21.387162121287382,2024
29041,147.13,146.92879491982782,0.20120508017216907,2024-09-03,29040,29042,146.615,stop,-51.499999999998636,-52.399999999998634,2024
29209,142.694,142.3600967444357,0.33390325556426764,2024-09-12,29208,29210,142.3600967444357,stop,-33.390325556428024,-34.29032555642802,2024
29294,141.59199999999998,141.27348781094747,0.31851218905251893,2024-09-17,29293,29305,141.54080787449132,stop,-5.119212550866337,-6.019212550866337,2024
29324,142.44799999999998,142.00179700380758,0.4462029961923898,2024-09-18,29323,29326,142.00179700380758,stop,-44.620299619239745,-45.52029961923974,2024
29329,143.498,143.03677037085504,0.46122962914496435,2024-09-19,29328,29331,143.03677037085504,stop,-46.12296291449525,-47.022962914495245,2024
29363,144.267,143.81600276253357,0.45099723746643683,2024-09-20,29362,29364,143.81600276253357,stop,-45.09972374664244,-45.99972374664244,2024
29407,144.438,144.13144675953535,0.30655324046463467,2024-09-24,29406,29410,144.13144675953535,stop,-30.65532404646376,-31.55532404646376,2024
29442,144.56099999999998,144.27923994346443,0.2817600565355511,2024-09-25,29441,29459,144.32944963962228,stop,-23.155036037769605,-24.055036037769604,2024
29473,145.47,145.16445480215305,0.30554519784696,2024-09-27,29472,29474,145.16445480215305,stop,-30.554519784695344,-31.454519784695343,2024
29521,143.97299999999998,143.63830942839627,0.3346905716037198,2024-10-01,29520,29529,143.63830942839627,stop,-33.46905716037156,-34.36905716037156,2024
29555,144.802,144.44342002404642,0.3585799759535887,2024-10-02,29554,29594,146.4929784694041,stop,169.0978469404115,168.1978469404115,2024
29605,148.65699999999998,148.28416217283603,0.3728378271639374,2024-10-04,29604,29618,148.28416217283603,stop,-37.28378271639485,-38.18378271639485,2024
29666,148.183,147.95452325479704,0.22847674520296654,2024-10-09,29665,29695,148.92502147089914,stop,74.20214708991466,73.30214708991465,2024
29737,149.225,149.05905499651396,0.1659450034860428,2024-10-14,29736,29760,149.54732021035932,stop,32.232021035932235,31.332021035932236,2024
29801,149.753,149.5227567095015,0.23024329049848807,2024-10-16,29800,29806,149.5227567095015,stop,-23.024329049849257,-23.924329049849256,2024
29817,149.843,149.66785546954645,0.17514453045353853,2024-10-17,29816,29818,149.639,stop,-20.39999999999793,-21.29999999999793,2024
29871,150.24499999999998,150.05274875592013,0.19225124407985114,2024-10-21,29870,29919,152.82,time,257.5000000000017,256.6000000000017,2024
29977,153.47299999999998,153.22665631244263,0.24634368755734637,2024-10-28,29976,29983,153.22665631244263,stop,-24.634368755735636,-25.534368755735635,2024
30049,153.534,153.29121067553396,0.242789324466031,2024-10-31,30048,30050,153.29121067553396,stop,-24.278932446603108,-25.178932446603106,2024
30121,152.289,152.06066104492297,0.22833895507701316,2024-11-05,30120,30133,152.06066104492297,stop,-22.833895507702096,-23.733895507702094,2024
30145,152.92399999999998,152.57233831114775,0.35166168885223453,2024-11-06,30144,30175,153.72410695144887,stop,80.01069514488961,79.1106951448896,2024
30219,153.397,153.13429933518307,0.2627006648169158,2024-11-11,30218,30245,153.43783765328018,stop,4.08376532801924,3.1837653280192395,2024
30265,154.94,154.73584584570784,0.2041541542921464,2024-11-13,30264,30266,154.602,stop,-33.799999999999386,-34.699999999999385,2024
30289,155.726,155.48402744071606,0.24197255928393327,2024-11-14,30288,30319,155.90697650116334,stop,18.097650116334307,17.19765011633431,2024
30385,154.927,154.5976673584859,0.32933264151408886,2024-11-20,30384,30408,155.12609911129866,stop,19.909911129866487,19.009911129866488,2024
30632,150.391,150.07340891275035,0.317591087249634,2024-12-04,30631,30640,150.19820500872305,stop,-19.279499127694066,-20.179499127694065,2024
30683,150.581,150.3268605145565,0.2541394854434829,2024-12-06,30682,30685,150.3268605145565,stop,-25.41394854434884,-26.31394854434884,2024
30709,150.77599999999998,150.55888557501632,0.21711442498366565,2024-12-09,30708,30746,151.5834798100493,stop,80.74798100493297,79.84798100493296,2024
30754,152.68699999999998,152.36677279987464,0.32022720012534006,2024-12-11,30753,30757,152.36677279987464,stop,-32.02272001253448,-32.92272001253448,2024
30793,152.82999999999998,152.5700457095862,0.2599542904137957,2024-12-13,30792,30841,154.095,time,126.50000000000148,125.60000000000147,2024
30884,154.65499999999997,154.40494972659195,0.250050273408026,2024-12-18,30883,30915,156.86978943334205,stop,221.47894333420766,220.57894333420765,2024
30961,157.319,157.13698306388386,0.18201693611613992,2024-12-24,30960,30962,157.128,stop,-19.10000000000025,-20.00000000000025,2024
31009,157.33399999999997,157.23610839791772,0.09789160208224802,2024-12-26,31008,31031,157.70628800266198,stop,37.228800266200324,36.328800266200325,2024
31057,157.952,157.79426226421313,0.15773773578687988,2024-12-30,31056,31058,157.792,stop,-15.999999999999659,-16.899999999999658,2024
31128,157.70899999999997,157.62709995206438,0.081900047935593,2025-01-02,31127,31129,157.427,stop,-28.199999999998226,-29.099999999998225,2025
31146,157.57299999999998,157.28285969009337,0.2901403099065951,2025-01-02,31145,31152,157.28285969009337,stop,-29.014030990660444,-29.914030990660443,2025
31177,157.595,157.38330476946936,0.21169523053064496,2025-01-06,31176,31187,157.38330476946936,stop,-21.1695230530637,-22.069523053063698,2025
31201,158.10899999999998,157.8294024496138,0.2795975503861688,2025-01-07,31200,31205,157.8294024496138,stop,-27.959755038617118,-28.859755038617116,2025
31236,158.38199999999998,158.16277851053337,0.21922148946660489,2025-01-08,31235,31238,158.16277851053337,stop,-21.922148946660514,-22.822148946660512,2025
31277,158.39499999999998,158.22750821916011,0.16749178083986532,2025-01-10,31276,31280,158.22750821916011,stop,-16.74917808398675,-17.649178083986747,2025
31322,157.444,157.08742827386266,0.3565717261373308,2025-01-14,31321,31349,157.4630331159542,stop,1.9033115954215418,1.0033115954215417,2025
31427,156.38,156.1585504816889,0.22144951831109658,2025-01-20,31426,31429,156.1585504816889,stop,-22.144951831108983,-23.044951831108982,2025
31480,156.40599999999998,156.13309969964408,0.27290030035591084,2025-01-22,31479,31501,156.13899472235184,stop,-26.70052776481384,-27.60052776481384,2025
31651,155.146,154.8550910841598,0.29090891584018613,2025-01-31,31650,31665,155.0165625317936,stop,-12.943746820639035,-13.843746820639035,2025
31785,152.396,152.1039311316095,0.2920688683904756,2025-02-10,31784,31786,152.1039311316095,stop,-29.206886839048707,-30.106886839048705,2025
31816,152.499,152.2834294894021,0.2155705105979104,2025-02-11,31815,31854,153.99997748378692,stop,150.0977483786926,149.19774837869258,2025
31925,152.15099999999998,151.96712522205797,0.18387477794199644,2025-02-18,31924,31926,151.96712522205797,stop,-18.38747779420089,-19.28747779420089,2025
31947,152.03799999999998,151.82860098893232,0.20939901106765055,2025-02-19,31946,31948,151.82860098893232,stop,-20.939901106766,-21.839901106766,2025
32041,150.15499999999997,149.91232211602744,0.24267788397252996,2025-02-25,32040,32042,149.91232211602744,stop,-24.267788397253298,-25.167788397253297,2025
32098,149.85299999999998,149.56902820583068,0.28397179416931306,2025-02-27,32097,32100,149.56902820583068,stop,-28.397179416930385,-29.297179416930383,2025
32120,150.44099999999997,150.09771483186844,0.34328516813153953,2025-02-28,32119,32144,150.15056965330092,stop,-29.04303466990541,-29.94303466990541,2025
32148,151.21599999999998,150.89805327117372,0.3179467288262674,2025-03-03,32147,32150,150.89805327117372,stop,-31.79467288262572,-32.69467288262572,2025
32186,149.98,149.58004794058888,0.3999520594110974,2025-03-05,32185,32190,149.58004794058888,stop,-39.99520594111061,-40.89520594111061,2025
32293,147.77499999999998,147.4266156868744,0.34838431312555457,2025-03-11,32292,32294,147.4266156868744,stop,-34.838431312556395,-35.73843131255639,2025
32305,148.14,147.79781241982334,0.3421875801766459,2025-03-12,32304,32321,148.1346775043557,stop,-0.5322495644293213,-1.4322495644293214,2025
32354,148.18099999999998,147.9157414319196,0.26525856808038667,2025-03-14,32353,32387,148.41830732056408,stop,23.73073205640992,22.83073205640992,2025
32401,149.469,149.23762075462065,0.23137924537935745,2025-03-18,32400,32417,149.23762075462065,stop,-23.137924537934396,-24.037924537934394,2025
32431,149.67299999999997,149.42617690481038,0.24682309518960444,2025-03-19,32430,32432,149.276,stop,-39.699999999996294,-40.59999999999629,2025
32473,148.998,148.76934252830574,0.22865747169423617,2025-03-21,32472,32483,148.91204514863267,stop,-8.595485136731895,-9.495485136731896,2025
32497,149.74599999999998,149.53802671194114,0.20797328805882562,2025-03-24,32496,32502,149.53802671194114,stop,-20.797328805883808,-21.697328805883807,2025
32521,150.94,150.74789388468503,0.1921061153149736,2025-03-25,32520,32522,150.668,stop,-27.199999999999136,-28.099999999999135,2025
32578,150.93699999999998,150.7186279206827,0.21837207931727814,2025-03-27,32577,32580,150.7186279206827,stop,-21.837207931727676,-22.737207931727674,2025
32593,150.969,150.75741210470198,0.21158789529801586,2025-03-28,32592,32594,150.756,stop,-21.299999999999386,-22.199999999999385,2025
32671,149.767,149.55275185945126,0.2142481405487397,2025-04-02,32670,32672,149.55275185945126,stop,-21.42481405487331,-22.324814054873308,2025
32751,147.575,146.94813969970372,0.6268603002962749,2025-04-07,32750,32770,146.94813969970372,stop,-62.686030029627204,-63.5860300296272,2025
32803,147.45499999999998,146.72217152948136,0.73282847051864,2025-04-09,32802,32808,146.72217152948136,stop,-73.28284705186263,-74.18284705186264,2025
33020,141.617,141.30683156736112,0.3101684326388745,2025-04-22,33019,33025,141.93860828468956,stop,32.16082846895745,31.26082846895745,2025
33042,143.24599999999998,142.8006075233727,0.44539247662729026,2025-04-23,33041,33049,142.8006075233727,stop,-44.53924766272905,-45.43924766272905,2025
33076,143.652,143.36667638438985,0.2853236156101414,2025-04-25,33075,33079,143.36667638438985,stop,-28.532361561013886,-29.432361561013884,2025
33152,142.814,142.59193278461774,0.2220672153822454,2025-04-30,33151,33158,142.59193278461774,stop,-22.206721538225338,-23.106721538225337,2025
33170,143.208,142.97987409740708,0.2281259025929214,2025-05-01,33169,33171,142.97987409740708,stop,-22.812590259292165,-23.712590259292163,2025
33193,145.879,145.56054864791906,0.31845135208091385,2025-05-02,33192,33194,145.434,stop,-44.49999999999932,-45.39999999999932,2025
33294,143.933,143.64845046345866,0.2845495365413324,2025-05-08,33293,33318,145.3008425760859,stop,136.78425760859056,135.88425760859056,2025
33338,146.101,145.84875461472538,0.2522453852746232,2025-05-12,33337,33339,145.84875461472538,stop,-25.22453852746196,-26.124538527461958,2025
33481,145.279,145.05381648172155,0.22518351827844613,2025-05-20,33480,33482,144.896,stop,-38.30000000000098,-39.200000000000976,2025
33606,143.26899999999998,143.04175007855483,0.22724992144515058,2025-05-27,33605,33624,143.85390699140694,stop,58.490699140696734,57.590699140696735,2025
33626,144.35299999999998,144.1168283544831,0.23617164551690123,2025-05-28,33625,33631,144.1168283544831,stop,-23.61716455168903,-24.517164551689028,2025
33649,146.10399999999998,145.79510597660558,0.3088940233944046,2025-05-29,33648,33650,145.776,stop,-32.79999999999745,-33.69999999999745,2025
33735,143.77999999999997,143.52064337842705,0.25935662157292455,2025-06-03,33734,33756,143.52064337842705,stop,-25.935662157291972,-26.83566215729197,2025
33798,143.874,143.61163661475877,0.2623633852412342,2025-06-06,33797,33818,144.41912956838127,stop,54.512956838127025,53.612956838127026,2025
33842,145.01999999999998,144.8053996473358,0.2146003526641711,2025-06-10,33841,33843,144.8053996473358,stop,-21.460035266417776,-22.360035266417775,2025
33876,145.289,145.0938534097525,0.1951465902474648,2025-06-11,33875,33877,144.728,stop,-56.09999999999786,-56.99999999999786,2025
33923,144.362,144.0456512636388,0.31634873636120064,2025-06-13,33922,33926,144.0456512636388,stop,-31.63487363611921,-32.53487363611921,2025
33937,144.38,144.14078335397693,0.2392166460230572,2025-06-16,33936,33941,144.14078335397693,stop,-23.92166460230669,-24.82166460230669,2025
33961,145.06699999999998,144.82569328971803,0.24130671028194198,2025-06-17,33960,33962,144.82569328971803,stop,-24.130671028194683,-25.030671028194682,2025
33985,145.32399999999998,145.0817711787821,0.24222882121788888,2025-06-18,33984,33987,145.0817711787821,stop,-24.222882121787848,-25.122882121787846,2025
34018,145.45,145.24134814099986,0.20865185900013733,2025-06-19,34017,34031,145.24134814099986,stop,-20.86518590001276,-21.76518590001276,2025
34046,145.755,145.5681303755865,0.1868696244135144,2025-06-20,34045,34069,147.2212115600548,stop,146.6211560054802,145.7211560054802,2025
34118,145.86999999999998,145.64565506123958,0.22434493876038228,2025-06-25,34117,34119,145.64565506123958,stop,-22.434493876039596,-23.334493876039595,2025
34232,143.90699999999998,143.67609270760667,0.23090729239330646,2025-07-02,34231,34236,143.67609270760667,stop,-23.090729239331154,-23.990729239331152,2025
34261,145.011,144.7407397811387,0.27026021886130613,2025-07-03,34260,34262,144.7407397811387,stop,-27.02602188612957,-27.92602188612957,2025
34299,144.825,144.67038425204493,0.15461574795507266,2025-07-07,34298,34347,147.103,time,227.800000000002,226.900000000002,2025
34394,146.779,146.57793882672104,0.2010611732789607,2025-07-11,34393,34416,146.98348334790182,stop,20.4483347901828,19.5483347901828,2025
34432,147.701,147.4996504426748,0.20134955732519802,2025-07-14,34431,34476,148.5418481214209,stop,84.08481214209189,83.18481214209189,2025
34631,147.065,146.84408086034287,0.22091913965711613,2025-07-24,34630,34637,146.84408086034287,stop,-22.091913965712706,-22.991913965712705,2025
34659,147.84099999999998,147.65904724460407,0.18195275539592265,2025-07-28,34658,34660,147.65904724460407,stop,-18.195275539591194,-19.095275539591192,2025
34681,148.695,148.50625407603036,0.18874592396962472,2025-07-29,34680,34682,148.50625407603036,stop,-18.874592396963408,-19.774592396963406,2025
34717,148.85999999999999,148.60984746604842,0.2501525339515523,2025-07-30,34716,34722,148.60984746604842,stop,-25.01525339515638,-25.915253395156377,2025
34736,149.404,149.0946367833764,0.30936321662361904,2025-07-31,34735,34764,149.8731711258874,stop,46.91711258874136,46.01711258874136,2025
34833,147.819,147.62274983610197,0.19625016389802089,2025-08-06,34832,34834,147.62274983610197,stop,-19.62501638980143,-20.52501638980143,2025
34882,147.718,147.46565939782994,0.2523406021700499,2025-08-08,34881,34899,147.46565939782994,stop,-25.234060217005094,-26.134060217005093,2025
34908,147.875,147.71202801142468,0.16297198857533016,2025-08-11,34907,34932,147.92128071487764,stop,4.628071487763918,3.728071487763918,2025
35029,147.73299999999998,147.54278335176295,0.19021664823703296,2025-08-18,35028,35047,147.56822541697144,stop,-16.477458302853165,-17.377458302853164,2025
35099,147.85299999999998,147.6759109406942,0.1770890593057819,2025-08-21,35098,35100,147.6759109406942,stop,-17.708905930578567,-18.608905930578565,2025
35113,148.48399999999998,148.30883784692915,0.1751621530708317,2025-08-22,35112,35126,148.30883784692915,stop,-17.516215307082916,-18.416215307082915,2025
35189,147.951,147.7772325242741,0.17376747572588416,2025-08-27,35188,35190,147.7772325242741,stop,-17.37674757258958,-18.276747572589578,2025
35282,147.54899999999998,147.39722271320164,0.15177728679832278,2025-09-02,35281,35294,148.10929050788192,stop,56.02905078819447,55.12905078819447,2025
35312,148.744,148.50614834767572,0.23785165232429328,2025-09-03,35311,35313,148.50614834767572,stop,-23.785165232428085,-24.685165232428083,2025
35377,148.34599999999998,148.10215017294092,0.2438498270590516,2025-09-08,35376,35378,148.10215017294092,stop,-24.384982705905145,-25.284982705905144,2025
35425,147.432,147.23322223833227,0.1987777616677117,2025-09-10,35424,35436,147.23322223833227,stop,-19.877776166771355,-20.777776166771353,2025
35455,147.73299999999998,147.58544839871269,0.14755160128729033,2025-09-11,35454,35460,147.58544839871269,stop,-14.755160128729017,-15.655160128729017,2025
35570,147.033,146.79607211268294,0.23692788731705475,2025-09-18,35569,35595,147.60848293564075,stop,57.5482935640764,56.648293564076404,2025
35605,148.16799999999998,147.9243547933799,0.24364520662008074,2025-09-19,35604,35606,147.834,stop,-33.399999999997476,-34.299999999997475,2025
35619,148.361,148.19559325297098,0.1654067470290171,2025-09-22,35618,35622,148.19559325297098,stop,-16.540674702901015,-17.440674702901013,2025
35669,147.91299999999998,147.77190630025643,0.14109369974354566,2025-09-24,35668,35717,149.71,time,179.70000000000255,178.80000000000254,2025
35834,147.521,147.3262015383803,0.19479846161968342,2025-10-03,35833,35840,147.3262015383803,stop,-19.47984616196834,-20.379846161968338,2025
35857,149.71499999999997,149.40771727583925,0.30728272416073166,2025-10-06,35856,35905,152.6,time,288.50000000000193,287.60000000000196,2025
35935,152.98499999999999,152.74866880512872,0.2363311948712772,2025-10-09,35934,35937,152.74866880512872,stop,-23.63311948712692,-24.533119487126918,2025
36001,152.474,152.28804080412348,0.18595919587650006,2025-10-14,36000,36003,152.28804080412348,stop,-18.595919587650656,-19.495919587650654,2025
36097,150.91699999999997,150.71751153023195,0.19948846976802379,2025-10-20,36096,36099,150.71751153023195,stop,-19.94884697680277,-20.84884697680277,2025
36125,151.08599999999998,150.86806580152512,0.21793419847487247,2025-10-21,36124,36145,151.52454386025946,stop,43.85438602594718,42.95438602594718,2025
36169,152.16299999999998,151.97948570521308,0.18351429478691214,2025-10-23,36168,36204,152.49140449812273,stop,32.8404498122751,31.940449812275098,2025
36217,152.897,152.74458511707957,0.15241488292041394,2025-10-27,36216,36224,152.74458511707957,stop,-15.241488292042504,-16.141488292042503,2025
36283,152.83399999999997,152.5517348126833,0.2822651873166865,2025-10-29,36282,36288,152.5517348126833,stop,-28.226518731668193,-29.12651873166819,2025
36292,152.969,152.65354271092832,0.3154572890716671,2025-10-30,36291,36313,153.73270250410062,stop,76.37025041006211,75.4702504100621,2025
36361,154.349,154.23221196668663,0.116788033313348,2025-11-04,36360,36362,154.23221196668663,stop,-11.67880333133553,-12.57880333133553,2025
36457,153.862,153.6487020530426,0.21329794695738385,2025-11-10,36456,36493,153.9617730843031,stop,9.977308430310927,9.077308430310927,2025
36509,154.75,154.5883877676266,0.16161223237339453,2025-11-12,36508,36510,154.5883877676266,stop,-16.161223237338618,-17.061223237338616,2025
36580,154.726,154.55254218824263,0.17345781175738123,2025-11-17,36579,36604,154.9029942734165,stop,17.69942734165113,16.799427341651132,2025
36634,155.963,155.7801253136849,0.1828746863150961,2025-11-19,36633,36676,157.18632068814838,stop,122.33206881483909,121.43206881483908,2025
36793,156.456,156.30689570509915,0.14910429490085056,2025-11-28,36792,36794,156.30689570509915,stop,-14.910429490083743,-15.810429490083743,2025
36849,156.00099999999998,155.83139524042966,0.1696047595703087,2025-12-02,36848,36855,155.83139524042966,stop,-16.960475957031917,-17.860475957031916,2025
36946,155.48399999999998,155.3234323861286,0.16056761387140414,2025-12-08,36945,36994,156.77,time,128.60000000000298,127.70000000000297,2025
37109,155.14499999999998,154.92859235600503,0.2164076439949685,2025-12-17,37108,37141,155.4391847274774,stop,29.418472747741475,28.518472747741477,2025
37156,155.88199999999998,155.68440826038056,0.19759173961941554,2025-12-19,37155,37189,157.1920020358891,stop,131.0002035889113,130.10020358891128,2025
37273,156.414,156.29321458761802,0.1207854123819766,2025-12-26,37272,37274,156.28,stop,-13.399999999998613,-14.299999999998613,2025
