entry_i,exit_i,exit_px,reason,sig_i,entry_fill,gross_pips,net_pips,r_mult,stop_pips
32,36,108.75887625582433,stop,31,108.795,-2.7123744175668207,-3.6123744175668207,-0.9999999999998385,3.612374417567404
112,117,108.50867427021228,stop,111,108.615,-9.732572978771259,-10.63257297877126,-1.0000000000000413,10.632572978770819
131,179,109.622,time,130,108.686,94.49999999999932,93.59999999999931,5.408049724119657,17.30753317273463
201,249,109.868,time,200,109.7,17.69999999999925,16.79999999999925,2.926802906640424,5.74005170005909
273,273,109.98318712725772,stop,272,110.046,-5.381287274228441,-6.281287274228442,-1.0000000000000735,6.28128727422798
289,289,110.19970643140547,stop,288,110.27,-6.129356859452173,-7.029356859452173,-0.9999999999999577,7.029356859452471
448,463,109.03371462661373,stop,447,109.151,-10.828537338626631,-11.728537338626632,-0.9999999999999903,11.728537338626746
505,513,108.93389425411812,stop,504,109.06,-11.71057458818865,-12.61057458818865,-0.9999999999999472,12.610574588189316
558,606,109.901,time,557,108.823,108.70000000000033,107.80000000000032,9.635062332771211,11.188303331816138
675,685,109.81030873633605,stop,674,109.885,-6.569126366395039,-7.46912636639504,-1.000000000000071,7.469126366394509
705,705,110.03927745291477,stop,704,110.116,-6.772254708522496,-7.672254708522496,-0.999999999999931,7.672254708523026
783,789,109.87741592864045,stop,782,109.924,-3.7584071359560767,-4.658407135956077,-1.0000000000001117,4.6584071359555566
817,865,112.006,time,816,109.92,209.4999999999999,208.59999999999988,31.95901593380168,6.527109609134511
1158,1159,104.16263612698835,stop,1157,104.711,-53.93638730116521,-54.83638730116521,-1.000000000000004,54.83638730116499
1215,1223,104.56529480992367,stop,1214,105.071,-49.67051900763266,-50.57051900763266,-1.0000000000000122,50.57051900763204
1233,1260,105.35326597853627,stop,1232,105.852,-48.973402146373246,-49.873402146373245,-0.9999999999999972,49.87340214637339
1288,1301,106.9569092738187,stop,1287,107.418,-45.209072618131074,-46.10907261813107,-1.0000000000000147,46.1090726181304
1310,1358,110.892,time,1309,107.965,293.5999999999993,292.6999999999993,8.255868412634843,35.45356894885207
1360,1364,110.84279291368517,stop,1359,111.308,-45.62070863148335,-46.52070863148335,-1.0000000000000084,46.52070863148296
1385,1391,110.78588585998895,stop,1384,111.232,-43.71141400110474,-44.61141400110474,-0.9999999999999931,44.61141400110505
1409,1414,111.11404558868215,stop,1408,111.488,-36.495441131785356,-37.395441131785354,-1.000000000000006,37.39544113178513
1513,1516,108.20946253004163,stop,1512,108.533,-31.453746995836696,-32.353746995836694,-1.0000000000000049,32.35374699583654
1575,1575,107.68936383153542,stop,1574,107.946,-24.763616846458092,-25.66361684645809,-0.9999999999999813,25.66361684645857
1592,1640,108.872,time,1591,108.23,65.09999999999962,64.19999999999962,2.9853445592530816,21.505055354837214
1790,1790,107.68670016035942,stop,1789,107.847,-15.129983964057203,-16.0299839640572,-0.999999999999999,16.029983964057216
1802,1806,107.72655997741357,stop,1801,107.9,-16.44400225864331,-17.344002258643307,-1.0000000000000226,17.344002258642917
1910,1913,107.72866360221117,stop,1909,107.856,-11.833639778882343,-12.733639778882344,-1.000000000000033,12.733639778881923
1934,1934,107.68862807690398,stop,1933,107.839,-14.137192309601687,-15.037192309601688,-0.999999999999964,15.03719230960223
2041,2042,106.66982581392035,stop,2040,106.796,-11.717418607965158,-12.617418607965158,-0.9999999999999439,12.617418607965867
2170,2176,106.33781798335805,stop,2169,106.458,-11.118201664194771,-12.018201664194772,-0.9999999999999999,12.018201664194773
2197,2197,106.55690470210033,stop,2196,106.675,-10.90952978996711,-11.80952978996711,-0.9999999999999388,11.809529789967833
2209,2210,106.86088281707525,stop,2208,106.982,-11.21171829247487,-12.11171829247487,-1.0000000000000366,12.111718292474428
2298,2310,107.14033906788984,stop,2297,107.266,-11.66609321101646,-12.56609321101646,-1.0000000000000193,12.566093211016218
2341,2341,107.35810734993899,stop,2340,107.458,-9.089265006100788,-9.989265006100789,-0.9999999999999891,9.989265006100897
2359,2359,107.41925114465025,stop,2358,107.52,-9.17488553497492,-10.07488553497492,-0.9999999999999902,10.074885534975019
2449,2483,107.60322538797809,stop,2448,107.682,-6.977461202191648,-7.877461202191649,-1.00000000000002,7.877461202191492
2510,2513,107.66915811260232,stop,2509,107.776,-9.784188739767785,-10.684188739767785,-1.000000000000059,10.684188739767155
2604,2652,108.719,time,2603,107.914,81.3999999999993,80.49999999999929,8.453689291574912,9.522469684357448
2665,2701,108.93235061655753,stop,2664,109.06400000000001,-12.264938344247867,-13.164938344247867,-0.9999999999999593,13.164938344248403
2789,2837,107.494,time,2788,107.148,35.5000000000004,34.6000000000004,2.055118318241818,16.83601362163964
2955,2960,107.07543196577876,stop,2954,107.175,-9.056803422123494,-9.956803422123494,-1.0000000000000115,9.956803422123379
3003,3007,107.0892930932715,stop,3002,107.205,-10.67069067285047,-11.57069067285047,-0.9999999999999565,11.570690672850974
3050,3050,107.18728812919835,stop,3049,107.278,-8.17118708016551,-9.07118708016551,-0.9999999999999963,9.071187080165544
3087,3087,107.76007975898786,stop,3086,107.879,-10.992024101214781,-11.892024101214782,-1.0000000000000424,11.892024101214279
3097,3097,107.98895205760523,stop,3096,108.099,-10.104794239477144,-11.004794239477144,-0.9999999999999387,11.00479423947782
3169,3174,107.62025159447542,stop,3168,107.669,-3.9748405524576924,-4.874840552457693,-1.000000000000046,4.874840552457469
3202,3204,107.6595399358552,stop,3201,107.744,-7.546006414480644,-8.446006414480644,-1.0000000000000657,8.44600641448009
3302,3302,107.19764368376669,stop,3301,107.272,-6.535631623331994,-7.435631623331995,-1.0000000000000373,7.435631623331718
3313,3313,107.17645133924385,stop,3312,107.256,-7.054866075614541,-7.954866075614541,-1.0000000000000309,7.954866075614296
3378,3388,107.21691878824261,stop,3377,107.31700000000001,-9.108121175739825,-10.008121175739825,-0.9999999999999964,10.008121175739861
3409,3412,107.29766061019514,stop,3408,107.392,-8.5339389804858,-9.4339389804858,-1.000000000000067,9.433938980485168
3606,3607,105.15526999433008,stop,3605,105.286,-12.173000566991732,-13.073000566991732,-0.9999999999999675,13.073000566992157
3638,3686,105.92,time,3637,105.687,24.200000000000443,23.300000000000445,1.0590973123639835,21.999866988608556
3755,3756,105.56633484869424,stop,3754,105.67,-9.46651513057617,-10.36651513057617,-1.000000000000002,10.366515130576149
3779,3780,106.0670379467218,stop,3778,106.17,-9.39620532782044,-10.29620532782044,-0.9999999999999961,10.29620532782048
3799,3800,106.07346926295335,stop,3798,106.176,-9.353073704664894,-10.253073704664894,-1.0000000000000357,10.253073704664528
3819,3846,106.59716541726013,stop,3818,106.722,-11.58345827398648,-12.48345827398648,-0.9999999999999745,12.4834582739868
3859,3870,106.80489204481799,stop,3858,106.926,-11.210795518201166,-12.110795518201167,-0.999999999999952,12.110795518201748
3955,3978,105.75579118159152,stop,3954,105.91,-14.520881840847721,-15.420881840847722,-1.0000000000000338,15.420881840847203
4033,4033,105.92452133497142,stop,4032,106.003,-6.947866502858346,-7.847866502858347,-0.9999999999999785,7.847866502858516
4096,4109,106.25275765742347,stop,4095,106.422,-16.02423425765238,-16.92423425765238,-0.9999999999999782,16.92423425765275
4167,4175,105.86550325761546,stop,4166,106.015,-14.049674238454202,-14.949674238454202,-1.0000000000000333,14.949674238453705
4185,4215,106.08433619496016,stop,4184,106.2,-10.666380503984385,-11.566380503984385,-0.9999999999999962,11.566380503984428
4321,4323,106.10804705814257,stop,4320,106.191,-7.3952941857427845,-8.295294185742785,-1.000000000000013,8.295294185742677
4502,4522,104.44392119957473,stop,4501,104.605,-15.207880042527222,-16.10788004252722,-1.0000000000000238,16.107880042526837
4527,4575,105.419,time,4526,104.988,43.99999999999977,43.099999999999774,2.9865251386128047,14.431487430914133
4585,4587,105.4318259067536,stop,4584,105.52,-7.9174093246393795,-8.81740932463938,-0.9999999999999436,8.817409324639877
4639,4639,105.57437087894701,stop,4638,105.665,-8.162912105299824,-9.062912105299825,-1.0000000000000127,9.06291210529971
4657,4657,105.71674611986373,stop,4656,105.802,-7.6253880136277985,-8.525388013627799,-0.9999999999999295,8.5253880136284
4737,4741,105.55950066409957,stop,4736,105.646,-7.749933590042701,-8.649933590042702,-0.9999999999999458,8.64993359004317
4782,4830,105.947,time,4781,105.757,19.899999999999807,18.999999999999808,2.797565131161983,6.79162025161075
4969,4978,105.3223107477421,stop,4968,105.389,-5.768925225790156,-6.668925225790156,-0.9999999999999643,6.668925225790395
4993,5000,105.49326895872693,stop,4992,105.56400000000001,-6.173104127307738,-7.073104127307738,-1.0000000000000275,7.073104127307545
5093,5095,104.83015735968222,stop,5092,104.906,-6.684264031778753,-7.584264031778753,-0.9999999999999399,7.584264031779209
5176,5183,104.57404171837412,stop,5175,104.69500000000001,-11.195828162588839,-12.09582816258884,-0.9999999999999514,12.095828162589427
5200,5248,104.506,time,5199,104.561,-4.600000000000648,-5.500000000000648,-0.40764378289507297,13.492171917696933
5259,5259,105.02343519920906,stop,5258,105.204,-17.156480079093228,-18.056480079093227,-0.9999999999999594,18.05648007909396
5340,5388,105.491,time,5339,104.212,128.79999999999967,127.89999999999966,7.854722577859745,16.28319762183757
5531,5531,104.0072829687581,stop,5530,104.126,-10.971703124189958,-11.871703124189958,-1.0000000000000488,11.871703124189379
5583,5631,104.404,time,5582,104.053,35.99999999999994,35.099999999999945,4.12949082464955,8.499837265767193
5698,5699,103.93689914887157,stop,5697,104.042,-9.610085112842626,-10.510085112842626,-0.9999999999999489,10.510085112843162
5716,5719,104.33415998612456,stop,5715,104.441,-9.784001387544095,-10.684001387544095,-0.9999999999999875,10.68400138754423
5744,5750,104.47815702008728,stop,5743,104.57000000000001,-8.284297991272638,-9.184297991272638,-1.0000000000000717,9.184297991271979
5817,5821,104.13285583749663,stop,5816,104.233,-9.114416250336888,-10.014416250336888,-1.0000000000000588,10.014416250336298
5864,5864,104.16982159156944,stop,5863,104.229,-5.01784084305541,-5.91784084305541,-0.9999999999999477,5.91784084305572
5883,5893,104.35464415159427,stop,5882,104.436,-7.235584840573495,-8.135584840573495,-1.0000000000000768,8.135584840572871
5953,5962,104.01199434250711,stop,5952,104.112,-9.100565749288592,-10.000565749288592,-0.999999999999976,10.000565749288832
6033,6035,103.3618729839387,stop,6032,103.47,-9.91270160613027,-10.81270160613027,-0.9999999999999408,10.81270160613091
6056,6056,103.50015682012969,stop,6055,103.607,-9.784317987030988,-10.684317987030989,-1.000000000000001,10.684317987030976
6130,6141,103.58736760078118,stop,6129,103.661,-6.463239921882291,-7.3632399218822915,-0.9999999999999362,7.363239921882762
6180,6180,103.636863771808,stop,6179,103.701,-5.513622819199782,-6.413622819199782,-0.9999999999999154,6.413622819200325
6289,6290,103.0397358711266,stop,6288,103.071,-2.2264128873402456,-3.1264128873402455,-0.9999999999997767,3.1264128873409436
6350,6356,103.06649531125974,stop,6349,103.183,-10.750468874026353,-11.650468874026354,-0.9999999999999863,11.650468874026513
6369,6417,104.104,time,6368,103.4,71.29999999999939,70.39999999999938,6.023725486043363,11.687119567967079
6483,6495,103.92515309525871,stop,6482,104.044,-10.98469047412891,-11.884690474128911,-0.9999999999999409,11.884690474129613
6529,6529,103.73044569583246,stop,6528,103.823,-8.355430416753507,-9.255430416753507,-0.9999999999999901,9.2554304167536
6555,6555,103.98292070664228,stop,6554,104.061,-6.907929335773133,-7.807929335773133,-1.0000000000000695,7.807929335772591
6632,6632,103.61143842001958,stop,6631,103.682,-6.156157998042033,-7.056157998042034,-1.0000000000000688,7.056157998041548
6650,6650,103.77908382018286,stop,6649,103.847,-5.891617981713182,-6.791617981713182,-1.0000000000000984,6.791617981712515
6708,6756,104.654,time,6707,103.844,81.90000000000026,81.00000000000026,12.28383751285744,6.594030563756473
6779,6827,105.062,time,6778,104.913,15.800000000000125,14.900000000000125,1.6372532344612303,9.100608071116902
6844,6892,105.522,time,6843,105.125,40.60000000000059,39.70000000000059,6.544559705129339,6.066107085689122
6985,7033,105.505,time,6984,104.758,75.60000000000002,74.70000000000002,11.287210900987414,6.618109704450123
7136,7137,105.7154402334014,stop,7135,105.825,-10.055976659860733,-10.955976659860733,-0.9999999999999588,10.955976659861184
7178,7226,105.963,time,7177,105.426,54.59999999999923,53.69999999999923,4.856244725010831,11.057927069332251
7251,7252,106.52045027164353,stop,7250,106.654,-12.454972835647027,-13.354972835647027,-1.0000000000000102,13.354972835646892
7273,7274,106.78055020182772,stop,7272,106.888,-9.84497981722825,-10.74497981722825,-1.0000000000000628,10.744979817227575
7307,7309,106.87929002379771,stop,7306,106.96,-7.1709976202285475,-8.070997620228548,-0.9999999999999972,8.070997620228571
7328,7376,108.504,time,7327,107.168,134.4999999999999,133.59999999999988,16.104103473672268,8.296022204428537
7381,7381,108.58043298317843,stop,7380,108.69200000000001,-10.25670168215811,-11.15670168215811,-0.9999999999999812,11.15670168215832
7393,7399,108.96855438497576,stop,7392,109.082,-10.444561502423255,-11.344561502423256,-1.0000000000000595,11.34456150242258
7471,7519,109.257,time,7470,108.869,39.70000000000056,38.80000000000056,3.4671340143479576,11.190799040197307
7553,7554,109.15919905876656,stop,7552,109.251,-8.280094123344384,-9.180094123344384,-1.0000000000000377,9.180094123344038
7670,7672,108.77671543080895,stop,7669,108.888,-10.22845691910561,-11.128456919105611,-0.9999999999999767,11.12845691910587
7682,7730,109.481,time,7681,108.928,56.19999999999976,55.29999999999976,5.985118309941561,9.239583436160965
7752,7800,110.788,time,7751,109.846,95.09999999999934,94.19999999999933,11.401268814496685,8.262238311601273
7957,7957,109.76021635204212,stop,7956,109.885,-11.578364795788332,-12.478364795788332,-1.0000000000000335,12.478364795787915
8072,8073,108.80256143439418,stop,8071,108.901,-8.943856560581764,-9.843856560581765,-0.9999999999999988,9.843856560581777
8221,8222,107.96683714290756,stop,8220,108.082,-10.616285709242845,-11.516285709242846,-1.0000000000000557,11.516285709242203
8233,8281,108.489,time,8232,108.14,35.80000000000041,34.90000000000041,3.5739559715389153,9.765089519268132
8294,8294,109.0594381628217,stop,8293,109.201,-13.256183717828662,-14.156183717828663,-0.9999999999999857,14.156183717828865
8319,8341,109.15807318047843,stop,8318,109.294,-12.692681952157159,-13.59268195215716,-1.0000000000000377,13.592681952156646
8509,8557,109.283,time,8508,109.008,28.400000000000603,27.500000000000604,2.1908148630355413,12.552407081033428
8628,8628,109.09323404029614,stop,8627,109.191,-8.876595970386347,-9.776595970386348,-0.9999999999999496,9.77659597038684
8725,8726,108.8826313873884,stop,8724,108.986,-9.436861261160345,-10.336861261160346,-1.0000000000000437,10.336861261159894
8752,8800,109.776,time,8751,109.11,67.49999999999972,66.59999999999971,7.181113657270035,9.274327517790368
8862,8869,109.64197611267717,stop,8861,109.723,-7.202388732282827,-8.102388732282828,-1.0000000000000446,8.102388732282465
8893,8916,109.88257817995517,stop,8892,109.971,-7.942182004482845,-8.842182004482845,-0.9999999999999182,8.842182004483568
8991,9006,109.49904085274748,stop,8990,109.604,-9.595914725251475,-10.495914725251476,-0.9999999999999439,10.495914725252064
9039,9043,109.66878236636666,stop,9038,109.771,-9.321763363334412,-10.221763363334412,-0.999999999999953,10.221763363334892
9062,9108,109.83401742311896,stop,9061,109.921,-7.7982576881041155,-8.698257688104116,-0.9999999999999233,8.698257688104784
9115,9115,110.40229893474174,stop,9114,110.514,-10.270106525825895,-11.170106525825895,-1.0000000000000329,11.17010652582553
9121,9122,110.64283189772941,stop,9120,110.759,-10.71681022705917,-11.61681022705917,-0.9999999999999609,11.616810227059625
9193,9241,110.975,time,9192,110.269,71.49999999999892,70.59999999999891,6.425214888619665,10.987959348261732
9327,9375,111.292,time,9326,110.981,32.00000000000074,31.10000000000074,2.842910468801702,10.939493290870153
9512,9560,110.509,time,9511,110.057,46.09999999999985,45.199999999999854,4.62954977194728,9.763368410874183
9649,9654,109.851014341352,stop,9648,109.967,-10.698565864800003,-11.598565864800003,-1.000000000000048,11.598565864799447
9680,9702,110.26187265923907,stop,9679,110.346,-7.512734076092897,-8.412734076092898,-0.9999999999999124,8.412734076093635
9879,9899,109.41945554432996,stop,9878,109.572,-14.354445567003893,-15.254445567003893,-1.0000000000000357,15.25444556700335
9913,9918,109.78350949262766,stop,9912,109.872,-7.949050737234131,-8.849050737234132,-1.0000000000000464,8.849050737233721
9961,10009,110.352,time,9960,110.334,2.7000000000001023,1.8000000000001024,0.2178980957720095,8.260742222747432
10095,10143,109.748,time,10094,109.602,15.500000000000114,14.600000000000113,1.1656965804151815,12.524700033691518
10177,10189,109.79013293751106,stop,10176,109.875,-7.586706248893904,-8.486706248893904,-1.0000000000000486,8.48670624889349
10236,10284,110.081,time,10235,109.895,19.50000000000074,18.60000000000074,2.1015557622554613,8.850585996366133
10286,10286,110.07734405697772,stop,10285,110.175,-8.865594302227464,-9.765594302227464,-0.999999999999924,9.765594302228207
10336,10337,109.94483769289882,stop,10335,110.06,-10.616230710118657,-11.516230710118657,-0.9999999999999727,11.516230710118972
10345,10356,110.10017448925976,stop,10344,110.191,-8.182551074024502,-9.082551074024503,-1.0000000000000449,9.082551074024094
10447,10495,109.95,time,10446,109.928,3.100000000000591,2.2000000000005913,0.34910538603952695,6.301821994094069
10542,10549,109.97997675129315,stop,10541,110.043,-5.402324870685504,-6.302324870685505,-0.99999999999995,6.30232487068582
10572,10572,110.06079118936964,stop,10571,110.122,-5.220881063036131,-6.120881063036132,-1.000000000000021,6.120881063036002
10622,10666,109.56978404411407,stop,10621,109.677,-9.821595588593368,-10.721595588593368,-0.9999999999999718,10.72159558859367
10723,10723,109.75240229891051,stop,10722,109.865,-10.359770108948396,-11.259770108948397,-0.9999999999999863,11.259770108948551
10730,10731,109.79723274730556,stop,10729,109.893,-8.676725269444319,-9.576725269444319,-1.000000000000004,9.576725269444282
10753,10801,111.09,time,10752,110.378,72.10000000000036,71.20000000000036,8.340195768727696,8.536969871495232
10825,10826,111.53447621154776,stop,10824,111.658,-11.452378845224587,-12.352378845224587,-0.999999999999986,12.352378845224761
10856,10861,111.76415543456733,stop,10855,111.879,-10.584456543267606,-11.484456543267607,-1.0000000000000078,11.484456543267516
10932,10980,111.452,time,10931,111.227,23.399999999999466,22.499999999999467,2.12637687214178,10.581379197064196
10993,11004,111.63712390729296,stop,10992,111.726,-7.987609270703899,-8.8876092707039,-0.9999999999999513,8.887609270704333
11017,11065,113.397,time,11016,112.307,109.90000000000038,109.00000000000037,11.212881888615096,9.72096211150432
11077,11077,113.5490343218834,stop,11076,113.67,-11.19656781166043,-12.09656781166043,-1.0000000000000062,12.096567811660355
11112,11160,114.12,time,11111,113.84,28.900000000000148,28.00000000000015,2.342925609708481,11.950870264072984
11184,11185,114.4520221749208,stop,11183,114.553,-9.197782507919783,-10.097782507919783,-1.0000000000000315,10.097782507919463
11283,11311,113.82187362193554,stop,11282,113.931,-10.012637806445923,-10.912637806445924,-0.999999999999986,10.912637806446076
11364,11364,113.75519695167463,stop,11363,113.876,-11.180304832537047,-12.080304832537047,-0.9999999999999823,12.08030483253726
11377,11394,113.96069840629454,stop,11376,114.077,-10.730159370545778,-11.630159370545778,-1.0000000000000455,11.630159370545249
11439,11439,113.97559472203524,stop,11438,114.081,-9.640527796476306,-10.540527796476306,-0.9999999999999419,10.540527796476919
11450,11456,114.09910026784766,stop,11449,114.218,-10.989973215234272,-11.889973215234273,-1.0000000000000555,11.889973215233614
11557,11605,113.959,time,11556,113.276,69.20000000000073,68.30000000000072,5.934127236909406,11.509695912009551
11642,11642,114.20073546398943,stop,11641,114.3,-9.026453601056517,-9.926453601056517,-1.000000000000027,9.926453601056249
11722,11722,113.87726895163361,stop,11721,114.013,-12.673104836639482,-13.573104836639482,-1.0000000000000173,13.573104836639246
11751,11799,115.44,time,11750,114.617,83.19999999999936,82.29999999999936,5.325883681113376,15.452834670770457
11959,11965,113.2033584668755,stop,11958,113.354,-14.164153312449912,-15.064153312449912,-0.9999999999999692,15.064153312450376
12002,12024,113.44406834910045,stop,12001,113.56400000000001,-11.093165089955903,-11.993165089955903,-1.0000000000000064,11.993165089955827
12036,12055,113.54671191805015,stop,12035,113.706,-15.028808194985288,-15.928808194985288,-1.0000000000000413,15.928808194984631
12128,12129,113.62450598358551,stop,12127,113.72,-8.649401641449117,-9.549401641449117,-0.9999999999999709,9.549401641449395
12145,12145,113.67989655032488,stop,12144,113.763,-7.410344967512117,-8.310344967512117,-0.9999999999999146,8.310344967512826
12246,12247,113.63631503284117,stop,12245,113.737,-9.168496715882668,-10.068496715882668,-0.9999999999999396,10.068496715883276
12273,12275,114.21121308972164,stop,12272,114.306,-8.578691027835816,-9.478691027835817,-0.999999999999967,9.47869102783613
12301,12301,114.29115657346776,stop,12300,114.368,-6.7843426532235185,-7.684342653223519,-0.9999999999999619,7.684342653223812
12313,12333,114.29168451815832,stop,12312,114.37,-6.9315481841684345,-7.831548184168435,-0.9999999999999655,7.831548184168706
12345,12393,114.997,time,12344,114.636,37.000000000000455,36.100000000000456,5.508497744592007,6.553510897856281
12410,12458,115.275,time,12409,115.039,24.500000000000455,23.600000000000456,2.8585381936830174,8.255968051136508
12481,12529,115.925,time,12480,115.397,53.69999999999919,52.799999999999194,5.967052863668888,8.848589279555117
12697,12745,114.653,time,12696,114.338,32.40000000000123,31.50000000000123,2.2462414004063773,14.02342597474271
12840,12841,113.88886151018589,stop,12839,114.021,-12.313848981411013,-13.213848981411013,-1.0000000000000058,13.213848981410939
12850,12853,113.92608144522974,stop,12849,114.062,-12.691855477025626,-13.591855477025627,-1.0000000000000495,13.591855477024955
12874,12922,115.575,time,12873,114.134,145.00000000000028,144.10000000000028,14.150964457543093,10.183051510894622
13020,13022,114.74372562353074,stop,13019,114.843,-9.027437646926728,-9.927437646926728,-1.0000000000000278,9.927437646926453
13033,13033,114.86846477726381,stop,13032,114.968,-9.053522273619308,-9.953522273619308,-1.0000000000000544,9.953522273618766
13083,13090,115.28560986182093,stop,13082,115.392,-9.739013817906539,-10.63901381790654,-1.0000000000000215,10.63901381790631
13129,13129,115.49711156131701,stop,13128,115.582,-7.588843868298056,-8.488843868298057,-1.0000000000000564,8.488843868297579
13215,13216,115.67640037688685,stop,13214,115.823,-13.759962311314666,-14.659962311314667,-1.0000000000000302,14.659962311314226
13334,13336,115.0005777723425,stop,13333,115.128,-11.84222276575042,-12.742222765750421,-1.000000000000016,12.742222765750219
13384,13384,115.41548319518878,stop,13383,115.612,-18.751680481121014,-19.651680481121012,-0.9999999999999662,19.651680481121673
13410,13411,115.60776067952507,stop,13409,115.759,-14.223932047492838,-15.123932047492838,-1.0000000000000393,15.123932047492245
13475,13523,115.379,time,13474,115.285,10.300000000000864,9.400000000000864,0.7964891881619186,11.801792340324816
13561,13609,116.049,time,13560,115.454,60.40000000000134,59.50000000000134,4.820141930117487,12.344034856780883
13633,13681,118.324,time,13632,116.327,200.60000000000002,199.70000000000002,17.044270063648998,11.716547511524606
13705,13705,118.71843388689247,stop,13704,118.894,-16.656611310753533,-17.55661131075353,-0.999999999999994,17.556611310753635
13739,13787,120.778,time,13738,119.083,170.40000000000077,169.50000000000077,12.713964795478343,13.331797179451257
13830,13852,121.286920515763,stop,13829,121.447,-15.10794842370018,-16.007948423700178,-1.000000000000006,16.00794842370008
13874,13908,122.7477889882923,stop,13873,122.979,-22.22110117076994,-23.12110117076994,-0.9999999999999972,23.121101170770004
13971,13973,122.39062047133142,stop,13970,122.663,-26.33795286685796,-27.23795286685796,-0.9999999999999843,27.23795286685839
14024,14025,122.74732994748985,stop,14023,122.914,-15.767005251015576,-16.667005251015574,-0.9999999999999704,16.667005251016068
14041,14042,123.66866848311524,stop,14040,123.839,-16.133151688475778,-17.033151688475776,-1.0000000000000044,17.0331516884757
14087,14088,123.99873794628556,stop,14086,124.136,-12.826205371443677,-13.726205371443678,-1.000000000000016,13.72620537144346
14101,14103,124.26864838599211,stop,14100,124.405,-12.735161400789252,-13.635161400789253,-0.999999999999977,13.635161400789567
14114,14162,125.581,time,14113,124.759,83.1000000000003,82.2000000000003,5.5702300229024875,14.757020744570301
14167,14171,125.93889612965762,stop,14166,126.14,-19.210387034237897,-20.110387034237895,-1.000000000000021,20.11038703423747
14209,14257,127.504,time,14208,126.313,120.00000000000028,119.10000000000028,6.508473692043889,18.29922123609271
14344,14345,128.4866228150027,stop,14343,128.795,-29.937718499729726,-30.837718499729725,-1.000000000000059,30.837718499727906
14414,14462,129.65,time,14413,128.136,152.2999999999996,151.3999999999996,6.0698514790381095,24.942949678892635
14539,14587,130.542,time,14538,128.789,176.20000000000005,175.30000000000004,7.0680512600401855,24.801744292811392
14593,14604,130.65688242503953,stop,14592,130.855,-18.9117574960477,-19.811757496047697,-1.00000000000005,19.81175749604671
14665,14665,129.26963842466682,stop,14664,129.48999999999998,-21.136157533317146,-22.036157533317144,-1.0000000000000298,22.036157533316487
14702,14702,129.38461967317764,stop,14701,129.59799999999998,-20.438032682235985,-21.338032682235983,-1.0000000000000013,21.338032682235955
14786,14786,127.7626290656023,stop,14785,127.969,-19.737093439769637,-20.637093439769636,-1.0000000000000022,20.637093439769586
14833,14833,127.26466132501153,stop,14832,127.459,-18.5338674988472,-19.4338674988472,-1.0000000000000187,19.433867498846833
14881,14881,126.91048675220972,stop,14880,127.063,-14.351324779028118,-15.251324779028119,-1.0000000000000024,15.25132477902808
14905,14906,128.0282086308168,stop,14904,128.201,-16.379136918320114,-17.279136918320113,-1.0000000000001261,17.27913691831793
14929,14977,130.588,time,14928,128.92299999999997,167.40000000000066,166.50000000000065,8.717574274123784,19.099349746204005
15001,15049,134.353,time,15000,132.23299999999998,212.9000000000019,212.0000000000019,10.35561355241091,20.471988349801425
15097,15097,134.72515129703794,stop,15096,134.969,-23.48487029620685,-24.38487029620685,-1.0000000000000917,24.38487029620461
15139,15144,134.94164346200432,stop,15138,135.253,-30.235653799567785,-31.135653799567784,-1.0000000000000095,31.135653799567493
15202,15250,135.801,time,15201,134.78199999999998,102.79999999999916,101.89999999999915,1.7816937769423695,57.19276865571899
15348,15349,135.21812919792612,stop,15347,135.444,-21.687080207388476,-22.587080207388475,-1.0000000000001084,22.587080207386027
15361,15361,135.2651467966226,stop,15360,135.452,-17.785320337742405,-18.685320337742404,-1.0000000000000087,18.68532033774224
15394,15413,136.29210429117546,stop,15393,136.528,-22.68957088245429,-23.58957088245429,-1.0000000000000098,23.58957088245406
15481,15488,135.86993106196132,stop,15480,136.05499999999998,-17.606893803866797,-18.506893803866795,-1.000000000000046,18.506893803865943
15536,15538,135.884199998369,stop,15535,136.13799999999998,-24.48000016309777,-25.38000016309777,-1.0000000000000757,25.38000016309585
15565,15566,136.15210702828568,stop,15564,136.432,-27.08929717143178,-27.98929717143178,-1.000000000000015,27.98929717143136
15578,15578,136.8656834870398,stop,15577,137.11399999999998,-23.931651296018686,-24.831651296018684,-1.0000000000000726,24.83165129601688
15637,15638,137.37374726972354,stop,15636,137.59099999999998,-20.825273027645608,-21.725273027645606,-1.0000000000000044,21.72527302764551
15649,15697,138.097,time,15648,137.92299999999997,18.300000000002115,17.400000000002116,0.7580758600861036,22.95284801447944
15768,15769,138.26820843925543,stop,15767,138.426,-14.879156074457,-15.779156074457001,-1.0000000000000482,15.77915607445624
15851,15852,136.47032459116525,stop,15850,136.653,-17.367540883475385,-18.267540883475384,-1.0000000000000844,18.267540883473842
15865,15867,136.89198215131532,stop,15864,137.07299999999998,-17.201784868467485,-18.101784868467483,-1.0000000000000466,18.101784868466638
15984,15987,132.97555349804,stop,15983,133.35,-36.544650196000816,-37.444650196000815,-1.0000000000000047,37.444650196000644
16045,16093,135.02,time,16044,134.682,34.70000000000084,33.80000000000084,0.8563496278684634,39.46986008989377
16105,16105,135.05761080893546,stop,16104,135.224,-15.738919106453864,-16.638919106453862,-1.000000000000166,16.638919106451098
16153,16176,132.99056024833226,stop,16152,133.278,-27.843975166774726,-28.743975166774725,-1.000000000000027,28.74397516677395
16208,16256,135.203,time,16207,133.67299999999997,153.90000000000157,153.00000000000156,7.332843636316007,20.865029664926578
16265,16313,137.439,time,16264,135.648,179.9999999999983,179.0999999999983,6.89406415400451,25.978870518047852
16321,16333,137.03246363634003,stop,16320,137.253,-21.153636365997386,-22.053636365997384,-1.0000000000001068,22.05363636599503
16407,16407,137.02685268183802,stop,16406,137.30599999999998,-27.014731816197468,-27.914731816197467,-1.0000000000000304,27.914731816196618
16417,16448,138.13403677803345,stop,16416,138.385,-24.19632219665573,-25.096322196655727,-1.0000000000000648,25.096322196654103
16455,16455,138.6378802237379,stop,16454,138.897,-25.011977626209614,-25.911977626209612,-1.000000000000097,25.9119776262071
16486,16534,140.144,time,16485,139.077,107.59999999999934,106.69999999999933,5.099849767329668,20.922184940335704
16565,16613,143.75,time,16564,140.93099999999998,282.8000000000003,281.9000000000003,18.227084812740262,15.46599485853928
16693,16693,143.97599682479756,stop,16692,144.416,-43.10031752024486,-44.000317520244856,-1.0000000000000293,44.00031752024357
16809,16811,143.4775531964807,stop,16808,143.66799999999998,-18.14468035192931,-19.04468035192931,-1.0000000000000702,19.044680351927973
16829,16830,143.85325768915106,stop,16828,144.027,-16.47423108489363,-17.37423108489363,-1.0000000000000902,17.37423108489206
16851,16856,144.1530623029568,stop,16850,144.56799999999998,-40.59376970431856,-41.49376970431856,-1.0000000000000584,41.493769704316136
16897,16945,144.697,time,16896,143.802,90.39999999999964,89.49999999999963,2.6078208839396404,34.319841731151335
17017,17030,144.63522675896624,stop,17016,144.78799999999998,-14.3773241033756,-15.2773241033756,-1.0000000000000155,15.277324103375364
17102,17124,144.63101849527172,stop,17101,144.78699999999998,-14.698150472827365,-15.598150472827365,-1.0000000000000164,15.59815047282711
17137,17137,145.34649170616885,stop,17136,145.5,-14.45082938311657,-15.35082938311657,-1.0000000000001192,15.350829383114739
17165,17166,145.66603912997704,stop,17164,145.78799999999998,-11.296087002295963,-12.196087002295963,-1.000000000000175,12.19608700229383
17185,17233,147.147,time,17184,146.135,102.09999999999866,101.19999999999865,6.14708322959988,16.46309253024151
17241,17289,149.052,time,17240,147.694,136.69999999999902,135.79999999999902,6.455671329280028,21.035767323542505
17310,17358,150.421,time,17309,149.30499999999998,112.5,111.6,7.786736866388777,14.332062571899423
17480,17528,147.542,time,17479,147.081,46.999999999999886,46.09999999999989,1.2085396593259046,38.145210746094506
17576,17600,147.5663200859529,stop,17575,147.90599999999998,-33.06799140470957,-33.96799140470957,-1.000000000000064,33.967991404707405
17821,17821,139.94744764913702,stop,17820,140.314,-35.75523508629885,-36.65523508629885,-1.000000000000044,36.655235086297246
17861,17909,141.345,time,17860,140.444,90.99999999999966,90.09999999999965,4.086264463439492,22.049478394298703
17962,17968,139.08353121268976,stop,17961,139.396,-30.346878731023708,-31.246878731023706,-1.0000000000000258,31.246878731022903
18038,18038,139.06692379221454,stop,18037,139.392,-31.60762077854713,-32.50762077854713,-0.9999999999999991,32.50762077854716
18112,18160,136.575,time,18111,136.32799999999997,25.600000000000023,24.700000000000024,0.625620222693897,39.48082095818891
18218,18253,136.5833253555518,stop,18217,136.86499999999998,-27.267464444818756,-28.167464444818755,-1.0000000000000986,28.16746444481598
18297,18336,136.13529780870962,stop,18296,136.462,-31.77021912903797,-32.67021912903797,-1.0000000000000222,32.67021912903724
18361,18362,137.07985005605687,stop,18360,137.333,-24.41499439431425,-25.314994394314247,-1.00000000000003,25.314994394313487
18423,18471,132.899,time,18422,132.33599999999998,57.20000000000027,56.300000000000274,1.9515036162844732,28.849549409081572
18489,18537,133.613,time,18488,133.10399999999998,51.80000000000007,50.90000000000007,2.8891898887934433,17.617395172754275
18624,18624,130.96679390101144,stop,18623,131.30499999999998,-32.92060989885499,-33.82060989885499,-1.0000000000000104,33.82060989885464
18640,18688,132.209,time,18639,132.01999999999998,19.80000000000075,18.90000000000075,0.45098715709490894,41.908067009596245
18746,18749,132.13708683661093,stop,18745,132.398,-25.191316338907654,-26.091316338907653,-1.0000000000000113,26.09131633890736
18842,18846,128.5271928256891,stop,18841,128.81199999999998,-27.58071743108985,-28.48071743108985,-1.0000000000000315,28.48071743108895
18867,18871,130.05950080467355,stop,18866,130.54,-47.14991953264587,-48.049919532645866,-1.0000000000000577,48.049919532643095
18914,18962,130.309,time,18913,128.844,147.39999999999895,146.49999999999895,5.214917390590648,28.092487191519282
18975,18975,130.77394945867022,stop,18974,131.076,-29.30505413297908,-30.20505413297908,-1.0000000000000433,30.20505413297777
19025,19026,130.07014075458062,stop,19024,130.40699999999998,-32.78592454193756,-33.68592454193756,-1.0000000000000082,33.68592454193728
19058,19058,130.0306726772637,stop,19057,130.23399999999998,-19.432732273628517,-20.332732273628515,-1.000000000000042,20.33273227362766
19166,19214,131.986,time,19165,129.951,204.39999999999827,203.49999999999827,6.396696921014111,31.81329403484323
19249,19253,131.2761854261898,stop,19248,131.516,-23.081457381019277,-23.981457381019275,-1.0000000000001115,23.9814573810166
19274,19279,131.36745747173603,stop,19273,131.63299999999998,-25.654252826396373,-26.55425282639637,-1.0000000000000522,26.554252826394986
19298,19346,132.822,time,19297,131.68599999999998,114.50000000000102,113.60000000000102,4.021688250881307,28.24684384104284
19351,19399,134.795,time,19350,133.32199999999997,148.19999999999993,147.29999999999993,5.06043468061736,29.108171391717224
19448,19476,134.42072495939522,stop,19447,134.593,-16.32750406047876,-17.227504060478758,-1.0000000000000782,17.22750406047741
19501,19503,134.84516314934453,stop,19500,134.994,-13.983685065548457,-14.883685065548457,-1.0000000000001508,14.883685065546212
19524,19572,136.687,time,19523,135.409,128.7000000000006,127.80000000000061,5.385017512565014,23.73251334871265
19613,19617,136.23658716884572,stop,19612,136.44699999999997,-20.1412831154272,-21.0412831154272,-1.00000000000007,21.041283115425724
19693,19741,135.97495611465624,stop,19692,136.17,-18.604388534376426,-19.504388534376425,-1.0000000000000553,19.504388534375348
19832,19833,134.55712581496968,stop,19831,134.881,-31.487418503033382,-32.38741850303338,-1.000000000000055,32.3874185030316
19945,19946,132.26389533581846,stop,19944,132.535,-26.210466418154965,-27.110466418154964,-1.0000000000000273,27.11046641815423
20018,20019,130.62548016290515,stop,20017,130.884,-24.951983709485148,-25.851983709485147,-1.000000000000101,25.851983709482536
20065,20113,133.094,time,20064,131.31699999999998,178.60000000000014,177.70000000000013,7.18184401043988,24.74294898938026
20143,20145,133.34623803358093,stop,20142,133.595,-23.976196641908132,-24.87619664190813,-0.9999999999999996,24.87619664190814
20223,20271,133.753,time,20222,131.76199999999997,200.0,199.1,7.5410666853816855,26.402100433079873
20307,20308,133.70897014467755,stop,20306,133.89499999999998,-17.702985532244497,-18.602985532244496,-1.0000000000000653,18.60298553224328
20367,20415,134.116,time,20366,133.46699999999998,65.80000000000155,64.90000000000154,2.333613467095573,27.810946806360526
20431,20436,134.45650082847024,stop,20430,134.617,-15.1499171529764,-16.0499171529764,-1.0000000000000555,16.049917152975507
20507,20510,134.40566868934468,stop,20506,134.595,-18.033131065533325,-18.933131065533324,-1.0000000000000064,18.9331310655332
20577,20578,133.67890793865638,stop,20576,133.88199999999998,-19.409206134361057,-20.309206134361055,-1.0000000000001241,20.309206134358533
20594,20594,133.95899083063117,stop,20593,134.20299999999997,-23.500916936882277,-24.400916936882275,-1.0000000000000346,24.400916936881426
20617,20654,136.40327133136185,stop,20616,136.67,-25.772866863815125,-26.672866863815123,-1.0000000000000278,26.672866863814388
20725,20725,134.7186094107062,stop,20724,134.97899999999998,-25.139058929380553,-26.039058929380552,-1.0000000000000668,26.039058929378815
20737,20741,134.71095651383936,stop,20736,134.903,-18.304348616064203,-19.204348616064202,-1.0000000000000242,19.204348616063733
20761,20761,135.04607582757743,stop,20760,135.218,-16.292417242257784,-17.192417242257783,-1.0000000000000222,17.1924172422574
20790,20792,135.19581991531305,stop,20789,135.345,-14.018008468696053,-14.918008468696053,-1.000000000000121,14.918008468694248
20839,20887,135.791,time,20838,134.803,99.69999999999857,98.79999999999856,5.518750245301361,17.90260396076384
20895,20898,136.3018448643892,stop,20894,136.486,-17.515513561079388,-18.415513561079386,-1.0000000000000777,18.415513561077955
20910,20958,138.201,time,20909,136.79799999999997,141.2000000000006,140.3000000000006,9.214241589404327,15.22642950466318
20992,20993,138.4242007872004,stop,20991,138.666,-23.279921279961968,-24.179921279961967,-1.0000000000000928,24.17992127995972
21002,21003,138.60190493155113,stop,21001,138.82,-20.90950684488746,-21.80950684488746,-1.0000000000000504,21.809506844886357
21039,21087,140.534,time,21038,138.999,154.39999999999827,153.49999999999827,7.10555626719484,21.602812535407253
21097,21097,140.58127597977736,stop,21096,140.76199999999997,-17.172402022262645,-18.072402022262644,-1.0000000000001505,18.072402022259922
21127,21127,140.19089830064158,stop,21126,140.392,-19.21016993584317,-20.110169935843167,-1.0000000000000207,20.11016993584275
21210,21230,139.7491508151826,stop,21209,139.999,-24.08491848174208,-24.984918481742078,-1.0000000000000056,24.98491848174194
21280,21292,139.74066690818725,stop,21279,139.987,-23.733309181275786,-24.633309181275784,-1.000000000000048,24.6333091812746
21350,21359,139.46898993079088,stop,21349,139.67,-19.201006920911823,-20.10100692091182,-1.0000000000000457,20.101006920910898
21373,21421,140.422,time,21372,139.16199999999998,126.90000000000055,126.00000000000054,6.034307296702609,20.880607135942856
21447,21495,141.468,time,21446,141.506,-2.9000000000024784,-3.8000000000024783,-0.11781281157010652,32.25455660856734
21518,21518,142.0298089253153,stop,21517,142.259,-22.0191074684692,-22.9191074684692,-1.0000000000000078,22.91910746846902
21542,21590,143.565,time,21541,142.301,127.29999999999961,126.39999999999961,5.718275227469185,22.10456736898657
21609,21611,143.5432365574839,stop,21608,143.718,-16.5763442516095,-17.476344251609497,-1.0000000000001585,17.476344251606726
21632,21633,143.90555598517193,stop,21631,144.082,-16.744401482807802,-17.6444014828078,-1.000000000000091,17.64440148280619
21655,21655,144.44865208923545,stop,21654,144.61999999999998,-16.234791076453803,-17.1347910764538,-1.0000000000000189,17.134791076453475
21673,21676,144.70972898515967,stop,21672,144.88799999999998,-16.927101484031937,-17.827101484031935,-1.0000000000000393,17.827101484031235
21751,21751,144.54773591277734,stop,21750,144.66899999999998,-11.226408722265546,-12.126408722265547,-1.0000000000000346,12.126408722265126
21926,21944,138.35048950694323,stop,21925,138.66199999999998,-30.251049305675792,-31.15104930567579,-1.0000000000000833,31.1510493056732
21950,21952,138.84875006412943,stop,21949,139.14899999999997,-29.124993587055314,-30.024993587055313,-1.0000000000000153,30.024993587054855
21987,22035,140.177,time,21986,139.26,92.59999999999877,91.69999999999877,3.385417474061242,27.08676277079437
22040,22066,141.0979695689334,stop,22039,141.379,-27.203043106661084,-28.103043106661083,-1.0000000000000828,28.10304310665876
22143,22145,140.95146570825077,stop,22142,141.261,-30.053429174924418,-30.953429174924416,-1.0000000000000888,30.95342917492167
22178,22226,143.268,time,22177,141.559,171.79999999999893,170.89999999999893,4.00863084605238,42.63301026291753
22253,22254,143.47778420419084,stop,22252,143.702,-21.521579580917205,-22.421579580917204,-1.000000000000042,22.421579580916262
22321,22369,143.774,time,22320,143.01799999999997,76.50000000000148,75.60000000000147,4.005124443362655,18.87581798495345
22393,22393,144.6551706188273,stop,22392,144.82799999999997,-16.382938117268964,-17.282938117268962,-1.0000000000001503,17.28293811726636
22417,22417,144.84996918790034,stop,22416,144.998,-13.903081209966217,-14.803081209966217,-1.0000000000000744,14.803081209965116
22441,22453,145.29040512359288,stop,22440,145.44699999999997,-14.7594876407112,-15.6594876407112,-1.0000000000001532,15.6594876407088
22477,22477,145.7202808141789,stop,22476,145.87599999999998,-14.67191858210981,-15.571918582109811,-1.0000000000001619,15.57191858210729
22489,22495,146.2394552270305,stop,22488,146.39999999999998,-15.154477296948698,-16.054477296948697,-1.000000000000049,16.05447729694791
22546,22568,145.5974678225604,stop,22545,145.77999999999997,-17.353217743959704,-18.253217743959702,-1.0000000000001195,18.25321774395752
22621,22621,145.70439267093357,stop,22620,145.902,-18.860732906642852,-19.76073290664285,-1.0000000000001368,19.760732906640147
22633,22644,145.8760776923739,stop,22632,146.046,-16.09223076260946,-16.99223076260946,-1.0000000000001414,16.992230762607054
22670,22671,146.40836541512093,stop,22669,146.559,-14.163458487908542,-15.063458487908543,-1.0000000000000286,15.063458487908113
22691,22694,146.65496837468598,stop,22690,146.791,-12.703162531403223,-13.603162531403223,-1.0000000000000469,13.603162531402585
22769,22817,147.776,time,22768,146.158,162.70000000000095,161.80000000000095,5.8167700126380995,27.816124696087
22825,22826,147.60540910858305,stop,22824,147.78099999999998,-16.659089141694494,-17.559089141694493,-1.0000000000000007,17.559089141694482
22849,22849,147.59900120985927,stop,22848,147.76799999999997,-15.999879014071894,-16.899879014071892,-1.0000000000001203,16.899879014069857
22933,22981,147.301,time,22932,147.131,17.899999999997362,16.999999999997364,0.8960949251053822,18.971204415646184
22998,23046,147.838,time,22997,147.41,43.69999999999834,42.79999999999834,2.7921622844886094,15.32862192064071
23070,23076,147.80755735916964,stop,23069,147.90599999999998,-8.944264083035591,-9.844264083035592,-1.0000000000002407,9.844264083033224
23089,23090,148.25483662202805,stop,23088,148.414,-15.016337797194979,-15.916337797194979,-1.0000000000001208,15.916337797193055
23137,23185,148.888,time,23136,148.33999999999997,55.70000000000164,54.80000000000164,4.235346688620609,12.9387282857473
23194,23238,149.06798789272779,stop,23193,149.18099999999998,-10.401210727221155,-11.301210727221155,-1.0000000000000708,11.301210727220356
23257,23294,149.5328375792558,stop,23256,149.69199999999998,-15.016242074418074,-15.916242074418074,-1.0000000000001055,15.916242074416395
23365,23365,149.2463236744,stop,23364,149.42499999999998,-16.9676325599994,-17.8676325599994,-1.000000000000152,17.867632559996682
23439,23439,148.97625235841167,stop,23438,149.14399999999998,-15.874764158832022,-16.77476415883202,-1.0000000000000848,16.7747641588306
23461,23509,149.708,time,23460,149.45499999999998,26.200000000000045,25.300000000000047,1.6126761863589203,15.688208342135976
23533,23534,149.6114628799529,stop,23532,149.78099999999998,-16.05371200470813,-16.95371200470813,-1.0000000000000375,16.953712004707494
23559,23568,149.67855345374883,stop,23558,149.79199999999997,-10.44465462511539,-11.34465462511539,-1.0000000000001932,11.3446546251132
23585,23633,149.703,time,23584,149.743,-3.100000000000591,-4.0000000000005915,-0.36747037238988517,10.885231301740431
23674,23681,149.86980031118085,stop,23673,149.94299999999998,-6.4199688819144285,-7.319968881914429,-1.0000000000000935,7.319968881913745
23691,23694,150.32952956614983,stop,23690,150.438,-9.947043385017196,-10.847043385017196,-1.0000000000002571,10.847043385014409
23764,23812,150.433,time,23763,149.903,53.89999999999873,52.99999999999873,2.565102964594176,20.661938616715073
23882,23930,150.938,time,23881,150.10399999999998,84.29999999999893,83.39999999999893,6.306667627152669,13.224099465925448
23935,23983,151.745,time,23934,150.855,89.90000000000009,89.00000000000009,7.1084814729335415,12.52025490097696
24056,24057,151.2317878747454,stop,24055,151.38299999999998,-14.221212525458782,-15.121212525458782,-1.0000000000000988,15.121212525457288
24150,24198,149.374,time,24149,148.76199999999997,62.10000000000093,61.200000000000934,2.350233586562006,26.03996485707881
24303,24303,148.06387854654432,stop,24302,148.375,-30.212145345569752,-31.11214534556975,-1.0000000000000142,31.112145345569306
24387,24391,147.12982080694266,stop,24386,147.35199999999998,-21.317919305732858,-22.217919305732856,-1.0000000000000504,22.217919305731733
24457,24493,144.9641821283864,stop,24456,145.351,-37.781787161361535,-38.681787161361534,-1.0000000000000429,38.68178716135988
24585,24633,143.412,time,24584,142.38899999999998,103.20000000000107,102.30000000000106,3.938501449520083,25.974346159620325
24730,24730,142.40538085505275,stop,24729,142.51199999999997,-9.7619144947231,-10.661914494723101,-1.0000000000000169,10.661914494722922
24745,24746,142.57840147642722,stop,24744,142.718,-13.0598523572786,-13.959852357278601,-1.0000000000000584,13.959852357277786
24802,24802,141.66610162424143,stop,24801,141.90699999999998,-23.18983757585613,-24.08983757585613,-1.0000000000000886,24.089837575853995
24841,24889,143.428,time,24840,141.15099999999998,228.60000000000014,227.70000000000013,27.55091060066262,8.264699606499534
24894,24895,143.5120342618942,stop,24893,143.78599999999997,-26.49657381057864,-27.396573810578637,-1.0000000000000249,27.396573810577955
24913,24927,144.58126395881965,stop,24912,144.808,-21.773604118035905,-22.673604118035904,-1.0000000000001161,22.67360411803327
24985,25033,145.112,time,24984,144.539,58.19999999999936,57.299999999999365,2.4072642647741334,23.802953767261467
25066,25114,147.753,time,25065,145.671,209.09999999999798,208.19999999999797,9.706784371609537,21.448915730418676
25154,25154,148.16181447997894,stop,25153,148.36399999999998,-19.31855200210464,-20.218552002104637,-1.00000000000001,20.218552002104435
25204,25206,147.68608147984415,stop,25203,147.90099999999998,-20.591852015584777,-21.491852015584776,-1.000000000000082,21.491852015583014
25282,25282,147.63975166525503,stop,25281,147.84099999999998,-19.224833474495995,-20.124833474495993,-1.000000000000068,20.124833474494626
25297,25297,148.04485659365756,stop,25296,148.218,-16.414340634244695,-17.314340634244694,-1.0000000000001592,17.314340634241937
25406,25406,147.69135516681104,stop,25405,147.976,-27.564483318897715,-28.464483318897713,-1.000000000000019,28.46448331889717
25417,25417,148.45057996755924,stop,25416,148.701,-24.14200324407716,-25.042003244077158,-1.0000000000000366,25.042003244076245
25490,25538,149.177,time,25489,148.29899999999998,88.70000000000005,87.80000000000004,4.53786436485319,19.348308574410325
25563,25572,149.34763331649157,stop,25562,149.47299999999998,-11.636668350843138,-12.536668350843138,-1.0000000000001672,12.536668350841042
25646,25647,150.37052603414975,stop,25645,150.52599999999998,-14.647396585024808,-15.547396585024808,-1.0000000000000868,15.54739658502346
25681,25690,150.18683522230737,stop,25680,150.279,-8.316477769264452,-9.216477769264452,-1.0000000000002538,9.216477769262113
25729,25732,150.2763211926647,stop,25728,150.39999999999998,-11.46788073352809,-12.367880733528091,-1.000000000000213,12.367880733525457
25762,25764,150.6423063110557,stop,25761,150.756,-10.469368894430886,-11.369368894430886,-1.0000000000001248,11.369368894429469
25792,25798,150.64212485118017,stop,25791,150.75699999999998,-10.587514881981974,-11.487514881981975,-1.000000000000223,11.487514881979413
25829,25849,150.51268344220696,stop,25828,150.631,-10.93165577930506,-11.831655779305061,-1.0000000000000313,11.831655779304691
25881,25881,150.49074130500034,stop,25880,150.659,-15.925869499966439,-16.825869499966437,-1.000000000000039,16.82586949996578
26043,26046,147.22728970183968,stop,26042,147.42899999999997,-19.271029816030705,-20.171029816030703,-1.0000000000000768,20.171029816029154
26102,26150,149.283,time,26101,148.004,128.79999999999825,127.89999999999824,6.216328785998966,20.574844800369526
26162,26163,149.17193790646564,stop,26161,149.307,-12.606209353435816,-13.506209353435816,-1.0000000000001263,13.506209353434109
26185,26202,150.96174421507544,stop,26184,151.164,-19.325578492455975,-20.225578492455973,-1.0000000000000935,20.225578492454083
26234,26234,151.5912428302464,stop,26233,151.789,-18.875716975361456,-19.775716975361455,-1.0000000000000135,19.775716975361185
26296,26297,151.46834627349847,stop,26295,151.589,-11.165372650154382,-12.065372650154382,-1.0000000000002256,12.065372650151659
26306,26307,151.62063974979242,stop,26305,151.738,-10.836025020759621,-11.736025020759621,-1.0000000000001177,11.736025020758241
26390,26400,151.50238490331768,stop,26389,151.58499999999998,-7.361509668231747,-8.261509668231747,-1.0000000000001434,8.261509668230563
26402,26402,151.69022067842494,stop,26401,151.783,-8.377932157506507,-9.277932157506507,-1.0000000000000433,9.277932157506106
26437,26438,151.7720017408617,stop,26436,151.857,-7.599825913831637,-8.499825913831637,-1.000000000000323,8.499825913828891
26497,26534,151.6073744496675,stop,26496,151.72,-10.362555033250942,-11.262555033250942,-1.000000000000127,11.262555033249512
26557,26605,152.927,time,26556,152.39299999999997,54.30000000000064,53.40000000000064,4.783053925606622,11.164415210566135
26617,26665,154.684,time,26616,153.469,122.39999999999895,121.49999999999895,9.17634758592402,13.240562093176683
26737,26777,154.56323480093243,stop,26736,154.682,-10.976519906756721,-11.876519906756721,-1.0000000000002063,11.87651990675427
26790,26791,154.80592798405223,stop,26789,154.881,-6.607201594778189,-7.50720159477819,-1.0000000000001308,7.507201594777209
26809,26840,155.27110656980594,stop,26808,155.384,-10.389343019406283,-11.289343019406283,-1.00000000000013,11.289343019404816
26858,26860,158.7982064276271,stop,26857,159.176,-36.87935723729083,-37.77935723729083,-1.0000000000000262,37.77935723728984
26905,26918,157.50293438307523,stop,26904,157.75199999999998,-24.00656169247668,-24.90656169247668,-1.0000000000000162,24.906561692476274
26977,27025,155.135,time,26976,153.42,172.39999999999895,171.49999999999895,5.589994137636662,30.67981750558789
27049,27049,155.4444781350812,stop,27048,155.63299999999998,-17.95218649187973,-18.852186491879728,-1.0000000000000615,18.852186491878566
27097,27097,155.82731410888556,stop,27096,155.93599999999998,-9.968589111443293,-10.868589111443294,-1.0000000000000089,10.868589111443196
27121,27149,156.19110187129345,stop,27120,156.303,-10.289812870655624,-11.189812870655624,-1.0000000000002183,11.189812870653181
27193,27241,156.479,time,27192,155.45399999999998,103.40000000000202,102.50000000000202,4.692542895101643,21.84316740226235
27276,27277,156.46314490280386,stop,27275,156.59199999999998,-11.985509719613674,-12.885509719613674,-1.0000000000002,12.885509719611097
27290,27294,156.62405447788294,stop,27289,156.75199999999998,-11.8945522117059,-12.7945522117059,-1.0000000000001432,12.794552211704069
27370,27370,156.84201591655426,stop,27369,156.95,-9.89840834457425,-10.79840834457425,-1.0000000000000047,10.798408344574199
27385,27385,157.2722948107699,stop,27384,157.384,-10.27051892301074,-11.170518923010741,-1.0000000000000857,11.170518923009785
27460,27462,157.2602499831157,stop,27459,157.42999999999998,-16.075001688429325,-16.975001688429323,-1.000000000000076,16.97500168842803
27519,27525,156.027472506589,stop,27518,156.32299999999998,-28.652749341100048,-29.552749341100046,-1.000000000000095,29.55274934109724
27565,27567,156.46051224229916,stop,27564,156.78599999999997,-31.648775770082693,-32.54877577008269,-1.0000000000000644,32.5487757700806
27580,27583,156.94384158158618,stop,27579,157.158,-20.515841841381643,-21.415841841381642,-1.0000000000000615,21.415841841380324
27601,27611,157.07757500026096,stop,27600,157.22199999999998,-13.542499973902977,-14.442499973902978,-1.0000000000000013,14.442499973902958
27674,27675,157.08043727156482,stop,27673,157.26399999999998,-17.456272843517695,-18.356272843517694,-0.9999999999999997,18.356272843517697
27727,27732,157.83432308689785,stop,27726,157.97299999999998,-12.96769131021449,-13.867691310214491,-1.0000000000001468,13.867691310212457
27772,27820,159.752,time,27771,158.087,167.40000000000066,166.50000000000065,16.013337654333593,10.397582539886166
27865,27913,161.063,time,27864,159.72699999999998,134.4999999999999,133.59999999999988,11.637172183681885,11.48045228610944
27949,27950,161.20510124206365,stop,27948,161.362,-14.789875793636043,-15.689875793636043,-1.0000000000000875,15.68987579363467
27965,27972,161.536870644868,stop,27964,161.68499999999997,-13.912935513198477,-14.812935513198477,-1.000000000000115,14.812935513196773
27990,27990,161.75551474354043,stop,27989,161.87599999999998,-11.148525645955942,-12.048525645955943,-1.0000000000001417,12.048525645954237
28083,28086,160.8632270981868,stop,28082,161.01199999999997,-13.977290181318835,-14.877290181318836,-1.0000000000000495,14.8772901813181
28106,28107,161.41228808458735,stop,28105,161.546,-12.47119154126608,-13.37119154126608,-1.000000000000178,13.371191541263698
28201,28229,158.12820646940193,stop,28200,158.37099999999998,-23.379353059806363,-24.27935305980636,-1.0000000000000508,24.279353059805125
28273,28279,156.97251863240263,stop,28272,157.22,-23.848136759738736,-24.748136759738735,-1.0000000000000444,24.748136759737637
28401,28405,153.88943212126355,stop,28400,154.30599999999998,-40.756787873644384,-41.65678787364438,-1.0000000000000482,41.65678787364237
28445,28455,154.1826166883661,stop,28444,154.445,-25.338331163391103,-26.238331163391102,-1.0000000000000144,26.238331163390725
28561,28573,144.16760534179696,stop,28560,145.051,-87.43946582030446,-88.33946582030447,-1.0000000000000024,88.33946582030426
28586,28607,145.94033589807756,stop,28585,146.738,-78.86641019224498,-79.76641019224499,-1.0000000000000084,79.76641019224432
28670,28671,147.53239951388966,stop,28669,147.785,-24.360048611035268,-25.260048611035266,-1.0000000000000497,25.260048611034012
28730,28732,147.2433907726437,stop,28729,147.52599999999998,-27.36092273563031,-28.26092273563031,-1.0000000000000764,28.260922735628153
28921,28925,144.57443253280897,stop,28920,144.85399999999998,-27.056746719102875,-27.956746719102874,-1.0000000000000961,27.956746719100188
28981,28983,145.10683469958425,stop,28980,145.402,-28.616530041574606,-29.516530041574605,-1.0000000000000273,29.5165300415738
29005,29006,145.410797485264,stop,29004,145.642,-22.220251473601138,-23.120251473601137,-1.0000000000001035,23.120251473598746
29017,29018,145.9921283787871,stop,29016,146.19699999999997,-19.58716212128877,-20.48716212128877,-1.0000000000001368,20.487162121285966
29041,29041,146.92879491982782,stop,29040,147.13,-19.220508017218663,-20.12050801721866,-1.0000000000000873,20.120508017216906
29209,29209,142.3600967444357,stop,29208,142.694,-32.49032555642941,-33.39032555642941,-1.0000000000000793,33.39032555642677
29294,29308,141.27348781094747,stop,29293,141.59199999999998,-30.95121890525263,-31.85121890525263,-1.000000000000023,31.851218905251894
29324,29326,142.00179700380758,stop,29323,142.44799999999998,-43.72029961924113,-44.62029961924113,-1.0000000000000482,44.62029961923898
29329,29331,143.03677037085504,stop,29328,143.498,-45.222962914496634,-46.12296291449663,-1.0000000000000044,46.12296291449643
29363,29364,143.81600276253357,stop,29362,144.267,-44.199723746643826,-45.099723746643825,-1.000000000000003,45.09972374664368
29407,29410,144.13144675953535,stop,29406,144.438,-29.755324046465148,-30.655324046465147,-1.0000000000000548,30.655324046463466
29442,29459,144.27923994346443,stop,29441,144.56099999999998,-27.276005653556012,-28.17600565355601,-1.0000000000000322,28.17600565355511
29473,29474,145.16445480215305,stop,29472,145.47,-29.65451978469673,-30.55451978469673,-1.000000000000024,30.554519784695998
29521,29529,143.63830942839627,stop,29520,143.97299999999998,-32.56905716037295,-33.46905716037295,-1.000000000000029,33.469057160371975
29555,29603,146.589,time,29554,144.802,179.59999999999923,178.69999999999922,4.983546544247872,35.85799759535887
29605,29618,148.28416217283603,stop,29604,148.65699999999998,-36.38378271639624,-37.28378271639624,-1.000000000000067,37.28378271639374
29666,29714,148.666,time,29665,148.183,49.19999999999902,48.299999999999024,2.1140007030952708,22.847674520296653
29737,29768,149.05905499651396,stop,29736,149.225,-15.694500348604379,-16.594500348604377,-1.0000000000000058,16.594500348604278
29801,29806,149.5227567095015,stop,29800,149.753,-22.124329049850644,-23.024329049850643,-1.0000000000000797,23.024329049848806
29817,29817,149.66785546954645,stop,29816,149.843,-16.61445304535505,-17.514453045355047,-1.0000000000000682,17.514453045353854
29871,29919,152.82,time,29870,150.24499999999998,258.4000000000003,257.50000000000034,13.39393153123359,19.225124407985113
29977,29983,153.22665631244263,stop,29976,153.47299999999998,-23.734368755737023,-24.63436875573702,-1.0000000000000968,24.634368755734638
30049,30050,153.29121067553396,stop,30048,153.534,-23.378932446604495,-24.278932446604493,-1.0000000000000573,24.2789324466031
30121,30133,152.06066104492297,stop,30120,152.289,-21.933895507703483,-22.83389550770348,-1.0000000000000948,22.833895507701314
30145,30193,153.093,time,30144,152.92399999999998,17.799999999999727,16.89999999999973,0.4805755228884479,35.16616888522345
30219,30267,154.803,time,30218,153.397,141.4999999999992,140.5999999999992,5.352099131457763,26.27006648169158
30289,30320,155.48402744071606,stop,30288,155.726,-23.29725592839509,-24.197255928395087,-1.0000000000000728,24.197255928393325
30385,30414,154.5976673584859,stop,30384,154.927,-32.033264151411345,-32.93326415141134,-1.0000000000000746,32.933264151408885
30632,30640,150.07340891275035,stop,30631,150.391,-30.859108724965267,-31.759108724965266,-1.0000000000000588,31.759108724963397
30683,30685,150.3268605145565,stop,30682,150.581,-24.513948544350228,-25.413948544350227,-1.0000000000000762,25.41394854434829
30709,30757,152.293,time,30708,150.77599999999998,152.60000000000105,151.70000000000104,6.9870990843383165,21.711442498366566
30793,30841,154.095,time,30792,152.82999999999998,127.40000000000009,126.50000000000009,4.866240130087377,25.99542904137957
30884,30884,154.40494972659195,stop,30883,154.65499999999997,-24.10502734080353,-25.00502734080353,-1.0000000000000373,25.0050273408026
30889,30890,154.5622873427655,stop,30888,154.832,-26.071265723450665,-26.971265723450664,-1.0000000000000298,26.97126572344986
30913,30913,157.42648690715984,stop,30912,157.74699999999999,-31.151309284015838,-32.05130928401584,-1.0000000000000226,32.05130928401511
30961,30961,157.13698306388386,stop,30960,157.319,-17.301693611614155,-18.201693611614154,-1.0000000000000089,18.20169361161399
31009,31057,157.793,time,31008,157.33399999999997,46.80000000000177,45.900000000001775,4.688859822871918,9.789160208224802
31128,31128,157.62709995206438,stop,31127,157.70899999999997,-7.290004793560456,-8.190004793560457,-1.0000000000001412,8.1900047935593
31146,31152,157.28285969009337,stop,31145,157.57299999999998,-28.11403099066183,-29.01403099066183,-1.00000000000008,29.01403099065951
31177,31187,157.38330476946936,stop,31176,157.595,-20.269523053065086,-21.169523053065085,-1.0000000000000278,21.169523053064495
31201,31205,157.8294024496138,stop,31200,158.10899999999998,-27.059755038618505,-27.959755038618503,-1.0000000000000582,27.95975503861688
31236,31238,158.16277851053337,stop,31235,158.38199999999998,-21.0221489466619,-21.9221489466619,-1.0000000000000644,21.92214894666049
31277,31280,158.22750821916011,stop,31276,158.39499999999998,-15.849178083988136,-16.749178083988134,-1.0000000000000957,16.749178083986532
31322,31351,157.08742827386266,stop,31321,157.444,-34.75717261373461,-35.65717261373461,-1.000000000000043,35.65717261373308
31427,31429,156.1585504816889,stop,31426,156.38,-21.24495183111037,-22.14495183111037,-1.0000000000000322,22.14495183110966
31480,31501,156.13309969964408,stop,31479,156.40599999999998,-26.390030035591394,-27.290030035591393,-1.0000000000000113,27.290030035591084
31651,31666,154.8550910841598,stop,31650,155.146,-28.190891584020505,-29.090891584020504,-1.000000000000065,29.090891584018614
31785,31786,152.1039311316095,stop,31784,152.396,-28.306886839050094,-29.206886839050092,-1.0000000000000868,29.206886839047556
31816,31816,152.2834294894021,stop,31815,152.499,-20.657051059791343,-21.55705105979134,-1.000000000000014,21.55705105979104
31825,31864,152.9647793267995,stop,31824,153.195,-22.122067320051997,-23.022067320051995,-1.0000000000000173,23.022067320051594
31925,31926,151.96712522205797,stop,31924,152.15099999999998,-17.487477794202277,-18.387477794202276,-1.000000000000143,18.387477794199643
31947,31948,151.82860098893232,stop,31946,152.03799999999998,-20.03990110676739,-20.939901106767387,-1.0000000000001112,20.939901106765053
32041,32042,149.91232211602744,stop,32040,150.15499999999997,-23.367788397254685,-24.267788397254684,-1.0000000000000695,24.267788397252996
32098,32100,149.56902820583068,stop,32097,149.85299999999998,-27.497179416931772,-28.39717941693177,-1.0000000000000164,28.397179416931305
32120,32144,150.09771483186844,stop,32119,150.44099999999997,-33.428516813154374,-34.32851681315437,-1.0000000000000122,34.32851681315395
32148,32150,150.89805327117372,stop,32147,151.21599999999998,-30.894672882627106,-31.794672882627104,-1.0000000000000115,31.794672882626738
32186,32190,149.58004794058888,stop,32185,149.98,-39.095205941112,-39.995205941112,-1.0000000000000564,39.99520594110974
32293,32294,147.4266156868744,stop,32292,147.77499999999998,-33.93843131255778,-34.83843131255778,-1.0000000000000668,34.83843131255546
32305,32333,147.79781241982334,stop,32304,148.14,-33.31875801766557,-34.21875801766557,-1.0000000000000286,34.21875801766459
32354,32402,149.672,time,32353,148.18099999999998,150.0,149.1,5.620930591573396,26.525856808038668
32431,32431,149.42617690481038,stop,32430,149.67299999999997,-23.782309518961142,-24.68230951896114,-1.0000000000000282,24.682309518960444
32473,32484,148.76934252830574,stop,32472,148.998,-21.96574716942621,-22.865747169426207,-1.0000000000001132,22.865747169423617
32497,32502,149.53802671194114,stop,32496,149.74599999999998,-19.897328805885195,-20.797328805885194,-1.0000000000001266,20.79732880588256
32521,32521,150.74789388468503,stop,32520,150.94,-18.310611531498466,-19.210611531498465,-1.0000000000000575,19.21061153149736
32578,32580,150.7186279206827,stop,32577,150.93699999999998,-20.937207931729063,-21.83720793172906,-1.000000000000057,21.837207931727814
32593,32593,150.75741210470198,stop,32592,150.969,-20.258789529802357,-21.158789529802355,-1.0000000000000364,21.158789529801584
32671,32672,149.55275185945126,stop,32670,149.767,-20.524814054874696,-21.424814054874695,-1.0000000000000338,21.42481405487397
32751,32770,146.94813969970372,stop,32750,147.575,-61.78603002962859,-62.68603002962859,-1.0000000000000175,62.68603002962749
32803,32808,146.72217152948136,stop,32802,147.45499999999998,-72.38284705186402,-73.28284705186402,-1.0000000000000004,73.282847051864
33020,33068,142.578,time,33019,141.617,96.99999999999989,96.09999999999988,3.0983165882611914,31.01684326388745
33076,33079,143.36667638438985,stop,33075,143.652,-27.632361561015273,-28.53236156101527,-1.0000000000000397,28.53236156101414
33152,33158,142.59193278461774,stop,33151,142.814,-21.306721538226725,-22.206721538226724,-1.0000000000000984,22.20672153822454
33170,33171,142.97987409740708,stop,33169,143.208,-21.91259025929355,-22.81259025929355,-1.0000000000000617,22.81259025929214
33193,33193,145.56054864791906,stop,33192,145.879,-30.945135208094143,-31.845135208094142,-1.0000000000000866,31.845135208091385
33294,33342,146.119,time,33293,143.933,219.49999999999932,218.5999999999993,7.682317906999875,28.45495365413324
33481,33481,145.05381648172155,stop,33480,145.279,-21.618351827845572,-22.51835182784557,-1.0000000000000426,22.51835182784461
33606,33606,143.04175007855483,stop,33605,143.26899999999998,-21.824992144516386,-22.724992144516385,-1.0000000000000584,22.724992144515056
33626,33631,144.1168283544831,stop,33625,144.35299999999998,-22.717164551690416,-23.617164551690415,-1.0000000000000124,23.617164551690124
33649,33649,145.79510597660558,stop,33648,146.10399999999998,-29.98940233944154,-30.88940233944154,-1.000000000000035,30.88940233944046
33735,33756,143.52064337842705,stop,33734,143.77999999999997,-25.03566215729336,-25.935662157293358,-1.0000000000000349,25.935662157292455
33798,33846,144.59,time,33797,143.874,72.49999999999943,71.59999999999943,2.72903934114761,26.23633852412342
33876,33876,145.0938534097525,stop,33875,145.289,-18.614659024748903,-19.5146590247489,-1.0000000000001241,19.51465902474648
33923,33926,144.0456512636388,stop,33922,144.362,-30.734873636120597,-31.634873636120595,-1.0000000000000169,31.634873636120062
33937,33941,144.14078335397693,stop,33936,144.38,-23.02166460230808,-23.921664602308077,-1.0000000000000986,23.921664602305718
33961,33961,144.82569328971803,stop,33960,145.06699999999998,-23.23067102819607,-24.13067102819607,-1.0000000000000775,24.130671028194197
33985,33987,145.0817711787821,stop,33984,145.32399999999998,-23.322882121789235,-24.222882121789233,-1.0000000000000142,24.22288212178889
34018,34031,145.24134814099986,stop,34017,145.45,-19.96518590001415,-20.865185900014147,-1.0000000000000198,20.86518590001373
34046,34080,145.5681303755865,stop,34045,145.755,-17.78696244135176,-18.68696244135176,-1.000000000000017,18.68696244135144
34118,34118,145.64565506123958,stop,34117,145.86999999999998,-21.534493876040983,-22.43449387604098,-1.0000000000001228,22.43449387603823
34232,34236,143.67609270760667,stop,34231,143.90699999999998,-22.19072923933254,-23.09072923933254,-1.000000000000082,23.090729239330646
34261,34261,144.7407397811387,stop,34260,145.011,-26.126021886130957,-27.026021886130955,-1.0000000000000127,27.026021886130614
34299,34347,147.103,time,34298,144.825,228.7000000000006,227.8000000000006,14.73329871069753,15.461574795507266
34394,34442,147.61,time,34393,146.779,84.00000000000034,83.10000000000034,4.133070480231602,20.10611732789607
34452,34452,147.7678095664322,stop,34451,147.92299999999997,-14.61904335677957,-15.519043356779571,-1.0000000000001221,15.519043356777676
34465,34465,148.78576837018178,stop,34464,148.98499999999999,-19.02316298182143,-19.923162981821427,-1.000000000000012,19.92316298182119
34631,34637,146.84408086034287,stop,34630,147.065,-21.191913965714093,-22.09191396571409,-1.0000000000001121,22.091913965711612
34659,34660,147.65904724460407,stop,34658,147.84099999999998,-17.29527553959258,-18.19527553959258,-1.0000000000000173,18.195275539592263
34681,34681,148.50625407603036,stop,34680,148.695,-17.974592396964795,-18.874592396964793,-1.000000000000123,18.874592396962473
34717,34722,148.60984746604842,stop,34716,148.85999999999999,-24.115253395157765,-25.015253395157764,-1.0000000000001015,25.015253395155227
34736,34764,149.0946367833764,stop,34735,149.404,-30.036321662362298,-30.936321662362296,-1.0000000000000127,30.936321662361905
34833,34834,147.62274983610197,stop,34832,147.819,-18.725016389802818,-19.625016389802816,-1.000000000000037,19.625016389802088
34882,34899,147.46565939782994,stop,34881,147.718,-24.33406021700648,-25.23406021700648,-1.0000000000000593,25.234060217004988
34908,34935,147.71202801142468,stop,34907,147.875,-15.397198857533567,-16.297198857533566,-1.0000000000000338,16.297198857533015
35029,35047,147.54278335176295,stop,35028,147.73299999999998,-18.12166482370401,-19.021664823704008,-1.0000000000000373,19.021664823703297
35099,35100,147.6759109406942,stop,35098,147.85299999999998,-16.808905930579954,-17.708905930579952,-1.0000000000000995,17.70890593057819
35113,35126,148.30883784692915,stop,35112,148.48399999999998,-16.616215307084303,-17.516215307084302,-1.0000000000000646,17.51621530708317
35189,35190,147.7772325242741,stop,35188,147.951,-16.476747572590966,-17.376747572590965,-1.0000000000001465,17.376747572588418
35282,35330,148.132,time,35281,147.54899999999998,59.200000000001296,58.3000000000013,3.8411544460844547,15.177728679832278
35377,35378,148.10215017294092,stop,35376,148.34599999999998,-23.484982705906532,-24.38498270590653,-1.0000000000000562,24.38498270590516
35425,35436,147.23322223833227,stop,35424,147.432,-18.977776166772742,-19.87777616677274,-1.000000000000079,19.87777616677117
35455,35460,147.58544839871269,stop,35454,147.73299999999998,-13.855160128730404,-14.755160128730404,-1.0000000000000928,14.755160128729033
35570,35618,148.348,time,35569,147.033,132.40000000000123,131.50000000000122,5.550211985979899,23.692788731705473
35669,35717,149.71,time,35668,147.91299999999998,180.60000000000116,179.70000000000115,12.7362171611225,14.109369974354566
35834,35840,147.3262015383803,stop,35833,147.521,-18.579846161969726,-19.479846161969725,-1.000000000000071,19.479846161968343
35857,35905,152.6,time,35856,149.71499999999997,289.40000000000055,288.50000000000057,9.388747798561356,30.728272416073164
35935,35937,152.74866880512872,stop,35934,152.98499999999999,-22.733119487128306,-23.633119487128305,-1.0000000000000246,23.633119487127722
36001,36003,152.28804080412348,stop,36000,152.474,-17.695919587652043,-18.59591958765204,-1.0000000000001095,18.595919587650005
36097,36099,150.71751153023195,stop,36096,150.91699999999997,-19.048846976804157,-19.948846976804155,-1.000000000000089,19.94884697680238
36125,36125,150.86806580152512,stop,36124,151.08599999999998,-20.89341984748785,-21.793419847487847,-1.0000000000000275,21.793419847487247
36169,36217,152.835,time,36168,152.16299999999998,68.10000000000116,67.20000000000115,3.661840080525091,18.351429478691212
36283,36288,152.5517348126833,stop,36282,152.83399999999997,-27.32651873166958,-28.22651873166958,-1.000000000000033,28.226518731668648
36292,36292,152.65354271092832,stop,36291,152.969,-30.645728907168746,-31.545728907168744,-1.0000000000000646,31.54572890716671
36361,36362,154.23221196668663,stop,36360,154.349,-10.778803331336917,-11.678803331336917,-1.0000000000001814,11.6788033313348
36457,36505,154.323,time,36456,153.862,46.999999999999886,46.09999999999989,2.161296002029054,21.329794695738386
36509,36509,154.5883877676266,stop,36508,154.75,-15.261223237340005,-16.161223237340003,-1.000000000000034,16.161223237339453
36580,36628,155.322,time,36579,154.726,60.49999999999898,59.59999999999898,3.4359939973970524,17.34578117573812
36634,36682,156.782,time,36633,155.963,82.8000000000003,81.90000000000029,4.4784765814381355,18.287468631509608
36793,36794,156.30689570509915,stop,36792,156.456,-14.01042949008513,-14.91042949008513,-1.000000000000005,14.910429490085056
36849,36855,155.83139524042966,stop,36848,156.00099999999998,-16.060475957033304,-16.960475957033303,-1.0000000000001434,16.96047595703087
36946,36994,156.77,time,36945,155.48399999999998,129.5000000000016,128.6000000000016,8.009087069263863,16.056761387140412
37109,37157,155.994,time,37108,155.14499999999998,85.80000000000041,84.9000000000004,3.923151624069912,21.64076439949685
37273,37273,156.29321458761802,stop,37272,156.414,-11.178541238197681,-12.078541238197682,-1.0000000000000018,12.07854123819766
