TRADE_ID,DATE,ACTUAL_FUTURES_CONTRACT,SIDE,DECISION_TIMESTAMP,ORDER_ACTIVATION_TIMESTAMP,MODELED_ENTRY,INITIAL_STOP,TRAIL_TYPE,MODELED_FINAL_EXIT_TIMESTAMP,MODELED_FINAL_EXIT,MODELED_GROSS_POINTS,MODELED_NET_POINTS,MODELED_EXIT_REASON,WINDOW_START_UTC,WINDOW_END_UTC,ROLL_CROSS
O01-0000,2020-02-04,NQH0,LONG,2020-02-04 14:40:00+00:00,2020-02-04 14:40:00+00:00,9228.75,9227.0,CHANDELIER_1.0_ATR,2020-02-04 20:55:00+00:00,9340.75,112.0,110.5,EOD,2020-02-04 14:30:00+00:00,2020-02-04 21:05:00+00:00,False
O01-0001,2020-02-05,NQH0,LONG,2020-02-05 14:40:00+00:00,2020-02-05 14:40:00+00:00,9398.0,9397.5,CHANDELIER_1.0_ATR,2020-02-05 14:45:00+00:00,9379.25,-18.75,-20.25,STOP,2020-02-05 14:30:00+00:00,2020-02-05 14:55:00+00:00,False
O01-0002,2020-02-13,NQH0,SHORT,2020-02-13 14:40:00+00:00,2020-02-13 14:40:00+00:00,9567.5,9578.75,CHANDELIER_1.0_ATR,2020-02-13 14:45:00+00:00,9578.75,-11.25,-12.75,STOP,2020-02-13 14:30:00+00:00,2020-02-13 14:55:00+00:00,False
O01-0003,2020-02-24,NQH0,SHORT,2020-02-24 14:40:00+00:00,2020-02-24 14:40:00+00:00,9164.25,9174.0,CHANDELIER_1.0_ATR,2020-02-24 14:45:00+00:00,9177.5,-13.25,-14.75,STOP,2020-02-24 14:30:00+00:00,2020-02-24 14:55:00+00:00,False
O01-0004,2020-03-04,NQH0,LONG,2020-03-04 14:40:00+00:00,2020-03-04 14:40:00+00:00,8700.5,8687.0,CHANDELIER_1.0_ATR,2020-03-04 14:50:00+00:00,8687.0,-13.5,-15.0,STOP,2020-03-04 14:30:00+00:00,2020-03-04 15:00:00+00:00,False
O01-0005,2020-03-05,NQH0,SHORT,2020-03-05 14:40:00+00:00,2020-03-05 14:40:00+00:00,8769.25,8781.75,CHANDELIER_1.0_ATR,2020-03-05 15:15:00+00:00,8781.75,-12.5,-14.0,STOP,2020-03-05 14:30:00+00:00,2020-03-05 15:25:00+00:00,False
O01-0006,2020-03-09,NQH0,SHORT,2020-03-09 13:40:00+00:00,2020-03-09 13:45:00+00:00,7828.75,7973.5,CHANDELIER_1.0_ATR,2020-03-09 13:50:00+00:00,7973.5,-144.75,-146.25,STOP,2020-03-09 13:30:00+00:00,2020-03-09 14:00:00+00:00,False
O01-0007,2020-03-10,NQH0,LONG,2020-03-10 13:40:00+00:00,2020-03-10 13:40:00+00:00,8169.75,8156.25,CHANDELIER_1.0_ATR,2020-03-10 13:45:00+00:00,8156.25,-13.5,-15.0,STOP,2020-03-10 13:30:00+00:00,2020-03-10 13:55:00+00:00,False
O01-0008,2020-03-12,NQH0,SHORT,2020-03-12 13:40:00+00:00,2020-03-12 13:50:00+00:00,7429.5,7520.0,CHANDELIER_1.0_ATR,2020-03-12 13:55:00+00:00,7520.0,-90.5,-92.0,STOP,2020-03-12 13:30:00+00:00,2020-03-12 14:05:00+00:00,False
O01-0009,2020-03-13,NQH0,LONG,2020-03-13 13:40:00+00:00,2020-03-13 13:40:00+00:00,7570.5,7569.0,CHANDELIER_1.0_ATR,2020-03-13 13:45:00+00:00,7566.0,-4.5,-6.0,STOP,2020-03-13 13:30:00+00:00,2020-03-13 13:55:00+00:00,False
O01-0010,2020-03-18,NQM0,SHORT,2020-03-18 13:40:00+00:00,2020-03-18 13:40:00+00:00,7107.0,7183.75,CHANDELIER_1.0_ATR,2020-03-18 13:50:00+00:00,7183.75,-76.75,-78.25,STOP,2020-03-18 13:30:00+00:00,2020-03-18 14:00:00+00:00,False
O01-0011,2020-03-24,NQM0,LONG,2020-03-24 13:40:00+00:00,2020-03-24 13:40:00+00:00,7371.25,7333.75,CHANDELIER_1.0_ATR,2020-03-24 13:45:00+00:00,7333.75,-37.5,-39.0,STOP,2020-03-24 13:30:00+00:00,2020-03-24 13:55:00+00:00,False
O01-0012,2020-04-06,NQM0,LONG,2020-04-06 13:40:00+00:00,2020-04-06 13:40:00+00:00,7764.75,7750.0,CHANDELIER_1.0_ATR,2020-04-06 19:55:00+00:00,8053.5,288.75,287.25,EOD,2020-04-06 13:30:00+00:00,2020-04-06 20:05:00+00:00,False
O01-0013,2020-06-11,NQM0,SHORT,2020-06-11 13:40:00+00:00,2020-06-11 13:40:00+00:00,9890.0,9954.5,CHANDELIER_1.0_ATR,2020-06-11 14:10:00+00:00,9954.5,-64.5,-66.0,STOP,2020-06-11 13:30:00+00:00,2020-06-11 14:20:00+00:00,False
O01-0014,2020-06-12,NQM0,LONG,2020-06-12 13:40:00+00:00,2020-06-12 13:40:00+00:00,9807.0,9776.0,CHANDELIER_1.0_ATR,2020-06-12 14:10:00+00:00,9776.0,-31.0,-32.5,STOP,2020-06-12 13:30:00+00:00,2020-06-12 14:20:00+00:00,False
O01-0015,2020-06-15,NQM0,SHORT,2020-06-15 13:40:00+00:00,2020-06-15 13:40:00+00:00,9554.25,9570.5,CHANDELIER_1.0_ATR,2020-06-15 13:55:00+00:00,9570.5,-16.25,-17.75,STOP,2020-06-15 13:30:00+00:00,2020-06-15 14:05:00+00:00,False
O01-0016,2020-07-06,NQU0,LONG,2020-07-06 13:40:00+00:00,2020-07-06 13:40:00+00:00,10479.75,10470.0,CHANDELIER_1.0_ATR,2020-07-06 19:55:00+00:00,10591.5,111.75,110.25,EOD,2020-07-06 13:30:00+00:00,2020-07-06 20:05:00+00:00,False
O01-0017,2020-07-16,NQU0,SHORT,2020-07-16 13:40:00+00:00,2020-07-16 13:40:00+00:00,10592.25,10599.0,CHANDELIER_1.0_ATR,2020-07-16 17:10:00+00:00,10599.0,-6.75,-8.25,STOP,2020-07-16 13:30:00+00:00,2020-07-16 17:20:00+00:00,False
O01-0018,2020-07-24,NQU0,SHORT,2020-07-24 13:40:00+00:00,2020-07-24 13:40:00+00:00,10336.25,10432.25,CHANDELIER_1.0_ATR,2020-07-24 14:05:00+00:00,10432.25,-96.0,-97.5,STOP,2020-07-24 13:30:00+00:00,2020-07-24 14:15:00+00:00,False
O01-0019,2020-07-30,NQU0,SHORT,2020-07-30 13:40:00+00:00,2020-07-30 13:40:00+00:00,10598.5,10617.5,CHANDELIER_1.0_ATR,2020-07-30 13:45:00+00:00,10617.5,-19.0,-20.5,STOP,2020-07-30 13:30:00+00:00,2020-07-30 13:55:00+00:00,False
O01-0020,2020-08-24,NQU0,LONG,2020-08-24 13:40:00+00:00,2020-08-24 13:40:00+00:00,11714.25,11681.75,CHANDELIER_1.0_ATR,2020-08-24 13:50:00+00:00,11681.75,-32.5,-34.0,STOP,2020-08-24 13:30:00+00:00,2020-08-24 14:00:00+00:00,False
O01-0021,2020-09-02,NQU0,LONG,2020-09-02 13:40:00+00:00,2020-09-02 13:40:00+00:00,12372.25,12368.25,CHANDELIER_1.0_ATR,2020-09-02 13:45:00+00:00,12368.25,-4.0,-5.5,STOP,2020-09-02 13:30:00+00:00,2020-09-02 13:55:00+00:00,False
O01-0022,2020-09-07,NQU0,SHORT,2020-09-07 13:40:00+00:00,2020-09-07 13:40:00+00:00,11476.25,11482.75,CHANDELIER_1.0_ATR,2020-09-07 13:45:00+00:00,11482.75,-6.5,-8.0,STOP,2020-09-07 13:30:00+00:00,2020-09-07 13:55:00+00:00,False
O01-0023,2020-09-09,NQU0,LONG,2020-09-09 13:40:00+00:00,2020-09-09 13:40:00+00:00,11221.5,11207.5,CHANDELIER_1.0_ATR,2020-09-09 13:50:00+00:00,11207.5,-14.0,-15.5,STOP,2020-09-09 13:30:00+00:00,2020-09-09 14:00:00+00:00,False
O01-0024,2020-09-21,NQZ0,SHORT,2020-09-21 13:40:00+00:00,2020-09-21 13:40:00+00:00,10733.75,10812.0,CHANDELIER_1.0_ATR,2020-09-21 13:45:00+00:00,10812.0,-78.25,-79.75,STOP,2020-09-21 13:30:00+00:00,2020-09-21 13:55:00+00:00,False
O01-0025,2020-10-02,NQZ0,SHORT,2020-10-02 13:40:00+00:00,2020-10-02 13:40:00+00:00,11414.25,11420.5,CHANDELIER_1.0_ATR,2020-10-02 13:45:00+00:00,11420.5,-6.25,-7.75,STOP,2020-10-02 13:30:00+00:00,2020-10-02 13:55:00+00:00,False
O01-0026,2020-10-15,NQZ0,SHORT,2020-10-15 13:40:00+00:00,2020-10-15 13:40:00+00:00,11820.0,11839.0,CHANDELIER_1.0_ATR,2020-10-15 13:45:00+00:00,11852.75,-32.75,-34.25,STOP,2020-10-15 13:30:00+00:00,2020-10-15 13:55:00+00:00,False
O01-0027,2020-10-26,NQZ0,SHORT,2020-10-26 13:40:00+00:00,2020-10-26 13:40:00+00:00,11644.5,11649.0,CHANDELIER_1.0_ATR,2020-10-26 13:45:00+00:00,11649.0,-4.5,-6.0,STOP,2020-10-26 13:30:00+00:00,2020-10-26 13:55:00+00:00,False
O01-0028,2020-11-05,NQZ0,LONG,2020-11-05 14:40:00+00:00,2020-11-05 14:40:00+00:00,12044.25,11972.75,CHANDELIER_1.0_ATR,2020-11-05 20:55:00+00:00,12066.5,22.25,20.75,EOD,2020-11-05 14:30:00+00:00,2020-11-05 21:05:00+00:00,False
O01-0029,2020-12-15,NQZ0,LONG,2020-12-15 14:40:00+00:00,2020-12-15 14:40:00+00:00,12559.0,12534.0,CHANDELIER_1.0_ATR,2020-12-15 15:35:00+00:00,12534.0,-25.0,-26.5,STOP,2020-12-15 14:30:00+00:00,2020-12-15 15:45:00+00:00,False
O01-0030,2020-12-28,NQH1,LONG,2020-12-28 14:40:00+00:00,2020-12-28 14:40:00+00:00,12808.25,12788.75,CHANDELIER_1.0_ATR,2020-12-28 14:50:00+00:00,12788.75,-19.5,-21.0,STOP,2020-12-28 14:30:00+00:00,2020-12-28 15:00:00+00:00,False
O01-0031,2021-01-06,NQH1,SHORT,2021-01-06 14:40:00+00:00,2021-01-06 14:40:00+00:00,12616.25,12626.0,CHANDELIER_1.0_ATR,2021-01-06 14:45:00+00:00,12626.0,-9.75,-11.25,STOP,2021-01-06 14:30:00+00:00,2021-01-06 14:55:00+00:00,False
O01-0032,2021-01-25,NQH1,LONG,2021-01-25 14:40:00+00:00,2021-01-25 14:40:00+00:00,13544.5,13496.0,CHANDELIER_1.0_ATR,2021-01-25 15:35:00+00:00,13496.0,-48.5,-50.0,STOP,2021-01-25 14:30:00+00:00,2021-01-25 15:45:00+00:00,False
O01-0033,2021-02-01,NQH1,LONG,2021-02-01 14:40:00+00:00,2021-02-01 14:40:00+00:00,13081.25,13047.25,CHANDELIER_1.0_ATR,2021-02-01 14:45:00+00:00,13047.25,-34.0,-35.5,STOP,2021-02-01 14:30:00+00:00,2021-02-01 14:55:00+00:00,False
O01-0034,2021-02-02,NQH1,LONG,2021-02-02 14:40:00+00:00,2021-02-02 14:40:00+00:00,13390.0,13345.0,CHANDELIER_1.0_ATR,2021-02-02 20:55:00+00:00,13448.5,58.5,57.0,EOD,2021-02-02 14:30:00+00:00,2021-02-02 21:05:00+00:00,False
O01-0035,2021-02-22,NQH1,SHORT,2021-02-22 14:40:00+00:00,2021-02-22 14:40:00+00:00,13404.0,13424.75,CHANDELIER_1.0_ATR,2021-02-22 14:45:00+00:00,13424.75,-20.75,-22.25,STOP,2021-02-22 14:30:00+00:00,2021-02-22 14:55:00+00:00,False
O01-0036,2021-03-01,NQH1,LONG,2021-03-01 14:40:00+00:00,2021-03-01 14:40:00+00:00,13051.75,13040.5,CHANDELIER_1.0_ATR,2021-03-01 20:55:00+00:00,13274.25,222.5,221.0,EOD,2021-03-01 14:30:00+00:00,2021-03-01 21:05:00+00:00,False
O01-0037,2021-03-09,NQH1,LONG,2021-03-09 14:40:00+00:00,2021-03-09 14:40:00+00:00,12633.5,12588.75,CHANDELIER_1.0_ATR,2021-03-09 20:55:00+00:00,12787.0,153.5,152.0,EOD,2021-03-09 14:30:00+00:00,2021-03-09 21:05:00+00:00,False
O01-0038,2021-03-11,NQH1,LONG,2021-03-11 14:40:00+00:00,2021-03-11 14:40:00+00:00,12982.75,12944.0,CHANDELIER_1.0_ATR,2021-03-11 14:45:00+00:00,12939.5,-43.25,-44.75,STOP,2021-03-11 14:30:00+00:00,2021-03-11 14:55:00+00:00,False
O01-0039,2021-03-12,NQH1,SHORT,2021-03-12 14:40:00+00:00,2021-03-12 14:40:00+00:00,12805.5,12873.75,CHANDELIER_1.0_ATR,2021-03-12 14:50:00+00:00,12873.75,-68.25,-69.75,STOP,2021-03-12 14:30:00+00:00,2021-03-12 15:00:00+00:00,False
O01-0040,2021-03-18,NQM1,SHORT,2021-03-18 13:40:00+00:00,2021-03-18 13:40:00+00:00,12998.25,13022.25,CHANDELIER_1.0_ATR,2021-03-18 19:55:00+00:00,12782.0,216.25,214.75,EOD,2021-03-18 13:30:00+00:00,2021-03-18 20:05:00+00:00,False
O01-0041,2021-04-01,NQM1,LONG,2021-04-01 13:40:00+00:00,2021-04-01 13:40:00+00:00,13289.75,13241.75,CHANDELIER_1.0_ATR,2021-04-01 19:55:00+00:00,13314.25,24.5,23.0,EOD,2021-04-01 13:30:00+00:00,2021-04-01 20:05:00+00:00,False
O01-0042,2021-04-29,NQM1,LONG,2021-04-29 13:40:00+00:00,2021-04-29 13:40:00+00:00,14017.0,14011.0,CHANDELIER_1.0_ATR,2021-04-29 13:45:00+00:00,14011.0,-6.0,-7.5,STOP,2021-04-29 13:30:00+00:00,2021-04-29 13:55:00+00:00,False
O01-0043,2021-05-14,NQM1,LONG,2021-05-14 13:40:00+00:00,2021-05-14 13:40:00+00:00,13238.75,13214.0,CHANDELIER_1.0_ATR,2021-05-14 13:50:00+00:00,13214.0,-24.75,-26.25,STOP,2021-05-14 13:30:00+00:00,2021-05-14 14:00:00+00:00,False
O01-0044,2021-05-19,NQM1,SHORT,2021-05-19 13:40:00+00:00,2021-05-19 13:40:00+00:00,13006.75,13048.25,CHANDELIER_1.0_ATR,2021-05-19 13:45:00+00:00,13059.25,-52.5,-54.0,STOP,2021-05-19 13:30:00+00:00,2021-05-19 13:55:00+00:00,False
O01-0045,2021-07-07,NQU1,LONG,2021-07-07 13:40:00+00:00,2021-07-07 13:40:00+00:00,14834.5,14817.5,CHANDELIER_1.0_ATR,2021-07-07 14:00:00+00:00,14817.5,-17.0,-18.5,STOP,2021-07-07 13:30:00+00:00,2021-07-07 14:10:00+00:00,False
O01-0046,2021-09-10,NQU1,LONG,2021-09-10 13:40:00+00:00,2021-09-10 13:40:00+00:00,15661.5,15637.25,CHANDELIER_1.0_ATR,2021-09-10 14:00:00+00:00,15637.25,-24.25,-25.75,STOP,2021-09-10 13:30:00+00:00,2021-09-10 14:10:00+00:00,False
O01-0047,2021-09-13,NQU1,LONG,2021-09-13 13:40:00+00:00,2021-09-13 13:40:00+00:00,15486.0,15485.25,CHANDELIER_1.0_ATR,2021-09-13 13:45:00+00:00,15457.5,-28.5,-30.0,STOP,2021-09-13 13:30:00+00:00,2021-09-13 13:55:00+00:00,False
O01-0048,2021-09-24,NQZ1,SHORT,2021-09-24 13:40:00+00:00,2021-09-24 13:40:00+00:00,15222.75,15242.75,CHANDELIER_1.0_ATR,2021-09-24 13:55:00+00:00,15242.75,-20.0,-21.5,STOP,2021-09-24 13:30:00+00:00,2021-09-24 14:05:00+00:00,False
O01-0049,2021-09-28,NQZ1,SHORT,2021-09-28 13:40:00+00:00,2021-09-28 13:40:00+00:00,14969.75,15029.0,CHANDELIER_1.0_ATR,2021-09-28 19:55:00+00:00,14764.25,205.5,204.0,EOD,2021-09-28 13:30:00+00:00,2021-09-28 20:05:00+00:00,False
O01-0050,2021-10-06,NQZ1,SHORT,2021-10-06 13:40:00+00:00,2021-10-06 13:40:00+00:00,14609.5,14611.75,CHANDELIER_1.0_ATR,2021-10-06 13:45:00+00:00,14630.5,-21.0,-22.5,STOP,2021-10-06 13:30:00+00:00,2021-10-06 13:55:00+00:00,False
O01-0051,2021-10-07,NQZ1,LONG,2021-10-07 13:40:00+00:00,2021-10-07 13:40:00+00:00,14916.75,14859.25,CHANDELIER_1.0_ATR,2021-10-07 19:55:00+00:00,14886.5,-30.25,-31.75,EOD,2021-10-07 13:30:00+00:00,2021-10-07 20:05:00+00:00,False
O01-0052,2021-10-14,NQZ1,LONG,2021-10-14 13:40:00+00:00,2021-10-14 13:40:00+00:00,14912.5,14890.5,CHANDELIER_1.0_ATR,2021-10-14 19:55:00+00:00,15037.0,124.5,123.0,EOD,2021-10-14 13:30:00+00:00,2021-10-14 20:05:00+00:00,False
O01-0053,2021-11-18,NQZ1,LONG,2021-11-18 14:40:00+00:00,2021-11-18 14:40:00+00:00,16382.5,16353.25,CHANDELIER_1.0_ATR,2021-11-18 15:10:00+00:00,16353.25,-29.25,-30.75,STOP,2021-11-18 14:30:00+00:00,2021-11-18 15:20:00+00:00,False
O01-0054,2021-11-26,NQZ1,SHORT,2021-11-26 14:40:00+00:00,2021-11-26 14:40:00+00:00,16261.75,16307.5,CHANDELIER_1.0_ATR,2021-11-26 18:10:00+00:00,16043.5,218.25,216.75,EOD,2021-11-26 14:30:00+00:00,2021-11-26 18:20:00+00:00,False
O01-0055,2021-11-29,NQZ1,LONG,2021-11-29 14:40:00+00:00,2021-11-29 14:40:00+00:00,16261.5,16210.25,CHANDELIER_1.0_ATR,2021-11-29 14:45:00+00:00,16210.25,-51.25,-52.75,STOP,2021-11-29 14:30:00+00:00,2021-11-29 14:55:00+00:00,False
O01-0056,2021-12-01,NQZ1,LONG,2021-12-01 14:40:00+00:00,2021-12-01 14:40:00+00:00,16287.25,16270.5,CHANDELIER_1.0_ATR,2021-12-01 17:55:00+00:00,16270.5,-16.75,-18.25,STOP,2021-12-01 14:30:00+00:00,2021-12-01 18:05:00+00:00,False
O01-0057,2021-12-07,NQZ1,LONG,2021-12-07 14:40:00+00:00,2021-12-07 14:40:00+00:00,16141.5,16119.0,CHANDELIER_1.0_ATR,2021-12-07 20:55:00+00:00,16321.5,180.0,178.5,EOD,2021-12-07 14:30:00+00:00,2021-12-07 21:05:00+00:00,False
O01-0058,2021-12-20,NQH2,SHORT,2021-12-20 14:40:00+00:00,2021-12-20 14:40:00+00:00,15630.25,15635.0,CHANDELIER_1.0_ATR,2021-12-20 14:55:00+00:00,15635.0,-4.75,-6.25,STOP,2021-12-20 14:30:00+00:00,2021-12-20 15:05:00+00:00,False
O01-0059,2022-01-18,NQH2,SHORT,2022-01-18 14:40:00+00:00,2022-01-18 14:40:00+00:00,15294.0,15372.75,CHANDELIER_1.0_ATR,2022-01-18 15:05:00+00:00,15372.75,-78.75,-80.25,STOP,2022-01-18 14:30:00+00:00,2022-01-18 15:15:00+00:00,False
O01-0060,2022-01-26,NQH2,LONG,2022-01-26 14:40:00+00:00,2022-01-26 14:40:00+00:00,14398.5,14383.0,CHANDELIER_1.0_ATR,2022-01-26 14:45:00+00:00,14369.0,-29.5,-31.0,STOP,2022-01-26 14:30:00+00:00,2022-01-26 14:55:00+00:00,False
O01-0061,2022-02-15,NQH2,LONG,2022-02-15 14:40:00+00:00,2022-02-15 14:40:00+00:00,14496.25,14446.5,CHANDELIER_1.0_ATR,2022-02-15 14:50:00+00:00,14446.5,-49.75,-51.25,STOP,2022-02-15 14:30:00+00:00,2022-02-15 15:00:00+00:00,False
O01-0062,2022-02-24,NQH2,SHORT,2022-02-24 14:40:00+00:00,2022-02-24 14:40:00+00:00,13302.75,13305.0,CHANDELIER_1.0_ATR,2022-02-24 14:45:00+00:00,13305.0,-2.25,-3.75,STOP,2022-02-24 14:30:00+00:00,2022-02-24 14:55:00+00:00,False
O01-0063,2022-03-09,NQH2,LONG,2022-03-09 14:40:00+00:00,2022-03-09 14:40:00+00:00,13586.25,13524.75,CHANDELIER_1.0_ATR,2022-03-09 14:50:00+00:00,13524.75,-61.5,-63.0,STOP,2022-03-09 14:30:00+00:00,2022-03-09 15:00:00+00:00,False
O01-0064,2022-03-16,NQM2,LONG,2022-03-16 13:40:00+00:00,2022-03-16 13:40:00+00:00,13680.25,13612.25,CHANDELIER_1.0_ATR,2022-03-16 18:05:00+00:00,13612.25,-68.0,-69.5,STOP,2022-03-16 13:30:00+00:00,2022-03-16 18:15:00+00:00,False
O01-0065,2022-04-21,NQM2,LONG,2022-04-21 13:40:00+00:00,2022-04-21 13:40:00+00:00,14259.75,14164.5,CHANDELIER_1.0_ATR,2022-04-21 14:05:00+00:00,14164.5,-95.25,-96.75,STOP,2022-04-21 13:30:00+00:00,2022-04-21 14:15:00+00:00,False
O01-0066,2022-05-13,NQM2,LONG,2022-05-13 13:40:00+00:00,2022-05-13 13:40:00+00:00,12124.0,12064.75,CHANDELIER_1.0_ATR,2022-05-13 19:55:00+00:00,12384.5,260.5,259.0,EOD,2022-05-13 13:30:00+00:00,2022-05-13 20:05:00+00:00,False
O01-0067,2022-05-20,NQM2,LONG,2022-05-20 13:40:00+00:00,2022-05-20 13:40:00+00:00,11996.5,11945.25,CHANDELIER_1.0_ATR,2022-05-20 14:05:00+00:00,11945.25,-51.25,-52.75,STOP,2022-05-20 13:30:00+00:00,2022-05-20 14:15:00+00:00,False
O01-0068,2022-06-06,NQM2,LONG,2022-06-06 13:40:00+00:00,2022-06-06 13:40:00+00:00,12718.25,12692.25,CHANDELIER_1.0_ATR,2022-06-06 13:45:00+00:00,12692.25,-26.0,-27.5,STOP,2022-06-06 13:30:00+00:00,2022-06-06 13:55:00+00:00,False
O01-0069,2022-06-13,NQM2,SHORT,2022-06-13 13:40:00+00:00,2022-06-13 13:40:00+00:00,11498.75,11575.25,CHANDELIER_1.0_ATR,2022-06-13 19:55:00+00:00,11294.5,204.25,202.75,EOD,2022-06-13 13:30:00+00:00,2022-06-13 20:05:00+00:00,False
O01-0070,2022-06-16,NQU2,SHORT,2022-06-16 13:40:00+00:00,2022-06-16 13:40:00+00:00,11286.25,11349.75,CHANDELIER_1.0_ATR,2022-06-16 19:55:00+00:00,11166.0,120.25,118.75,EOD,2022-06-16 13:30:00+00:00,2022-06-16 20:05:00+00:00,False
O01-0071,2022-07-27,NQU2,LONG,2022-07-27 13:40:00+00:00,2022-07-27 13:40:00+00:00,12344.75,12276.5,CHANDELIER_1.0_ATR,2022-07-27 19:55:00+00:00,12615.5,270.75,269.25,EOD,2022-07-27 13:30:00+00:00,2022-07-27 20:05:00+00:00,False
O01-0072,2022-08-22,NQU2,SHORT,2022-08-22 13:40:00+00:00,2022-08-22 13:40:00+00:00,13033.0,13092.25,CHANDELIER_1.0_ATR,2022-08-22 19:55:00+00:00,12916.25,116.75,115.25,EOD,2022-08-22 13:30:00+00:00,2022-08-22 20:05:00+00:00,False
O01-0073,2022-09-09,NQU2,LONG,2022-09-09 13:40:00+00:00,2022-09-09 13:40:00+00:00,12464.25,12415.5,CHANDELIER_1.0_ATR,2022-09-09 19:55:00+00:00,12589.75,125.5,124.0,EOD,2022-09-09 13:30:00+00:00,2022-09-09 20:05:00+00:00,False
O01-0074,2022-09-27,NQZ2,LONG,2022-09-27 13:40:00+00:00,2022-09-27 13:40:00+00:00,11550.75,11461.0,CHANDELIER_1.0_ATR,2022-09-27 14:00:00+00:00,11461.0,-89.75,-91.25,STOP,2022-09-27 13:30:00+00:00,2022-09-27 14:10:00+00:00,False
O01-0075,2022-10-04,NQZ2,LONG,2022-10-04 13:40:00+00:00,2022-10-04 13:40:00+00:00,11572.0,11514.25,CHANDELIER_1.0_ATR,2022-10-04 19:55:00+00:00,11643.75,71.75,70.25,EOD,2022-10-04 13:30:00+00:00,2022-10-04 20:05:00+00:00,False
O01-0076,2022-12-15,NQH3,SHORT,2022-12-15 14:40:00+00:00,2022-12-15 14:40:00+00:00,11649.5,11715.5,CHANDELIER_1.0_ATR,2022-12-15 20:55:00+00:00,11460.5,189.0,187.5,EOD,2022-12-15 14:30:00+00:00,2022-12-15 21:05:00+00:00,False
O01-0077,2023-01-25,NQH3,SHORT,2023-01-25 14:40:00+00:00,2023-01-25 14:40:00+00:00,11699.0,11712.75,CHANDELIER_1.0_ATR,2023-01-25 16:15:00+00:00,11712.75,-13.75,-15.25,STOP,2023-01-25 14:30:00+00:00,2023-01-25 16:25:00+00:00,False
O01-0078,2023-01-30,NQH3,SHORT,2023-01-30 14:40:00+00:00,2023-01-30 14:40:00+00:00,12094.0,12110.75,CHANDELIER_1.0_ATR,2023-01-30 14:45:00+00:00,12110.75,-16.75,-18.25,STOP,2023-01-30 14:30:00+00:00,2023-01-30 14:55:00+00:00,False
O01-0079,2023-02-09,NQH3,LONG,2023-02-09 14:40:00+00:00,2023-02-09 14:40:00+00:00,12685.0,12666.75,CHANDELIER_1.0_ATR,2023-02-09 14:45:00+00:00,12639.25,-45.75,-47.25,STOP,2023-02-09 14:30:00+00:00,2023-02-09 14:55:00+00:00,False
O01-0080,2023-03-23,NQM3,LONG,2023-03-23 13:40:00+00:00,2023-03-23 13:40:00+00:00,12862.5,12853.5,CHANDELIER_1.0_ATR,2023-03-23 13:45:00+00:00,12853.5,-9.0,-10.5,STOP,2023-03-23 13:30:00+00:00,2023-03-23 13:55:00+00:00,False
O01-0081,2023-03-29,NQM3,LONG,2023-03-29 13:40:00+00:00,2023-03-29 13:40:00+00:00,12906.5,12881.0,CHANDELIER_1.0_ATR,2023-03-29 14:30:00+00:00,12881.0,-25.5,-27.0,STOP,2023-03-29 13:30:00+00:00,2023-03-29 14:40:00+00:00,False
O01-0082,2023-04-20,NQM3,SHORT,2023-04-20 13:40:00+00:00,2023-04-20 13:40:00+00:00,13087.0,13096.75,CHANDELIER_1.0_ATR,2023-04-20 13:45:00+00:00,13109.75,-22.75,-24.25,STOP,2023-04-20 13:30:00+00:00,2023-04-20 13:55:00+00:00,False
O01-0083,2023-06-14,NQU3,LONG,2023-06-14 13:40:00+00:00,2023-06-14 13:40:00+00:00,15069.25,15052.5,CHANDELIER_1.0_ATR,2023-06-14 18:00:00+00:00,15052.5,-16.75,-18.25,STOP,2023-06-14 13:30:00+00:00,2023-06-14 18:10:00+00:00,False
O01-0084,2023-07-13,NQU3,LONG,2023-07-13 13:40:00+00:00,2023-07-13 13:40:00+00:00,15602.25,15552.25,CHANDELIER_1.0_ATR,2023-07-13 19:55:00+00:00,15706.0,103.75,102.25,EOD,2023-07-13 13:30:00+00:00,2023-07-13 20:05:00+00:00,False
O01-0085,2023-07-27,NQU3,LONG,2023-07-27 13:40:00+00:00,2023-07-27 13:40:00+00:00,15875.5,15823.0,CHANDELIER_1.0_ATR,2023-07-27 14:20:00+00:00,15823.0,-52.5,-54.0,STOP,2023-07-27 13:30:00+00:00,2023-07-27 14:30:00+00:00,False
O01-0086,2023-08-22,NQU3,LONG,2023-08-22 13:40:00+00:00,2023-08-22 13:40:00+00:00,15037.0,15032.25,CHANDELIER_1.0_ATR,2023-08-22 13:50:00+00:00,15032.25,-4.75,-6.25,STOP,2023-08-22 13:30:00+00:00,2023-08-22 14:00:00+00:00,False
O01-0087,2023-09-26,NQZ3,SHORT,2023-09-26 13:40:00+00:00,2023-09-26 13:40:00+00:00,14837.5,14846.25,CHANDELIER_1.0_ATR,2023-09-26 19:55:00+00:00,14708.75,128.75,127.25,EOD,2023-09-26 13:30:00+00:00,2023-09-26 20:05:00+00:00,False
O01-0088,2023-09-29,NQZ3,LONG,2023-09-29 13:40:00+00:00,2023-09-29 13:40:00+00:00,14997.0,14982.5,CHANDELIER_1.0_ATR,2023-09-29 14:20:00+00:00,14982.5,-14.5,-16.0,STOP,2023-09-29 13:30:00+00:00,2023-09-29 14:30:00+00:00,False
O01-0089,2023-10-25,NQZ3,SHORT,2023-10-25 13:40:00+00:00,2023-10-25 13:40:00+00:00,14660.0,14749.25,CHANDELIER_1.0_ATR,2023-10-25 19:55:00+00:00,14476.25,183.75,182.25,EOD,2023-10-25 13:30:00+00:00,2023-10-25 20:05:00+00:00,False
O01-0090,2023-12-13,NQH4,LONG,2023-12-13 14:40:00+00:00,2023-12-13 14:40:00+00:00,16640.5,16606.0,CHANDELIER_1.0_ATR,2023-12-13 14:55:00+00:00,16606.0,-34.5,-36.0,STOP,2023-12-13 14:30:00+00:00,2023-12-13 15:05:00+00:00,False
O01-0091,2024-01-19,NQH4,LONG,2024-01-19 14:40:00+00:00,2024-01-19 14:40:00+00:00,17190.0,17166.25,CHANDELIER_1.0_ATR,2024-01-19 20:55:00+00:00,17442.5,252.5,251.0,EOD,2024-01-19 14:30:00+00:00,2024-01-19 21:05:00+00:00,False
O01-0092,2024-01-24,NQH4,LONG,2024-01-24 14:40:00+00:00,2024-01-24 14:40:00+00:00,17638.75,17637.5,CHANDELIER_1.0_ATR,2024-01-24 19:20:00+00:00,17637.5,-1.25,-2.75,STOP,2024-01-24 14:30:00+00:00,2024-01-24 19:30:00+00:00,False
O01-0093,2024-02-22,NQH4,LONG,2024-02-22 14:40:00+00:00,2024-02-22 14:40:00+00:00,17893.0,17864.0,CHANDELIER_1.0_ATR,2024-02-22 20:55:00+00:00,18044.75,151.75,150.25,EOD,2024-02-22 14:30:00+00:00,2024-02-22 21:05:00+00:00,False
O01-0094,2024-03-13,NQM4,LONG,2024-03-13 13:40:00+00:00,2024-03-13 13:40:00+00:00,18390.25,18377.5,CHANDELIER_1.0_ATR,2024-03-13 13:45:00+00:00,18370.5,-19.75,-21.25,STOP,2024-03-13 13:30:00+00:00,2024-03-13 13:55:00+00:00,False
O01-0095,2024-04-15,NQM4,LONG,2024-04-15 13:40:00+00:00,2024-04-15 13:40:00+00:00,18291.25,18260.75,CHANDELIER_1.0_ATR,2024-04-15 14:05:00+00:00,18260.75,-30.5,-32.0,STOP,2024-04-15 13:30:00+00:00,2024-04-15 14:15:00+00:00,False
O01-0096,2024-05-02,NQM4,LONG,2024-05-02 13:40:00+00:00,2024-05-02 13:40:00+00:00,17531.0,17518.0,CHANDELIER_1.0_ATR,2024-05-02 13:45:00+00:00,17518.0,-13.0,-14.5,STOP,2024-05-02 13:30:00+00:00,2024-05-02 13:55:00+00:00,False
O01-0097,2024-06-19,NQU4,LONG,2024-06-19 13:40:00+00:00,2024-06-19 13:40:00+00:00,20241.75,20235.25,CHANDELIER_1.0_ATR,2024-06-19 14:25:00+00:00,20235.25,-6.5,-8.0,STOP,2024-06-19 13:30:00+00:00,2024-06-19 14:35:00+00:00,False
O01-0098,2024-07-17,NQU4,SHORT,2024-07-17 13:40:00+00:00,2024-07-17 13:40:00+00:00,20237.25,20281.5,CHANDELIER_1.0_ATR,2024-07-17 19:55:00+00:00,19992.0,245.25,243.75,EOD,2024-07-17 13:30:00+00:00,2024-07-17 20:05:00+00:00,False
O01-0099,2024-07-26,NQU4,LONG,2024-07-26 13:40:00+00:00,2024-07-26 13:40:00+00:00,19130.25,19088.25,CHANDELIER_1.0_ATR,2024-07-26 13:45:00+00:00,19088.25,-42.0,-43.5,STOP,2024-07-26 13:30:00+00:00,2024-07-26 13:55:00+00:00,False
O01-0100,2024-07-31,NQU4,LONG,2024-07-31 13:40:00+00:00,2024-07-31 13:40:00+00:00,19361.75,19310.75,CHANDELIER_1.0_ATR,2024-07-31 19:55:00+00:00,19496.5,134.75,133.25,EOD,2024-07-31 13:30:00+00:00,2024-07-31 20:05:00+00:00,False
O01-0101,2024-09-09,NQU4,LONG,2024-09-09 13:40:00+00:00,2024-09-09 13:40:00+00:00,18659.25,18604.75,CHANDELIER_1.0_ATR,2024-09-09 14:30:00+00:00,18604.75,-54.5,-56.0,STOP,2024-09-09 13:30:00+00:00,2024-09-09 14:40:00+00:00,False
O01-0102,2024-09-17,NQU4,LONG,2024-09-17 13:40:00+00:00,2024-09-17 13:40:00+00:00,19545.0,19522.5,CHANDELIER_1.0_ATR,2024-09-17 13:45:00+00:00,19522.5,-22.5,-24.0,STOP,2024-09-17 13:30:00+00:00,2024-09-17 13:55:00+00:00,False
O01-0103,2024-09-18,NQZ4,LONG,2024-09-18 13:40:00+00:00,2024-09-18 13:40:00+00:00,19679.25,19669.25,CHANDELIER_1.0_ATR,2024-09-18 13:50:00+00:00,19669.25,-10.0,-11.5,STOP,2024-09-18 13:30:00+00:00,2024-09-18 14:00:00+00:00,False
O01-0104,2024-09-19,NQZ4,LONG,2024-09-19 13:40:00+00:00,2024-09-19 13:40:00+00:00,20050.75,20003.75,CHANDELIER_1.0_ATR,2024-09-19 13:50:00+00:00,20003.75,-47.0,-48.5,STOP,2024-09-19 13:30:00+00:00,2024-09-19 14:00:00+00:00,False
O01-0105,2024-09-26,NQZ4,LONG,2024-09-26 13:40:00+00:00,2024-09-26 13:40:00+00:00,20445.5,20424.0,CHANDELIER_1.0_ATR,2024-09-26 13:45:00+00:00,20424.0,-21.5,-23.0,STOP,2024-09-26 13:30:00+00:00,2024-09-26 13:55:00+00:00,False
O01-0106,2024-10-17,NQZ4,LONG,2024-10-17 13:40:00+00:00,2024-10-17 13:40:00+00:00,20433.0,20402.75,CHANDELIER_1.0_ATR,2024-10-17 14:00:00+00:00,20402.75,-30.25,-31.75,STOP,2024-10-17 13:30:00+00:00,2024-10-17 14:10:00+00:00,False
O01-0107,2024-10-24,NQZ4,LONG,2024-10-24 13:40:00+00:00,2024-10-24 13:40:00+00:00,20348.25,20311.75,CHANDELIER_1.0_ATR,2024-10-24 13:45:00+00:00,20311.75,-36.5,-38.0,STOP,2024-10-24 13:30:00+00:00,2024-10-24 13:55:00+00:00,False
O01-0108,2024-11-06,NQZ4,LONG,2024-11-06 14:40:00+00:00,2024-11-06 14:40:00+00:00,20793.0,20670.0,CHANDELIER_1.0_ATR,2024-11-06 14:45:00+00:00,20670.0,-123.0,-124.5,STOP,2024-11-06 14:30:00+00:00,2024-11-06 14:55:00+00:00,False
O01-0109,2024-11-15,NQZ4,SHORT,2024-11-15 14:40:00+00:00,2024-11-15 14:40:00+00:00,20699.5,20773.75,CHANDELIER_1.0_ATR,2024-11-15 20:55:00+00:00,20491.75,207.75,206.25,EOD,2024-11-15 14:30:00+00:00,2024-11-15 21:05:00+00:00,False
O01-0110,2024-12-19,NQH5,LONG,2024-12-19 14:40:00+00:00,2024-12-19 14:40:00+00:00,21611.75,21568.0,CHANDELIER_1.0_ATR,2024-12-19 14:50:00+00:00,21568.0,-43.75,-45.25,STOP,2024-12-19 14:30:00+00:00,2024-12-19 15:00:00+00:00,False
O01-0111,2025-01-13,NQH5,SHORT,2025-01-13 14:40:00+00:00,2025-01-13 14:40:00+00:00,20725.25,20785.5,CHANDELIER_1.0_ATR,2025-01-13 14:50:00+00:00,20785.5,-60.25,-61.75,STOP,2025-01-13 14:30:00+00:00,2025-01-13 15:00:00+00:00,False
O01-0112,2025-02-03,NQH5,SHORT,2025-02-03 14:40:00+00:00,2025-02-03 14:40:00+00:00,21307.0,21314.5,CHANDELIER_1.0_ATR,2025-02-03 15:20:00+00:00,21314.5,-7.5,-9.0,STOP,2025-02-03 14:30:00+00:00,2025-02-03 15:30:00+00:00,False
O01-0113,2025-02-27,NQH5,LONG,2025-02-27 14:40:00+00:00,2025-02-27 14:40:00+00:00,21308.0,21301.25,CHANDELIER_1.0_ATR,2025-02-27 14:45:00+00:00,21192.25,-115.75,-117.25,STOP,2025-02-27 14:30:00+00:00,2025-02-27 14:55:00+00:00,False
O01-0114,2025-04-10,NQM5,SHORT,2025-04-10 13:40:00+00:00,2025-04-10 13:40:00+00:00,18796.25,18871.5,CHANDELIER_1.0_ATR,2025-04-10 19:55:00+00:00,18483.0,313.25,311.75,EOD,2025-04-10 13:30:00+00:00,2025-04-10 20:05:00+00:00,False
O01-0115,2025-04-22,NQM5,LONG,2025-04-22 13:40:00+00:00,2025-04-22 13:40:00+00:00,18152.75,18100.5,CHANDELIER_1.0_ATR,2025-04-22 19:55:00+00:00,18380.0,227.25,225.75,EOD,2025-04-22 13:30:00+00:00,2025-04-22 20:05:00+00:00,False
O01-0116,2025-05-01,NQM5,LONG,2025-05-01 13:40:00+00:00,2025-05-01 13:40:00+00:00,19910.75,19903.0,CHANDELIER_1.0_ATR,2025-05-01 13:55:00+00:00,19903.0,-7.75,-9.25,STOP,2025-05-01 13:30:00+00:00,2025-05-01 14:05:00+00:00,False
O01-0117,2025-05-12,NQM5,LONG,2025-05-12 13:40:00+00:00,2025-05-12 13:40:00+00:00,20786.75,20766.75,CHANDELIER_1.0_ATR,2025-05-12 13:45:00+00:00,20766.75,-20.0,-21.5,STOP,2025-05-12 13:30:00+00:00,2025-05-12 13:55:00+00:00,False
O01-0118,2025-05-19,NQM5,SHORT,2025-05-19 13:40:00+00:00,2025-05-19 13:40:00+00:00,21304.5,21312.0,CHANDELIER_1.0_ATR,2025-05-19 13:45:00+00:00,21332.25,-27.75,-29.25,STOP,2025-05-19 13:30:00+00:00,2025-05-19 13:55:00+00:00,False
O01-0119,2025-05-26,NQM5,LONG,2025-05-26 13:40:00+00:00,2025-05-26 13:40:00+00:00,21298.5,21258.75,CHANDELIER_1.0_ATR,2025-05-26 14:30:00+00:00,21258.75,-39.75,-41.25,STOP,2025-05-26 13:30:00+00:00,2025-05-26 14:40:00+00:00,False
O01-0120,2025-06-13,NQM5,SHORT,2025-06-13 13:40:00+00:00,2025-06-13 13:40:00+00:00,21782.75,21788.0,CHANDELIER_1.0_ATR,2025-06-13 13:50:00+00:00,21788.0,-5.25,-6.75,STOP,2025-06-13 13:30:00+00:00,2025-06-13 14:00:00+00:00,False
O01-0121,2025-06-18,NQU5,LONG,2025-06-18 13:40:00+00:00,2025-06-18 13:40:00+00:00,21962.5,21926.25,CHANDELIER_1.0_ATR,2025-06-18 18:55:00+00:00,21926.25,-36.25,-37.75,STOP,2025-06-18 13:30:00+00:00,2025-06-18 19:05:00+00:00,False
O01-0122,2025-06-24,NQU5,LONG,2025-06-24 13:40:00+00:00,2025-06-24 13:40:00+00:00,22301.0,22260.0,CHANDELIER_1.0_ATR,2025-06-24 19:55:00+00:00,22405.5,104.5,103.0,EOD,2025-06-24 13:30:00+00:00,2025-06-24 20:05:00+00:00,False
O01-0123,2025-07-04,NQU5,SHORT,2025-07-04 13:40:00+00:00,2025-07-04 13:40:00+00:00,22897.0,22924.0,CHANDELIER_1.0_ATR,2025-07-04 13:45:00+00:00,22924.25,-27.25,-28.75,STOP,2025-07-04 13:30:00+00:00,2025-07-04 13:55:00+00:00,False
O01-0124,2025-07-29,NQU5,LONG,2025-07-29 13:40:00+00:00,2025-07-29 13:40:00+00:00,23646.0,23592.0,CHANDELIER_1.0_ATR,2025-07-29 13:45:00+00:00,23592.0,-54.0,-55.5,STOP,2025-07-29 13:30:00+00:00,2025-07-29 13:55:00+00:00,False
O01-0125,2025-08-01,NQU5,SHORT,2025-08-01 13:40:00+00:00,2025-08-01 13:40:00+00:00,22991.25,23095.75,CHANDELIER_1.0_ATR,2025-08-01 16:00:00+00:00,23026.5,-35.25,-36.75,TRAIL,2025-08-01 13:30:00+00:00,2025-08-01 16:10:00+00:00,False
O01-0126,2025-08-04,NQU5,LONG,2025-08-04 13:40:00+00:00,2025-08-04 13:40:00+00:00,23159.0,23088.75,CHANDELIER_1.0_ATR,2025-08-04 19:55:00+00:00,23296.75,137.75,136.25,EOD,2025-08-04 13:30:00+00:00,2025-08-04 20:05:00+00:00,False
O01-0127,2025-09-18,NQZ5,LONG,2025-09-18 13:40:00+00:00,2025-09-18 13:40:00+00:00,24668.5,24653.75,CHANDELIER_1.0_ATR,2025-09-18 13:45:00+00:00,24624.75,-43.75,-45.25,STOP,2025-09-18 13:30:00+00:00,2025-09-18 13:55:00+00:00,False
O01-0128,2025-10-13,NQZ5,LONG,2025-10-13 13:40:00+00:00,2025-10-13 13:40:00+00:00,24758.25,24724.5,CHANDELIER_1.0_ATR,2025-10-13 19:55:00+00:00,24920.5,162.25,160.75,EOD,2025-10-13 13:30:00+00:00,2025-10-13 20:05:00+00:00,False
O01-0129,2025-10-14,NQZ5,SHORT,2025-10-14 13:40:00+00:00,2025-10-14 13:40:00+00:00,24509.25,24641.5,CHANDELIER_1.0_ATR,2025-10-14 14:20:00+00:00,24641.5,-132.25,-133.75,STOP,2025-10-14 13:30:00+00:00,2025-10-14 14:30:00+00:00,False
O01-0130,2025-10-15,NQZ5,LONG,2025-10-15 13:40:00+00:00,2025-10-15 13:40:00+00:00,24935.0,24926.75,CHANDELIER_1.0_ATR,2025-10-15 13:45:00+00:00,24926.75,-8.25,-9.75,STOP,2025-10-15 13:30:00+00:00,2025-10-15 13:55:00+00:00,False
O01-0131,2025-11-04,NQZ5,SHORT,2025-11-04 14:40:00+00:00,2025-11-04 14:40:00+00:00,25688.75,25756.5,CHANDELIER_1.0_ATR,2025-11-04 14:45:00+00:00,25774.75,-86.0,-87.5,STOP,2025-11-04 14:30:00+00:00,2025-11-04 14:55:00+00:00,False
O01-0132,2025-11-10,NQZ5,LONG,2025-11-10 14:40:00+00:00,2025-11-10 14:40:00+00:00,25611.25,25525.25,CHANDELIER_1.0_ATR,2025-11-10 15:55:00+00:00,25525.25,-86.0,-87.5,STOP,2025-11-10 14:30:00+00:00,2025-11-10 16:05:00+00:00,False
